target,prediction,score
0,0,0.0007433068501674537
0,0,0.0010180180557374768
0,0,0.0006977561882893291
0,0,0.0012034788518814276
0,0,0.02627989046586987
0,0,8.582523799851418e-05
0,0,0.06607802767415195
1,0,0.36527279491125036
0,0,0.0003338655304100053
0,0,7.099236144661987e-05
0,0,0.00013981961647331533
0,0,0.000282557173497821
0,0,0.0008770258334980368
1,1,0.9877082320538015
0,0,0.30247054349221686
0,0,0.11818058521300824
0,0,0.00023565166792648135
1,1,0.9999767487140341
0,0,0.00010435489304027389
0,0,0.00043416784173221144
1,1,0.9999890764396928
0,0,1.022462338489487e-05
0,0,3.8228360618693694e-05
0,0,0.0012447914446452133
0,0,0.0004739681646416926
0,0,0.005196133494949537
0,0,0.004671557886403445
0,0,0.0006832464913324027
0,0,0.02816135823709242
1,1,0.9999950227358705
0,0,0.11651585926149417
0,0,0.003401918401993061
0,0,0.13641600348908622
0,0,8.72845711541273e-05
0,0,0.0005664006427045883
0,0,2.0544621163116805e-05
0,0,0.051177104411560786
0,0,0.056221142757844844
0,0,0.054298276918689395
0,0,0.0005892885239147039
0,0,0.0004703089555308385
0,0,0.012979892199158325
0,0,0.42347899677547757
0,0,0.0045551620309527965
0,0,7.246901845884727e-05
0,0,0.45238053594783023
0,0,0.019219997691657345
0,0,0.03137031803624694
1,1,0.9946384562047128
0,0,0.0003249244987048267
1,0,0.40795813244977575
0,0,0.0009894474034193384
0,0,0.20298366310049426
0,0,0.0008086385940847307
0,0,0.11748597808865328
0,0,0.03606529674499236
0,0,0.04230175584018912
1,0,0.31562427704690366
0,0,0.00032393102129205743
0,0,0.018957243535827558
0,0,5.342291979075792e-05
0,0,3.548793417905244e-05
0,0,0.017542226424771448
0,0,0.23069522812069734
0,0,0.047378591851883506
0,0,0.00015827560815569687
0,0,0.0006423809215932064
0,0,0.05677064829287639
0,0,0.0074934126619190106
0,0,0.0006092744511296645
0,0,0.08979448193457312
0,0,1.1103607023322731e-05
0,0,0.00019550501637842068
0,0,0.00016320744247857888
0,0,0.17660649681147286
0,0,4.871648909136326e-05
0,0,0.00013691605342864264
0,0,0.13143858163946515
0,0,0.020153220739443155
0,0,0.0002826472567842457
0,0,0.00013880628338165
0,0,0.03061174484465576
0,0,0.0006560101236444209
0,0,0.026158179888638666
0,0,6.630027642340703e-05
0,0,0.000738392756364326
0,0,0.00019758126441765718
0,0,0.00018580782862835055
0,0,0.00018106663732395096
0,0,0.16020722265410442
0,0,0.00026923234760538957
0,0,0.0002888329717905453
0,0,0.035581013479417216
0,0,0.008543658050098058
0,0,0.00012257323809495213
0,0,0.00012027169762088184
0,0,8.315900047656179e-05
0,0,0.0004920572651382507
0,0,9.138003151694581e-05
0,0,0.0038702547236146335
0,0,0.0005985133976357474
0,0,0.00030323065688875664
0,0,0.13123957145542697
0,0,8.051068316125679e-05
0,0,0.00015931039059392875
0,0,0.00017847623305546507
0,0,0.20041942197299725
0,0,0.0005877038661912759
0,0,0.001201735327526826
0,0,0.0003325571234036406
0,0,3.156701880919168e-05
0,0,2.2560314398715074e-05
0,0,0.004482854692267314
0,0,0.00013940277499392248
0,0,0.0001855384275102595
0,0,0.000540807091542281
0,0,0.07522844025615562
0,0,0.0003402999160029532
0,0,0.001061928738781783
0,0,0.10420927066665614
0,0,0.0005564708004901415
0,0,0.00021332432998515553
0,0,9.788999312095736e-05
0,0,0.053584128765162685
0,0,0.00011530344587730325
1,1,0.9988757567092242
1,0,0.18435724628202574
0,0,0.08308485526981294
0,0,0.0001136447067221277
0,0,0.003267102711513713
0,0,3.1689572809517e-05
0,0,1.022462338489487e-05
0,0,0.0006031356180721212
0,0,0.0001370980322143792
0,0,0.0116471925897906
0,0,0.049735811191289066
0,0,0.000530830056555778
1,0,0.06285797135769204
0,0,0.005594878717154096
0,0,0.0012013453578021782
0,0,0.0006210605678711765
0,0,0.0036982973456177676
0,0,0.3233658007917805
0,0,0.0003638537867075223
0,0,0.001146812487162814
0,0,3.6825263710397554e-05
0,0,0.04409502908304427
0,0,2.350019667229504e-05
0,0,0.00032626547834180487
0,0,0.1071743820499175
0,0,4.4562699184407147e-05
0,0,0.0002309837950831153
0,0,0.001868483985596865
0,0,0.009810190471959605
0,0,3.009183866750731e-05
0,0,0.0005751528900596092
0,0,0.0006239327561881732
0,0,0.0012546141367811743
0,0,0.0017361745225055111
0,0,0.00045669518064949804
0,0,0.12763436384494029
0,0,0.00041972775030787773
0,0,0.06598070906118403
0,0,8.154478478604857e-05
0,0,0.0047727778555252945
0,0,3.447581526928164e-05
0,0,2.3738205848465567e-05
0,0,0.0004136166067637656
0,0,2.550357070127373e-05
0,0,0.0008750560252973929
0,0,7.713007683544949e-05
0,0,0.00388995817473217
0,0,8.154773447467457e-05
0,0,0.00023836746254894266
0,0,0.04807186735868279
0,0,0.0014149622998784876
0,0,1.3696052649545374e-05
0,0,0.0016194691233243658
0,0,0.007447477030484825
0,0,0.002973692425475196
0,0,0.0007443141086483764
0,1,0.6203666084915981
0,0,0.0003431251862605751
1,0,0.05911556327328262
0,0,0.03970508079764276
0,0,2.9866535974378766e-05
0,0,0.0005847087226657365
1,1,0.9994057990397627
0,0,0.0002560305304787409
0,0,0.00019290514434109243
0,0,0.00016235849578145458
0,0,0.010081682883746392
0,0,0.06022226088362558
0,0,0.029915092784338754
0,0,0.00010498348583696625
0,0,2.2606649818991297e-05
0,0,0.005079170414117719
0,0,0.00019125619502798457
1,0,0.03455782790197897
0,0,0.00010880756977835461
0,0,0.0027782440567979756
0,0,0.0002138041013019136
0,0,1.1787576015972171e-05
1,1,0.9990942079230186
0,0,0.04492004876192715
0,0,0.0004263305577153838
0,0,0.0001304618163934637
0,0,0.00011132549415515973
0,0,0.046456027727445816
0,0,2.9232297800071435e-05
0,0,0.00029988708738403613
0,0,0.0006554240153995828
0,0,1.1154327675915514e-05
0,0,0.13198256181017737
0,0,0.04750452122071477
0,0,0.000554247012923801
0,0,0.00020846290039552783
0,0,0.14144899165817332
0,0,0.00026552348714767976
0,0,6.469765247069918e-05
0,0,0.000486035873221027
0,0,0.022941502309611297
0,0,7.79815736694822e-05
0,0,0.031040865643005764
0,0,0.0006619850467760477
0,0,0.03894300180735386
0,0,0.037550731644231235
1,1,0.998070073231599
0,0,3.828810897933186e-05
0,0,0.0004144359524556695
0,0,0.0008374835362324313
1,1,0.999677142434403
1,0,0.34089039211173827
0,0,8.885117904385177e-05
0,0,0.0005776509717805691
1,0,0.02850139804708034
0,0,4.006292316122309e-05
0,0,0.34628342223238273
0,0,0.10936452119683189
0,0,0.00035802418466197145
0,0,0.01068630333770287
0,0,0.0030264640969804193
0,0,0.002330787897065636
0,0,0.00019223980324457982
0,0,0.0001068633205499735
0,0,0.0004249598228848915
0,0,0.0001682477693797185
0,0,0.00016976256613242493
0,0,0.0003207792343316398
0,0,0.00013429418643160922
0,0,0.0001777134993203244
0,0,0.061350889895691395
0,0,7.3229339576829636e-06
0,0,9.145852366225664e-06
0,0,8.536990320450575e-05
0,0,0.00030510505046198085
0,0,0.010289561135230198
0,0,0.010976080978246034
0,0,0.0007722871540431954
1,1,0.9995468378838511
0,0,0.003160805800321054
0,0,0.00023003799114038382
0,0,3.584378889780436e-05
0,0,8.215016688223529e-05
0,0,0.16162525762261867
0,0,0.010998943305607276
0,0,0.0010907392953648848
0,0,0.0001404418707243567
0,0,7.185210721987519e-05
0,0,0.0005888266331930723
0,0,0.0004159689318547276
1,1,0.9999520701906321
0,0,0.00011701342309390312
0,0,0.001644774612670714
0,0,1.95986169835773e-05
0,0,1.95986169835773e-05
0,0,0.00035747984953686193
1,1,0.998536898026909
0,0,0.000253797355958467
0,0,0.00038376161376892836
1,1,0.9982378749163847
0,0,0.0003854878792114815
0,0,6.831537476765854e-05
1,0,0.13950245705460815
1,1,0.9994484656983826
0,0,0.004999485184623966
0,1,0.6303648738526786
0,0,5.350963998508697e-05
0,0,1.2845508207751945e-05
0,0,2.684493691912875e-05
0,0,0.0001444210909587823
1,1,0.9973419945012443
1,1,0.9971563786322405
0,0,0.0018737593636206494
0,0,0.00040305649996106197
0,0,0.0004968843763665186
0,0,0.0003829347166709732
0,0,0.031716436503799156
0,0,0.023096984976903063
0,0,0.00041925888759426164
0,0,2.586534017955519e-05
1,0,0.06012519183777993
0,0,0.04778725970961072
0,0,0.0893569686225365
1,1,0.9986727641530629
0,0,0.01794382861340686
0,0,0.0006359632253100161
0,0,0.0003367928431951112
0,0,0.0013803174429024598
0,0,0.0005010474664514011
0,0,0.008195083222451677
0,0,0.21873305123110973
0,0,0.0014551511967230218
0,0,0.0007470218105841945
0,0,5.057294087467685e-05
0,0,0.001122215306101866
0,0,0.0003933735605540502
0,0,0.03230899327425197
0,0,0.01508192023606806
0,0,0.00015449374989096057
0,0,0.00019430057575256992
0,0,0.00010462848580382614
0,0,0.0008787827470322303
0,0,0.06228946013008424
0,0,0.003569911315463914
0,0,0.00022791900329676264
0,0,0.00547879311493356
0,0,1.574575098380114e-05
0,0,0.0002506415289762084
0,0,0.0013899195344408534
0,0,0.013128073152162368
0,0,0.001916455334706716
0,0,0.15371772969102718
1,1,0.9986793387685332
1,0,0.09184264569568625
0,0,0.00012411584609840109
0,0,0.0003132251694388722
0,0,0.020052662994787838
0,0,0.0006678818975426578
0,0,0.017288613916667885
0,0,0.00011999739685719119
0,0,4.970066345848908e-05
1,0,0.20268169686360113
0,0,6.659496447491223e-05
1,1,0.9999825454360315
0,0,6.072585513821108e-06
0,0,0.0001399599372385724
0,0,3.0311600593265545e-05
0,0,0.33241921722497325
0,0,0.00013743341991038444
0,0,0.00019983341380720116
0,0,0.0003742932552995301
0,0,0.39856960115195467
0,0,0.0017492843829654818
0,0,0.00011183919475542287
0,0,5.8517124009617254e-05
0,0,0.0021956735994527986
0,0,0.0005950243378333995
0,0,0.0007881083150138755
0,0,0.0006733104347444626
0,0,3.7769695254777304e-05
0,0,5.017807412587395e-05
0,0,0.01801208888299662
0,0,0.017861903246782603
0,0,0.266481415588628
0,0,0.02945762186513115
0,0,0.015317061041142372
0,0,0.06349802068187424
0,0,0.0001614111175785341
0,0,0.036949889075948726
0,0,0.10199477068880519
0,0,0.09351288405870122
0,0,0.0008569280538818348
0,0,0.00023462309479097354
0,0,4.8486788875704726e-05
0,0,5.210405844448606e-05
0,0,0.0006872508117777117
1,1,0.9985763887317574
0,0,9.074349281443746e-05
0,0,0.0028156072968556966
0,0,0.040723763046596105
0,0,0.0025648483460342353
0,0,0.0001901241375144324
0,0,0.00039282497483388045
0,0,0.00017855372206117062
1,1,0.9999942860166288
0,0,0.03847083464806173
0,0,0.0512468412215226
0,0,0.10223112825709747
0,0,0.0001755519849093881
0,0,0.00111912252259098
0,0,0.0008983985253171507
0,0,0.015852276642110055
0,0,0.00012020341703617533
0,0,0.15865315106773412
0,0,1.1078202180044384e-05
0,0,1.558792796340394e-05
0,0,0.06997506562975177
0,0,0.0013301764288789284
0,0,0.0015368609129646558
0,0,0.0002751298935908367
0,0,0.0023839290839795238
0,0,0.00040465409965724497
0,0,0.04643238155514794
0,0,9.023973432784762e-05
0,0,0.007928024733398195
0,0,4.3506552984910616e-05
0,0,0.04334372074107325
0,0,0.0034517108117034304
0,0,3.43574257896292e-05
0,0,0.0006810346279746675
0,0,0.010668787656125833
0,0,0.0006449037196413288
0,0,0.09956906022063956
0,0,0.0003441103830490886
0,0,4.470084191172291e-05
0,0,2.0272111227322568e-05
0,0,7.008787855076492e-05
0,0,0.009216128094413887
0,0,0.019160569316981405
0,0,0.014595586821335561
0,0,0.0002090305650299398
0,0,0.026806922254887865
0,0,0.031164743966744537
0,0,0.001520338503781919
0,0,0.0027873598183139722
0,0,9.42878127530889e-05
0,0,0.0014123585648040265
0,0,0.00047983527994144575
1,1,0.9999803867436245
0,0,0.0013031065526738547
0,0,0.0006274299254332682
0,0,7.273355479374227e-05
0,0,0.003344851125352077
0,0,5.799309217833212e-05
0,0,0.00042019034811403703
0,0,0.0005003919145441133
0,0,3.2635195924802825e-05
0,0,0.0005608085517264302
0,0,1.306676507799597e-05
0,0,2.3504782507652988e-05
0,0,8.010390545213417e-05
0,0,0.0008575727329327306
0,0,0.0006664429301568263
1,1,0.9983954819879259
0,0,3.1388823441145326e-05
0,0,0.06117934720187642
0,0,0.3486668889470042
0,0,0.0008485447514876649
0,0,7.993065847842743e-05
0,0,0.10016665864203202
0,0,0.07495982363907526
0,1,0.7557208494699197
0,0,5.2968291729692065e-05
0,0,0.011839615228961953
0,0,0.0004951625267316039
0,0,0.00898632795433917
0,0,0.047029747617022596
0,0,3.707830520374663e-05
0,0,7.457196598481852e-05
0,0,0.00011815130624008556
0,0,0.00038676667701726986
0,0,0.14294460415654683
1,1,0.9989551312982086
0,0,0.003579730283772141
0,0,0.00021382731316375094
0,0,0.00029958922557487845
0,0,1.2906967789296271e-05
0,0,0.0006645420009873772
0,0,0.1204571086932394
0,0,0.042029823589638284
0,0,6.851202239220377e-05
0,0,0.0007326338683378909
0,0,0.0022139459575864825
0,0,0.00041185388372293457
0,0,0.016481305091594067
0,0,0.20330380858656183
0,0,0.0001367991445759234
0,0,6.585445969531286e-05
0,0,0.0002924715201166199
0,0,0.0972357913245186
0,0,0.01080388817783242
0,0,2.1406204154130157e-05
0,0,0.0005768373671721723
0,0,0.0003663690293238004
0,0,0.005960245929066121
0,0,0.07160079865611008
0,0,0.00023823686167616178
0,0,0.00016641059670281907
0,0,5.301656154706953e-05
0,0,0.3280899720810788
0,0,2.9864342759094894e-05
0,0,7.389611655237436e-05
1,1,0.999958327099487
0,0,0.07277511526486712
0,0,0.0002135821660823044
0,0,0.007956678404647997
0,0,0.10947532374303859
0,0,0.0002171083575483703
0,0,0.014065122543884576
0,0,0.0005327427277003709
1,1,0.99996917107579
0,0,0.00016483890941422795
0,0,3.0895380763678604e-05
0,0,0.000578127552806023
1,0,0.31280072803987946
1,1,0.999984096425103
0,0,0.0004058847246759672
0,0,3.5082294835137025e-05
0,0,0.1123334105693162
0,0,0.24358843061824967
0,0,0.00040305649996106197
0,0,0.0002469565378689225
0,0,0.00029276710062007476
0,0,0.037198349860025355
0,0,0.00037895968473786054
0,0,6.629242740480513e-05
0,0,0.0002524129546345003
1,1,0.9986247246731885
0,0,0.05107689305605222
0,0,0.0006234311305293574
0,0,0.0004955823773199807
0,0,0.003254077766584172
0,0,9.002117957100762e-05
0,0,0.1070331465807499
1,1,0.998909873459864
0,0,3.9443256043243236e-05
0,0,5.271948419605526e-05
1,1,0.9999426289515294
0,0,0.00012845874470119082
0,0,0.2289276118783647
0,0,0.0006576524343679908
0,0,0.009351897735643122
0,0,7.913409361021087e-05
0,0,0.1079709204534064
0,0,0.018227212812206756
0,0,9.500151398163582e-05
0,0,0.0015896243514798023
0,0,9.928886958288086e-05
0,0,0.0008451124401061686
0,0,0.0002650784765173385
0,0,2.2769450326373103e-05
0,0,6.469765247069918e-05
0,0,0.0008031749518774347
0,0,0.371027160817726
0,0,0.029507102117846323
0,0,2.6721021701049026e-05
0,0,0.0010331614071830207
0,0,0.00013997759355143988
0,0,0.006576034149192676
0,0,2.9124073160802707e-05
0,0,0.2558294516032041
0,0,0.00032235119074879004
0,0,0.0010237387721771618
0,0,0.0003982379472949853
0,0,0.00027360233255615114
0,0,0.016326101752729135
0,0,0.06383168002804017
1,1,0.9984652305626063
0,0,7.843496014557214e-05
0,0,0.0003754235803166466
0,0,0.0005574915598159336
0,0,0.19351762341130707
0,0,6.706511589356624e-05
0,0,0.19154084705403115
1,1,0.9940789836522095
0,0,0.00541853807184204
0,0,0.07440548076797968
0,0,0.02285927449081118
0,0,1.824789073624999e-05
0,0,3.319459734042733e-05
0,0,6.318895067107621e-05
0,0,0.00011453310549707861
0,0,0.10990810057456603
0,0,1.999242175928815e-05
0,0,8.292346967408549e-05
0,0,0.19714795374218833
0,0,2.7755031833345307e-05
0,0,0.00045986558203262804
0,0,0.0009762471530817358
0,0,4.996210141153664e-05
0,0,0.008002350221045297
0,0,0.00014724549613179952
0,0,0.000252065237112874
0,0,7.127396118775207e-05
0,0,0.000503894305654868
0,0,0.001617273782215704
0,0,0.4840947584062676
0,0,0.046504166687793363
0,0,0.00016082150666667746
0,0,0.024138217097959647
0,0,1.45712769087593e-05
0,0,0.30531432852175155
0,0,0.13194214556294043
0,0,0.0001411073893005527
0,0,0.2395831751750384
0,0,0.17704845727101937
1,0,0.4080766324232113
0,0,0.001156675226697696
0,0,0.000509632489976718
0,0,0.18634937624001477
0,0,0.00013546711362555805
0,0,0.03509630850292457
0,0,3.327874725963266e-05
0,0,0.07116836397634302
0,0,0.02114105974025987
0,0,8.713925030139118e-05
0,0,1.7624432249886687e-05
0,0,0.0001650690391552429
0,0,0.1530279832122881
0,0,0.0008913751203920181
0,0,0.025346676489965574
0,0,0.0012232924232855056
0,0,0.0004170075460538745
0,0,0.00028709301315522315
0,0,0.0011559489794240273
0,0,0.0009385993782779506
1,1,0.9970579627425875
0,0,9.508294696426739e-05
0,0,0.017706320949374715
0,0,4.6272101259920045e-05
0,0,0.018747719953761306
0,0,0.0007060719561626816
0,0,0.0005664006427045883
0,0,0.00017709855584220846
0,0,1.022462338489487e-05
0,0,0.002784817903238027
0,0,0.00016391155074780298
0,0,0.00019480055060034222
0,0,0.0001583939160911585
0,0,2.7289394135055694e-05
0,0,1.674105487526767e-05
0,0,0.014702660466098767
0,0,0.027871135803531264
0,0,3.10468771441724e-05
0,0,0.0003495328586795823
0,1,0.7335409323097831
0,0,0.012775064747318779
0,0,0.00744464810040884
0,0,9.088137870815307e-05
0,0,0.00024826446343353346
0,0,0.0640808801852614
0,0,3.072534005005432e-05
1,0,0.08484098440248629
0,0,0.0008638977260046822
0,0,0.03351715698761112
0,0,7.61548685777535e-05
0,0,0.42637375283987855
0,0,5.173060869141538e-05
0,0,0.00014409599039108857
0,0,0.0002811781278053552
0,0,0.10941100714785161
0,0,0.0003173544809634444
0,0,0.0007566974902351635
0,0,3.2241171037041984e-05
0,0,0.0003803158798490168
1,1,0.9999071777801883
1,0,0.17900639049092562
0,0,3.8552063142147624e-05
0,0,0.04534653588397491
0,0,0.17169342031126514
0,0,0.0005648498387159133
0,0,0.00041281064092632617
0,0,0.000358249277270585
0,0,0.00010461694971309574
0,0,0.0008003561425543419
0,0,0.0008662029036299793
0,0,0.00016535587414623723
0,0,0.00021425556292218968
0,0,0.045707094785977155
0,0,0.0027494897955210387
0,0,0.054259642184937174
0,0,3.970506794696292e-05
0,0,9.732296981751083e-05
0,0,0.024688231605781676
0,0,0.0005095735768262173
0,0,0.06133644104540063
0,0,0.00020418081827619253
0,0,0.00010233127165690535
0,0,7.343198839263999e-05
1,0,0.288763828000067
0,0,0.18401371582323356
1,1,0.9986036470681996
0,0,0.00046922539869775215
0,0,0.005134349646760445
0,0,0.10114695611212668
0,0,0.00040344592499898626
0,0,0.0002641444328252569
0,0,0.0004930816457099781
0,0,0.1153394683567902
0,0,0.0004803010750846642
0,0,0.00028975056669587395
0,0,0.018407514023388104
0,0,4.4975262553238965e-05
0,0,6.411533595118738e-05
0,0,0.0009147225417627361
0,0,8.902655533660056e-05
0,0,0.01625572737578525
0,0,0.0003951786130080447
0,0,4.242415662164962e-05
0,0,8.572289144821617e-05
1,1,0.9987587536792993
0,0,0.0006678244602498798
0,0,0.02541467654570035
0,0,0.055453773342822005
0,0,0.00022949959001601972
0,0,0.022624298969436914
0,0,0.010901935455163481
0,0,0.00426743526869333
0,0,0.0007599297968676469
0,0,0.00029089952815081877
0,0,0.007171908799114888
1,1,0.5326743449163109
0,0,4.040053762703187e-05
0,0,0.06734900395824152
0,0,0.00010513651490115136
0,0,0.014638461596272112
1,1,0.9999863729686935
0,0,0.0590320009483123
0,0,0.0007644764194393545
0,0,0.03175620531769068
0,0,6.3548000820033794e-06
0,0,3.8278578183715296e-05
0,0,0.04250617608670699
0,0,0.0019215694179296192
0,0,0.45961978044957447
0,0,0.00045310759900834
0,0,0.0003619532225190447
0,0,0.00019112512986332801
1,1,0.9976507871805588
0,0,0.0004933371212438378
1,0,0.2452752916800194
1,1,0.9987262998330158
0,0,0.0007547239776937125
0,0,0.00013797992859561185
0,0,0.06126984609802914
0,0,1.4964470657052575e-05
0,0,0.0025852408867416874
0,1,0.5568340477979933
0,0,0.000253973545065506
0,0,2.8783659923714926e-05
1,1,0.9977640331071899
0,0,0.0009205559159281801
0,0,0.0001339788895713938
0,0,0.005519766144967413
1,0,0.25046191814878577
1,0,0.05261441208989239
0,0,0.003479907743909886
0,0,0.0009182745254450863
0,0,0.009014292822130753
0,0,0.0005550266691766919
0,0,0.0033870413825493727
0,0,6.72103403732997e-05
0,0,0.0022380944765623446
0,0,0.052275405313924606
0,0,0.0002346497201907519
0,0,0.0002829651752607661
0,0,0.22464236635003512
0,0,0.02882077606117861
0,0,0.17350257273069836
0,0,0.00015677911019915575
0,0,0.00044264018000476376
0,0,0.004327993842697691
1,0,0.22183543190163296
0,0,0.0002646937545332395
0,0,0.00128070225293953
0,0,0.0008373344879863572
0,0,0.00020579015127794137
0,0,9.320749935184189e-06
0,0,0.00657321917645776
0,0,0.18742092974679608
0,0,0.005594494162351678
0,0,0.0061680816715226
0,0,0.17697713929524406
0,0,0.009642344804226528
0,0,0.00031925973443163873
0,0,0.0005331472529581712
0,0,8.844719416580395e-05
1,1,0.9966123571545712
1,1,0.999975242031402
0,0,1.156251039502455e-05
1,1,0.9987525159438777
0,0,4.3762473703917155e-05
0,0,9.845689909062303e-05
0,0,0.44000916003247864
0,0,1.4931806647536195e-05
0,0,1.7050372491381606e-05
0,0,0.0016103516453289638
0,0,6.248778536722849e-05
0,0,0.00021569825696245355
0,0,0.048605083700885364
0,0,0.00028116133605795185
0,0,1.4766021800625396e-05
0,0,0.12307505121320171
0,0,0.00039432141057293627
0,0,0.0003196840069913271
0,0,0.065748617210763
0,0,0.0006967162453457551
0,0,0.00044629358742979286
0,0,0.027462590857865277
0,0,9.439422093256126e-05
0,0,0.0014577925091168002
0,0,3.2357269625962245e-05
0,0,6.502443948911286e-05
0,0,0.00013177365753536802
0,0,0.34340928974786816
0,0,0.02652492256581307
1,1,0.9999939504678307
0,0,0.001897030089166912
0,0,0.02792552281052405
0,0,0.002009511983751471
0,0,2.2742086508566234e-05
0,0,0.09478550681414208
0,0,0.07675119655458863
0,0,0.00192951929757562
0,0,0.003342203900770894
0,0,0.08431400557001079
0,0,0.01090016890084823
0,0,0.0006322997476219457
0,0,0.016013699101997275
0,0,5.300174966990384e-05
0,0,0.18663373556763946
0,0,9.588337558848892e-05
0,0,0.00017389495920790504
0,0,3.4158303688625944e-05
0,0,0.0007549880076369735
0,0,0.0013222423292846405
0,0,0.00011689277986020051
0,0,0.093789477251502
0,0,5.123542591386313e-06
0,0,0.04739938944716663
0,0,0.0010678694435538524
0,0,0.00011573533493386052
0,0,5.1201826924009e-05
0,0,0.16409318368382894
0,0,0.002958720403044629
0,0,0.1874463468952046
0,0,0.07919529355943535
0,0,0.00019858734514192517
0,0,9.329887450990146e-06
0,0,0.08474675785106309
0,0,0.00010806707428456326
0,0,0.012516662727867195
0,0,6.804560475135937e-05
0,0,0.43405486400027965
0,0,0.0003342513246959332
0,0,0.0001087302608406903
1,0,0.26169409801408483
0,0,0.0001908221733508794
0,0,0.00018813196648794454
0,0,0.00033534929367225956
0,0,0.011944434937433824
0,0,7.364945029352194e-05
0,0,4.4712359605810165e-05
1,1,0.9991535370208804
0,0,0.022580938583629383
0,0,3.929325950462825e-05
0,0,0.00010423537990965946
0,0,0.0008141809361570098
0,0,0.22923533425520054
0,0,0.00024527177324476697
0,0,0.030140074959767477
0,0,0.001853786579636632
1,1,0.9980689629263718
0,0,0.2121403109165266
0,0,8.296701200652524e-05
0,0,0.013886025107655669
0,0,0.0004036694151287215
0,0,0.0271076922045485
0,0,4.0750820664512286e-05
0,0,3.8133012549930126e-05
0,0,3.8278578183715296e-05
0,0,0.005885822508017948
0,0,2.633261323057741e-05
0,0,0.0002483404501932065
0,0,9.940617449225167e-05
0,0,0.00015068062238047936
0,0,0.003222458743140858
0,0,0.0005106680053118095
0,0,0.0014940876854184085
0,0,1.542902543970572e-05
0,0,0.005164381823356804
0,0,0.00020584653817799634
0,0,0.000272432578577389
0,0,0.001486026525600874
0,0,0.05395890965025648
0,0,0.0005290764382721887
0,0,0.00030710412547834277
0,0,0.08100712793035196
1,1,0.9972561551261013
0,0,0.00010862624467561199
1,1,0.9983169366403406
0,0,0.0004436413234008809
0,0,0.00011438597065971639
0,0,5.231766257516683e-05
0,0,0.0005326148490099405
0,0,7.044736800710581e-05
0,0,0.3361619819729234
0,0,2.689151441125122e-05
0,0,0.00044857727417562125
0,0,0.0018727590327900652
0,0,0.29317177578323356
0,0,0.0003723424053611022
0,0,0.0001881694560860259
0,0,0.06017225857132256
0,0,0.00013176095716983905
0,0,0.002168256973927461
0,0,0.0003755396717509528
1,0,0.01791609192456117
0,0,1.3995718542949777e-05
0,0,5.9901414347625134e-05
0,0,0.0013804986397325763
1,1,0.9986172625579268
0,0,0.057637040940522216
0,0,0.26479494652994456
0,0,0.3904433312102343
0,0,0.0015058826368785437
0,0,0.00010167658516620154
0,0,1.7648975436833825e-05
0,0,0.0013977420130311306
0,0,0.00029717551244689075
0,0,0.00013609060354705026
0,0,6.474286035510932e-05
1,1,0.9990028171868448
0,0,0.029550240922389805
0,0,0.00040913748811382286
0,0,0.0004824468276254899
0,0,0.003029034227281526
0,0,0.0137543937291368
0,0,0.008947339706249061
0,0,0.07068265143086017
0,0,2.784348305968475e-05
0,0,0.0016906219284069219
0,0,0.014282244365450008
0,0,0.43150027870302543
0,0,0.000399373675925844
0,0,0.00013926729911098164
0,0,0.0006262251515475533
0,0,0.0026938178094841575
0,0,0.06740854925195569
0,0,0.0003698551553542549
0,0,0.000487335023445046
0,0,5.3739381069313056e-05
0,0,0.022124136599133815
0,0,0.0009250120669429631
0,0,0.00025855607879756283
0,0,0.0007180884137592414
0,0,0.00022799372150926174
0,0,0.00030206636347674033
1,0,0.117997858371973
0,0,0.0009800490386226925
0,0,0.00011480824797605882
0,0,0.0005700346258534064
0,0,0.05048505907485357
0,0,0.0002523713741663046
1,1,0.9990892948999381
0,0,0.008136410020828138
0,0,0.00010186781596408206
0,0,0.0004013325569758142
0,0,0.04641693931961848
0,0,0.011019910830824858
0,0,4.5621358456600695e-05
0,0,0.031066848477861043
0,0,3.275541278055107e-05
0,0,0.0005871505768217996
0,0,0.00019711179267204544
0,0,0.022611912904429328
0,0,0.0002511447694723458
0,0,0.16843074431476204
0,0,0.0005391785119380642
1,0,0.4771329142703444
0,0,2.942901937878806e-05
1,1,0.9999707357273269
0,0,2.4502952524245047e-05
0,0,8.051068316125679e-05
1,1,0.9960125680000463
0,0,0.02738447720055876
0,0,0.000826554975722484
0,0,0.00572175424508895
0,0,9.200943553520558e-05
0,0,0.0008763062571284592
0,0,0.0002668235659203177
0,0,0.2686980150888683
0,0,0.010687967344042145
0,0,0.0019455867052257344
0,0,0.0011377232625792621
1,1,0.9996384497487991
0,0,0.0007460780693055996
0,0,0.0005221876519365823
0,0,0.28124163845436206
0,0,0.0003573570231228654
0,0,0.017769038990489382
0,0,0.03795034555803231
0,0,0.002081747019368675
0,0,0.00020784998780490384
0,0,0.020508905626278627
0,0,0.00040141478510291926
0,0,0.00010715690087162024
0,0,0.00010659332247380738
0,0,0.06402955616012598
0,0,0.03442398421354339
0,0,0.0008183776280808113
0,0,2.8930510910541507e-05
0,0,0.0007661421525373956
0,0,7.872631336563393e-05
0,0,0.0005899130088153476
1,1,0.9999493448591131
0,0,0.0633725362532107
0,0,0.0002819133681876927
0,0,3.7657188498485784e-05
0,0,0.12808565432855498
0,0,0.02739374532333975
0,0,0.0517490019435573
0,0,0.0001914648304198325
0,0,6.831537476765854e-05
0,0,0.005900852543935247
0,0,2.412946243799321e-05
0,0,0.00015289361842969575
0,0,0.0006729684190404652
0,0,0.0004475388505889506
0,0,7.607931739347867e-05
0,0,0.033157566052751726
0,0,0.0006419644301311505
0,0,0.00015076265265893832
0,0,0.00030363700979147643
0,0,0.008349012812035192
0,0,0.00023136853747428394
0,0,0.0016029736938044244
0,0,7.982091651792838e-05
0,0,0.07013979116657412
0,0,0.011924843048010884
0,0,0.0018338430801467518
0,0,0.028667434050207725
0,0,9.330177389059251e-05
1,0,0.11479089376770839
0,0,0.0005796374607986818
0,0,0.00432923543832171
0,0,0.00017547605679707218
0,0,0.0002683901025573034
0,0,0.15535898729214662
0,0,3.2975323111278146e-05
1,1,0.9979319490083408
0,0,0.03438849506616807
0,0,0.03637830928657382
0,0,0.2716058136121077
0,0,0.0007808008280370947
0,0,0.0002696741746297964
1,1,0.9964121955856898
0,0,0.0001273016444589105
0,0,0.0003245732150198006
0,0,0.0002086658500307746
0,0,0.013896966316259123
0,0,3.011454931884135e-05
0,0,0.0001682477693797185
1,1,0.9960414084126838
0,0,0.00045383715130432726
0,0,6.666126349603688e-05
0,0,0.13774095047234236
0,0,0.0003729095396066028
0,0,0.00015673259021079598
0,0,0.0002809062829737685
0,0,0.00031447881847603817
1,1,0.9991792857731989
0,0,1.1270153184170605e-05
0,0,0.00023327924942098246
0,0,0.0003522565446341776
0,0,0.00013997759355143988
0,0,0.0004363764642846758
0,0,0.10051616942307881
0,0,0.00017073218627399438
0,0,3.097161112736268e-05
0,0,0.22651164916451683
0,0,2.7109348511934017e-05
0,0,0.00017048654376842576
0,0,0.0006911100031570224
0,0,0.005902552645833637
0,0,0.098920258644204
0,0,1.022462338489487e-05
0,0,0.0009253924685888338
0,0,4.567155980964274e-05
0,0,0.06112792995751283
0,0,0.030596153954806533
0,0,0.09029600672506959
1,1,0.9993751093954072
0,0,0.00022946811078456656
0,0,2.7109348511934017e-05
0,0,0.04446869671045405
0,0,0.016762621218779417
0,0,0.00045248888921659713
0,0,0.00014379039011475813
0,0,4.005699161466037e-05
0,0,0.0003604282763471339
0,0,0.0002790767227378054
0,0,0.004576263875546487
0,0,0.001519687380754978
0,0,0.0004006691770281147
0,0,0.006667102609884362
0,0,0.00013544865928095622
1,1,0.9970219132637858
0,0,0.01233078335817919
0,0,0.2983187478187785
0,0,0.009571866093230448
0,0,0.003611656472593919
0,0,0.015490546763291268
0,0,7.990720646662389e-05
0,0,0.00038236080935411595
0,0,0.0001855384275102595
0,0,0.0003523282819588264
0,0,0.12243598115317088
0,0,0.00014101007573810625
0,0,0.00042494957753530467
0,0,0.07449019489198087
0,0,0.000113223753903855
0,0,0.0005831826394806371
0,0,0.20674287250530485
0,0,1.572247175273342e-05
0,0,0.00045995573390950935
0,0,9.074998129555578e-05
0,0,0.0003867968716296886
0,0,0.01125034039042132
0,0,0.0002819859504099548
0,0,5.154507617182842e-05
0,0,8.179534518843528e-05
0,0,0.00016634908945239985
0,0,0.000830455651275265
0,0,0.0006135466242545666
0,0,0.004331092428153778
0,0,0.010680344785867468
0,0,5.633926937039376e-05
0,0,0.0004324071224329448
0,0,0.1167218571528312
0,0,6.630027642340703e-05
0,0,0.0031368435148499845
0,0,0.35591301772907874
0,0,0.00047422735906211855
0,0,2.3738205848465567e-05
0,0,0.03255329719386129
0,0,1.2858340403051903e-05
0,0,0.26115870857071927
0,0,0.047790963979458395
0,0,0.0008396062539073893
0,0,2.7304757169093813e-05
0,0,0.00013333179057605337
1,1,0.9999746354726751
0,0,0.005836644685730138
0,0,0.29345018110084586
0,0,0.1985216508021257
0,0,0.00014058824557183674
1,0,0.005594073386447958
0,0,0.032134183674124926
0,0,1.5001398160628382e-05
0,0,0.012149825383637885
0,0,0.12199840981224686
0,0,0.010283678012686454
0,0,0.0031393304001184866
1,1,0.9999869194320204
0,0,0.0005923983495267936
0,0,0.06288481727581915
0,0,7.745595648879582e-05
0,0,0.059268280644841145
0,0,0.0034003337739901265
0,0,0.0012446294484730373
0,0,0.36270923546455924
0,0,0.0003143572528069827
0,0,0.0006389364574141496
1,0,0.009660576365646061
0,0,0.0626625708525895
0,0,8.9859769946037e-05
0,0,0.07476218431671225
0,0,0.0005213963683055219
1,1,0.9944768274038331
0,0,0.05556150835140062
0,0,9.42878127530889e-05
0,0,0.0001722516217956434
0,0,0.2277857451358535
0,0,0.001345992931978593
0,0,0.14337360549901512
1,1,0.997990429368735
0,0,0.00020421819765565542
0,0,0.042337307954677966
0,0,0.10221821845777952
0,0,0.0004934096741249456
0,0,0.019342611726006778
0,0,0.00039492195709270225
0,0,8.998117012217026e-05
0,0,0.00019913301795739357
0,0,0.00020441063446820327
1,0,0.09807468682701573
0,0,0.0003435848258873357
0,0,0.0004213967312802811
0,0,0.0003378925759784525
0,0,0.004552438066892642
0,0,5.242142394564371e-05
0,0,1.522044853569159e-05
0,0,8.130538396213965e-05
0,0,0.0004274695124436974
0,0,0.010351684055821285
0,0,0.00016396820136270089
0,0,0.08825518709147548
0,0,0.06212681769539054
0,0,9.21331685591389e-05
0,0,0.00016198657781468876
1,1,0.9973857923390933
0,0,0.12025731235842056
0,0,0.09629925008792219
0,0,0.006849126643945651
0,0,1.2935177334296543e-05
1,1,0.9999753033140416
0,0,6.141663234497083e-05
0,0,0.00015807141377072726
0,0,0.0431089566832311
1,0,0.09292393267084424
0,0,0.0004142722131154175
0,0,0.00023398454288515712
0,0,0.025702835240975566
0,0,0.05707261171080408
0,0,0.01256600513531242
0,0,0.07154821306345624
0,0,0.01689313047535121
0,0,0.0874973404622562
0,0,5.4252561102062635e-05
0,0,0.04366671301411338
0,0,3.8552063142147624e-05
0,0,2.3738205848465567e-05
0,0,0.06354853595639597
1,1,0.996576184974047
0,0,0.0010308640551471352
0,0,3.4018616239452816e-05
0,0,0.0005641980855846702
1,1,0.9955023599587548
0,0,0.0005031878978427458
0,0,0.00010627947461681658
0,0,0.00019938208309936217
0,0,0.00042919576764681883
0,0,0.010640978683855112
1,0,0.39211268369427593
0,0,0.00093985630909846
1,0,0.43092503930010545
0,0,7.999981972332174e-05
0,0,0.06831206297885174
0,0,0.0001036395031281701
0,0,0.0004792256636613943
1,1,0.5793565083757926
0,0,0.053577027160689
0,0,0.001514291178278412
0,0,0.009321408329129277
1,1,0.9999828399258733
0,0,0.001402715652514448
0,0,7.967743495480548e-05
0,0,0.0002999349088630615
0,0,0.0978611755078186
0,0,0.007866389815461491
0,0,3.9892122981653246e-05
0,0,0.0007310760549773378
0,0,0.00010715690087162024
0,0,0.004478875760897393
0,0,0.00033472644438495557
0,0,0.0003796409777819275
0,0,0.0002513638953176479
0,0,0.0005111870818814327
0,0,8.916389030670592e-05
0,0,7.273028822831309e-05
0,0,0.029424015690494982
0,0,0.0003182443424215919
0,0,0.00018454052456712535
0,0,0.04947913322747439
1,1,0.9999790311656588
0,0,0.0002784135808784967
1,1,0.9959529412578657
0,0,0.008310618861861437
0,0,0.08715490125487611
0,0,0.0006186579886821573
0,0,4.281876325751256e-06
0,0,0.0003402342976209848
0,0,0.07870678807531006
0,0,0.00012464946785474882
0,0,0.000501161179827171
1,0,0.17855715938913222
0,0,0.07875218389810021
1,1,0.9999709904262252
0,0,6.185810159191313e-05
1,1,0.9914173905212218
0,0,0.0005686833518057966
1,1,0.9983212140737624
0,0,0.002350137338475974
0,0,0.003979128172090109
0,0,0.00037596382016586523
0,0,6.546787046078334e-05
0,0,0.0003308583102109591
0,0,0.006884961061779377
0,0,0.00016977283332462873
0,0,0.041166914019923076
0,0,0.00055881494227149
0,0,0.00024090957172452678
0,0,0.0006340635091175652
0,0,0.0008063378136297477
1,1,0.9983909835033647
1,1,0.9991854094586828
0,0,0.002302427655651394
0,0,0.06099168500957538
0,0,1.361328807845068e-05
0,0,0.05741578518644076
0,0,0.00012564410130622643
0,0,0.00029201011914949744
0,0,0.00015677911019915575
0,0,0.0008788470037827716
0,0,0.07567292724110367
0,0,7.364945029352194e-05
0,0,0.0035783720654102976
0,0,0.12550459730203603
0,0,0.0006240327397881736
0,0,7.121454031441459e-05
0,0,0.00027339607007433286
0,0,0.00040684839840205664
0,0,0.00016363870677218838
0,0,0.0001994531127905304
0,0,0.0006589774914078396
0,0,0.00023161459330357562
0,0,4.9696308678750224e-05
0,0,0.0020189919485330892
1,0,0.38547977703702313
0,0,3.9336722995320585e-05
0,0,0.00041686510815242613
0,0,0.00025408447553128375
0,0,0.00013864912140704096
0,0,0.48701713469955105
0,0,0.0002647059936949034
0,0,0.1627276782092042
0,0,0.00016908797000020145
0,0,0.00028578186122400117
0,0,0.00047780820978010526
0,0,0.0007501579858767894
0,0,4.3017038977666816e-05
0,0,0.054054716652821584
0,0,0.0005725601986022502
0,0,2.0522258990298328e-05
0,0,6.318895067107621e-05
0,0,0.01698968381853358
0,0,0.0005384838556819329
0,0,0.000591597972786222
0,0,0.01686703736350732
0,0,4.803441360457739e-05
0,0,3.325884004623625e-05
1,0,0.24306651101317175
0,0,0.0006732032446480387
0,0,0.0009185388618376587
0,0,2.932479796064671e-05
0,0,0.08785492790352248
0,0,0.0004386366261203644
0,0,0.00015394947586152319
0,0,0.014977550483494032
0,0,8.239218547548537e-05
0,0,0.00011086917923118501
0,0,0.0005373334153459105
0,0,0.08751446095080688
0,0,1.95986169835773e-05
1,1,0.9999735342299152
0,0,0.0005562873035887599
0,0,3.191174367047847e-05
0,0,0.01749037488732503
0,0,0.009688277467918805
0,0,0.01148322555601558
0,0,0.029482482869626056
0,0,0.00010999462245713844
0,0,0.0001143619680309586
0,0,0.05576238265577461
0,0,0.011054044052983285
1,1,0.9861971180633788
0,0,0.0797803156381221
0,0,1.9762534574948718e-05
0,0,0.0013709798571388758
0,0,0.04012911423441551
0,0,9.388544200653542e-05
1,1,0.575214098920227
0,0,2.1931776220917275e-05
1,0,0.015833286809664542
0,0,0.005516958473781328
0,0,0.00022104114841695107
0,0,0.00024052382929057594
0,0,0.00030985263904070577
0,0,0.013252526560792927
0,0,0.0002791579890944988
0,0,0.00010609445878513485
0,0,0.0056669010641592155
1,1,0.9968516744533924
0,0,0.002644545828142599
0,0,0.08552656965475314
0,0,4.293999283739762e-05
0,0,0.06792412677773704
0,0,0.0004019761148008572
0,0,0.09071504592108073
0,0,0.04352952072213883
0,0,3.641527090191817e-05
0,0,0.0023690437782536555
0,0,6.830181205826024e-06
0,0,0.0007561599674993382
0,0,0.07419203657071452
0,0,0.0008861980808838542
0,0,2.486174127269215e-05
0,0,0.0002033001524217317
0,0,0.20185420801736165
1,1,0.9993598513652304
0,1,0.6059748271461872
0,0,0.01390256916704275
0,0,3.109067015280009e-05
1,0,0.12373320227672334
0,0,0.002423611902183433
0,0,0.29789198207134576
1,1,0.998359935922985
1,1,0.995611668005464
0,0,0.00010613302590552265
0,0,0.017762664449490217
0,0,4.8847572446899435e-05
0,0,0.0007191824986814441
1,0,0.02114892834360983
0,0,0.03765374237801433
0,0,0.00021893869248879678
0,0,5.013834713347752e-05
0,0,0.051345149621120884
0,0,0.00017927121157122096
0,0,0.006391788885782039
0,0,0.00032190547556450085
0,0,0.0012433868529958107
0,0,0.000567248275205826
0,0,0.370066646642777
0,0,0.04095680441283356
0,0,0.00026183076405773495
0,0,0.00025819568754032596
0,0,0.1365393004403249
0,0,8.42004347948923e-05
0,0,0.028178109475601683
0,0,9.728287599851242e-05
0,0,0.0002846891954796301
0,0,0.01924397835320351
0,0,8.139010334429976e-05
0,0,0.0002586911770501263
0,0,0.0017250098546206978
1,0,0.2021894246058998
0,0,0.01090328539074894
0,0,0.034463948146800115
0,0,5.916561286981615e-05
0,0,0.01327821919447009
0,0,9.008826974104676e-05
0,0,0.00011015044152414478
0,0,5.097267997037572e-05
0,0,8.540618583491194e-05
0,0,0.0001376266300168087
0,0,0.0006771763786805106
0,0,0.00039581227942629715
0,0,0.015043288886340543
0,0,0.00045793025094693196
0,0,0.0001547188386650355
0,0,0.0001855384275102595
0,0,3.8775640672599656e-05
0,0,0.17922865565681212
0,0,0.00023684915747198935
0,0,0.0006833050718071816
0,0,0.00012220600913183545
0,0,0.010167808063952177
0,0,0.00023834297254568272
0,0,6.39347374417592e-05
0,0,0.00032116123407866106
0,0,0.00038517954658372216
0,0,0.00041294790195661225
0,0,0.02924908600851442
0,0,0.00038747258528781987
0,0,0.05304025703987745
0,0,7.755780336360412e-05
0,0,0.05710650361142084
0,0,0.0006783087179441146
0,0,4.278013423127164e-05
0,0,0.11139484746994545
0,0,0.00038808331707222205
0,0,0.006319778439548781
0,0,0.00017304123090194443
0,0,0.08278951224783164
0,0,8.582523799851418e-05
0,0,0.2391381792433004
0,0,9.609901233196899e-05
0,0,0.00036260726866480967
0,0,5.544503385599188e-05
0,0,6.585445969531286e-05
0,0,0.00043124559034824416
0,0,0.005236365125002317
0,0,0.00033430204650442653
0,0,0.00015884619160375899
0,0,0.21969912432221755
0,0,0.0005065266191527548
0,0,2.9864342759094894e-05
0,0,0.17076177177326216
0,0,0.0005496875431128802
0,0,5.862915672755719e-05
1,0,0.28435207738906454
0,0,4.061556474300142e-05
0,0,0.0030114653909222326
0,0,5.600559662523568e-05
0,0,0.00017431639181790247
0,0,0.00010803050646659079
0,0,0.0010612985637890964
0,0,0.00020377989335586052
0,0,6.000109147559759e-05
0,0,0.0010534615904232597
0,0,0.005149862258334714
0,0,2.7984206765864194e-05
0,0,0.022933945711350056
0,0,0.0001599938720546354
0,0,0.1148525341587176
0,0,0.1084005963934589
0,0,0.00016671143223149967
0,0,0.0010608989468526354
0,0,0.08721251567002856
0,0,0.00010962001969838154
0,0,0.0009953180644330076
0,0,8.618074914528446e-06
0,0,0.00017161773226386328
0,0,0.0006343112054277421
0,0,0.004062939482401042
1,0,0.11418455719822122
0,0,0.0011209577366941875
1,1,0.9999850372711027
1,1,0.9969633802180304
0,0,0.012466780803444596
0,0,3.573079718071889e-05
0,0,0.0002616859753805482
0,0,0.023230986330995913
0,0,9.732634129421031e-05
0,0,0.09059915761148508
0,0,0.0014342690419996108
0,0,0.00012781885489383959
1,1,0.996614304600392
0,0,0.014273203439226853
0,0,0.010746166359330367
0,0,6.270247803648264e-05
0,0,0.0004201397616895029
0,0,0.0006836186605976661
0,0,0.000706984346807934
0,0,7.652356730282861e-05
0,0,0.000134118416201397
0,1,0.5448203795524298
0,0,0.0007049391152847718
0,0,0.0001423131252014021
0,0,4.020553934906437e-05
0,0,0.0012925893824564446
0,0,2.9864342759094894e-05
0,0,0.08067954280411119
0,0,0.0002692167957733467
0,0,6.870158081033188e-05
0,0,0.000166108687003001
0,0,0.0001269760899651739
0,0,0.0008139750726364973
0,0,0.00020048364255618374
0,0,0.05095370426461882
0,0,3.8788763710052936e-05
0,0,0.00048815298836304597
0,0,0.3061713558475984
0,0,6.851202239220377e-05
0,0,0.000673332230159885
0,0,0.05094441823453157
0,0,0.007292085132904999
0,0,0.00028600210337282635
0,0,0.00318478671587176
0,0,0.0022112394028475455
0,0,0.3101847233309102
0,0,0.1149256999241082
0,0,0.0024323968065245085
0,0,1.4605759197156245e-05
0,0,0.002040989751699379
0,0,0.1571130285382005
1,0,0.07405249099929227
0,0,0.0004969779885650324
0,0,4.172839459555798e-05
0,0,6.65703139156692e-05
1,1,0.996444685198279
0,0,0.0008339135147021791
0,0,0.00021807671973977263
0,0,0.17479343700621922
0,0,0.08041303152075757
1,1,0.5327675904289946
0,0,0.0004460507198884382
0,0,0.09217887987871083
0,0,0.0007260332409612514
0,0,0.00016069705159936894
0,0,1.6168448898200873e-05
0,0,2.7109348511934017e-05
0,0,0.0015690430637050944
0,0,0.0013300599277641751
0,0,0.00017229359213934769
0,0,0.0002841569701764027
0,0,0.03432715968234201
0,0,0.04331733398717553
0,0,5.316917586231017e-05
0,0,0.06986799872457485
0,0,0.0005031070583953137
0,0,0.0013078897796694057
0,0,0.013111386702703938
0,0,0.0008237970629650777
0,0,0.0916137349721225
0,0,1.693295248508449e-05
0,0,3.470006541639384e-05
1,1,0.9999876513741781
0,0,0.016037089674121836
0,0,0.004361892441848913
0,0,0.00038363309779330213
0,0,6.501165646843951e-05
0,0,0.0019605796241550506
0,0,0.14632502980179146
0,0,0.0008824396321600832
0,0,0.00028387081596123036
0,0,3.306837901650671e-05
0,0,3.5874109064116126e-05
0,0,0.006751340446291674
0,0,0.00010609445878513485
0,0,0.11739880774628213
0,0,4.777132816723071e-05
0,0,4.837073160637328e-05
0,0,2.3055403600574757e-05
0,0,0.0010409282962408693
0,0,0.0031618842429437196
0,0,7.824296783573109e-05
0,0,0.003949861875045328
0,0,0.013173023640747615
0,0,9.884453483824767e-05
0,0,0.01538809762112691
0,0,0.00013926729911098164
0,0,0.07006399227846241
0,0,8.582523799851418e-05
0,0,0.00010733183892922678
0,0,0.0053700138454800235
0,0,0.12354935726884761
0,0,0.0002845313042153004
0,0,0.00041460989343912154
0,0,0.0007198742019083865
0,0,0.013687005314882398
0,0,9.643866191679122e-05
0,0,0.00016108532463826223
0,0,1.632737012746748e-05
0,0,0.0003345954656325402
0,0,0.0003859477302488063
0,0,0.004521845478399302
0,0,3.204504008995733e-05
0,0,3.203253262700515e-05
0,0,0.0002555460632371654
1,1,0.9994067814476139
0,0,0.004750986852583079
0,0,3.8139636507979816e-05
0,0,3.313762522094455e-05
1,1,0.9994057490801278
0,0,0.00040738597436516507
0,0,0.002267128429750723
0,0,0.0015194600197484945
0,0,7.674131643668927e-05
0,0,0.00010027762850103566
0,0,8.005625408947725e-05
0,0,2.8169426597342376e-05
0,0,0.00015674613863300566
0,0,8.24505370056321e-05
1,0,0.40841297248873915
0,0,0.05079162857497102
0,0,0.001701326011667707
0,0,0.00022506593950359752
0,0,0.027344595097002763
0,0,0.2804342366817693
0,0,0.0007328403816267641
0,0,0.16871480999404273
0,0,0.0008653570705176837
0,0,0.021241725153638192
0,0,7.246901845884727e-05
1,0,0.31610074255204684
0,0,0.01925899409592756
0,0,0.00014033449331063292
0,0,0.11140975942569802
0,0,0.1812156914425315
0,0,0.10459866084764267
0,0,0.0001590357053664466
0,0,0.0004622711099878719
0,0,0.34772902792293015
0,0,0.00017290441757153457
0,0,7.364945029352194e-05
0,0,0.002026608834722148
0,0,7.055115232169986e-05
0,0,0.0002985983538807296
0,0,2.7109348511934017e-05
0,0,0.00011573941340602007
0,0,0.0099945478297643
0,0,1.95986169835773e-05
0,0,0.000219252184911559
0,0,0.0006161421679562462
0,0,5.125080254107773e-05
0,0,0.20838519831983282
0,0,0.00040738597436516507
0,0,5.513739066145542e-05
0,0,0.0027823360990545543
0,0,0.0007789009100694402
0,0,0.00030349709502036084
0,0,0.1281293552869631
0,0,0.00030207457653150173
0,0,0.0003640156113480287
0,0,7.042792177232983e-05
1,1,0.9999892470165608
0,0,0.00030850800025675456
0,0,0.002770605601254589
0,0,8.903878373079063e-05
0,0,0.3905398628347792
0,0,0.032889571712668667
1,1,0.9967791397040466
0,0,0.09411228286774784
0,0,0.010110992547024075
0,0,0.0006229417710509207
0,0,0.00042435873289147803
0,0,6.14600894237104e-05
0,0,3.188308580822663e-05
0,0,3.111443220785456e-05
0,0,0.009695724938846467
0,0,0.2200295642422779
0,0,0.13253498292352653
0,0,4.878602408425592e-05
1,1,0.9992700319989668
0,0,0.015054838892959119
0,0,0.00011254024180234734
0,0,0.03376166333094985
0,0,1.956176765588885e-05
0,0,0.04162468621771481
0,0,0.03535684892934911
0,0,0.0013946024580658533
0,0,2.7809638875075138e-05
0,0,6.335874905458004e-05
0,0,0.00021099312498048167
0,0,0.0008714333285448795
0,0,0.02333158800138462
0,0,0.14707526388261283
0,0,0.00028164030195874956
0,0,0.0008349145965784095
0,0,0.0004455924630329872
0,0,0.3026570774148946
0,0,0.002350858261454396
0,0,0.00072288456717017
0,0,0.00047258282002392987
0,0,0.00018306683154524695
0,0,2.550357070127373e-05
0,0,0.20314460743727386
0,0,0.00592057382913187
0,0,0.0532903464174014
0,0,0.16619259149465418
0,0,0.0003829291821577129
0,0,2.7109348511934017e-05
0,0,0.007265886135229165
0,0,0.06846856341083579
0,0,1.558792796340394e-05
0,0,0.012675916048034693
0,0,0.0004341074320184681
0,0,0.2808036234929906
0,0,0.022527449475248432
1,1,0.9994056005844487
0,0,0.11161759886568984
0,0,0.00024057846174263496
0,0,0.0004739681646416926
0,0,0.14710106772235904
0,0,0.23854485915032753
0,0,0.000840908784161573
1,1,0.9963429828688134
0,0,0.024481841670830094
0,0,0.000895844066475874
0,0,8.518702683064916e-05
0,0,0.006390388639703235
0,0,1.022462338489487e-05
0,1,0.5020329702693743
0,0,0.0060090477296132015
0,0,4.14664595733178e-05
0,0,0.00446327145092805
0,0,0.2371194497479045
0,0,3.588979263694611e-05
0,0,0.0019577285781511027
0,0,0.00014471997903984553
0,0,0.03412111599262824
0,0,1.3496885848787713e-05
0,0,4.144411670826752e-05
0,0,6.936965919751082e-05
0,0,0.00017342840977109766
0,0,0.000146945512687897
0,0,0.00021592255202613824
1,1,0.9999773233264299
0,0,9.667634368404105e-05
0,0,0.0008937675681253657
0,0,0.0005683280413657946
0,0,0.15393536700336674
0,0,0.19102408085041403
0,0,0.0019751973680556217
0,0,3.914751298322103e-05
0,0,0.00038775192818131277
0,0,0.0004917322342211291
0,0,0.22356780466853612
0,0,0.0003689050952668336
0,0,8.33500073510182e-06
0,0,0.020383487543231407
0,0,0.017174828770586695
0,0,2.6562266329185584e-05
0,0,6.210216951581643e-05
1,1,0.9999880279140482
0,0,0.21032349290389604
0,0,0.08888068148145212
0,0,8.380729395992329e-05
0,0,0.02566480778326316
0,0,0.00011876810615921451
0,0,0.00036778234674843165
0,1,0.8155077332731883
0,0,8.14892498729967e-05
0,0,1.114433950964704e-05
0,0,0.0031393304001184866
0,0,0.10817646916895203
1,1,0.9969456382112661
0,0,0.00010060086173673002
0,0,0.0002996307004312208
0,0,0.0006253192605166856
0,0,0.00034075802824464933
0,0,0.010823143615405198
0,0,0.0021035617041999873
0,0,0.0002367719053648294
0,0,0.21043661692736224
0,0,0.0166094928260422
1,1,0.7432541127879274
0,0,0.00021400548915829088
0,0,0.0007801386696016729
0,0,0.00022206421262451072
0,0,4.382249217190046e-05
1,1,0.9987894001888746
0,0,0.02134679634917676
0,0,0.0006704744018659276
0,0,0.1815405246978209
1,1,0.9988416717253522
1,1,0.9983338295106393
0,0,4.26669806384476e-05
0,0,0.00018306809738096686
0,0,0.0001382706411042811
0,0,7.970765201129892e-05
0,0,0.1461609904172552
0,0,0.0005470661010884144
0,0,0.07760833676074498
0,0,0.08126538349288694
0,0,0.023192498859629727
0,0,0.0008600269243215924
0,1,0.8949789920136964
0,0,9.01251450430217e-06
0,0,0.00014074719107185713
0,0,2.3860532763573558e-05
0,0,0.0004868459225982045
0,0,0.02318178509471768
0,0,2.184637387676019e-05
1,1,0.9972104751129175
0,0,0.029230005500387728
0,0,0.00019436486000113157
0,0,0.00013030534244133377
0,0,0.001276729292059568
0,0,0.010426784765481693
0,0,0.0006340030242466611
1,1,0.998565427752457
1,1,0.9996217653249428
0,0,0.09314144005304147
1,1,0.9999506120136092
0,0,9.223907752136198e-05
0,0,9.223907752136198e-05
0,0,0.030532302989468064
0,0,0.0011718103486490438
0,0,2.0522258990298328e-05
0,0,0.0003042908802292686
0,0,0.11543873005506304
0,0,0.00017161773226386328
0,0,8.933095774685664e-05
0,0,0.0006115857459773979
0,0,0.000534166691575128
0,0,9.393590603309889e-05
0,0,0.19526755507813834
0,0,0.07539883968243656
0,0,0.00029437848798680855
0,0,0.0007530116579907558
0,0,0.04879108491668013
0,0,0.2288194542821038
0,0,0.0012971832131083623
0,0,0.000315903333424872
0,0,0.00015629620847643755
0,0,0.016038928561301343
0,0,0.014498591091648635
0,0,0.18605940722271824
0,0,0.00010236405188371724
0,0,2.4614662905806483e-05
0,0,0.1382091885622895
0,0,0.0009411126066734445
0,0,0.0004717152054821416
0,0,5.9341905837548945e-05
0,0,0.12136864828011762
0,0,0.0007443305933195429
0,0,0.0004204304936204939
0,0,0.0799906559785319
0,0,6.128966048901083e-05
0,0,0.0003197653028952209
0,0,0.03089114308844161
0,0,0.0005731901369265327
0,0,7.246901845884727e-05
0,0,0.022976832829911045
0,0,0.0006323011581875663
0,0,8.582523799851418e-05
0,0,0.31924078410338264
0,0,0.0018451270028812126
0,0,0.00045157275038539024
0,0,3.406368032058244e-05
0,0,0.0009667399038981203
0,0,0.0031464143766957112
0,0,0.002473260904082251
1,1,0.9983976870589025
0,0,0.00014280832786522853
0,0,0.0003250987083824603
0,0,0.43616997972196325
0,0,2.7333530337127635e-05
0,0,0.0003144536302639235
0,0,5.517971268514111e-05
0,0,0.0012675110915401013
0,0,0.0501200793499082
0,0,0.0004574081221022549
0,0,0.0009462333128135602
0,0,7.500489276971027e-05
0,0,0.0005511140624852423
0,0,0.00015097672898507314
0,0,0.00042892575567291577
0,0,0.009964163797932182
1,1,0.998031004214817
0,0,5.45931120122408e-05
0,0,1.2487730059687724e-05
0,0,0.044303169634304855
0,0,0.007087006273523565
0,0,6.828317799613627e-05
0,0,0.46852870044677325
0,0,0.00012016033120517916
0,0,5.1837938558587286e-05
0,0,0.08253237009787616
0,0,5.600559662523568e-05
0,0,0.17966504092775182
0,0,7.02657659109261e-05
0,0,4.6939583987159844e-05
0,0,0.00021424258463892894
0,0,0.008280404060466392
0,0,0.00021269539683313726
0,0,0.00010880756977835461
0,0,0.0002257103379528993
0,0,0.1149809845778925
0,0,0.00036732907849927376
0,0,0.00026920955130477485
0,0,0.00860444674620954
0,0,0.00043056615114098895
0,0,0.003459358132794169
0,0,1.4355690101846708e-05
0,0,0.00012762943440479182
0,0,9.868563830026469e-05
0,0,0.11504376595475549
0,0,0.10309309632915606
0,0,0.00028296008929988375
0,0,0.00020346434057896863
0,0,0.012678413980896095
0,0,4.7545963592188645e-05
0,0,0.28615594305172887
0,0,0.00010336151490885915
0,0,6.366147778544971e-05
0,0,0.0006746052680877683
0,0,0.00048636521898740064
0,0,0.007175007442637202
0,0,0.0007979022891083711
0,0,0.040337155856823056
0,0,5.605973202835661e-05
0,0,0.0006471902765284162
0,0,8.202971811446942e-05
1,1,0.9962054908737498
0,0,0.00027464569755727367
0,0,0.0031975746393262724
0,0,0.0060722586147003415
0,0,0.0007193963990166505
0,0,4.0546166228688e-05
0,0,0.05879248902768337
1,1,0.999485825107079
0,0,0.0001300414745586125
0,0,0.012670613267484506
0,0,0.056221142757844844
0,0,0.01186186575598522
0,0,3.548310107754924e-05
1,1,0.9933639627578498
0,0,0.00019330899182060235
0,0,0.00015818786503938475
0,0,2.757601858255376e-05
0,0,0.005881714774471035
1,1,0.9976607103076253
0,0,0.000778220940657669
0,0,0.0007834282549299637
0,0,0.06902075500257826
0,0,0.2170184893956377
1,1,0.9959692858304345
0,0,0.001129379260211415
0,0,0.00013731316442964743
0,0,0.00047840542663175146
0,0,0.04301090202536809
0,0,0.00013811972588079362
0,0,0.026217542751847896
0,0,0.021293704723792453
0,0,0.0010534615904232597
0,0,0.016787573483529578
1,0,0.0038845446907680545
0,0,0.0015027178871732452
0,0,0.0319698578881648
0,0,0.21474161984515128
0,0,0.0005674168188466447
0,0,0.000168336632726384
0,0,0.06757007260267556
0,0,6.1468951131095e-05
0,0,0.12450336910569024
0,0,0.0001835224317480825
0,0,0.0019507994657705315
0,0,0.00018670078408503872
0,0,3.222868364814125e-05
0,0,0.00020301802656730384
0,0,1.6166036723384442e-05
0,0,0.0001259172187509648
0,0,1.6700725202134634e-05
0,0,0.0006056928960846106
0,0,0.16138995522603736
0,0,1.95986169835773e-05
0,0,0.03284526599476591
0,0,0.00016004441880164864
1,0,0.32791279574008275
0,0,0.013485955519753538
0,0,0.12546840605047271
0,0,0.07657978078330648
0,0,0.00779640436840239
0,0,4.441094062026056e-05
0,0,0.0005396366246376137
0,0,0.1162811433279716
0,0,7.294712678748408e-05
0,0,1.5218364593772525e-05
0,0,2.98119289831725e-05
0,0,0.00015078140017680506
0,0,0.000628933795330036
0,0,3.5992137033361767e-05
0,0,8.995173418957393e-05
0,1,0.6584020260903498
0,0,0.00020328768489643448
0,0,0.00013003606154885717
1,1,0.9999631271633334
0,0,0.0003318317231264678
0,0,0.0005010754705670455
0,0,0.10506840240737537
0,0,0.00018391717567492236
0,0,0.009292636100892267
0,0,0.01160911022038011
0,0,4.941164831832435e-05
0,0,0.2849186698766605
1,0,0.2885660446041509
0,0,0.0005113214275337242
0,0,5.351161349409571e-06
0,0,0.0018898242200254805
0,0,0.00011667648015794356
0,0,1.541335651535774e-05
0,0,0.03637713464423448
1,0,0.10071403186886388
1,0,0.27130643835609397
0,0,0.0030722217817044603
0,0,0.002732018246072513
0,0,0.00018520988837842877
0,0,3.6142308194152064e-05
0,0,5.45931120122408e-05
0,0,0.4774697196428919
0,0,2.750967911787862e-05
0,0,0.0007546369382826357
0,0,0.0009240939934493503
0,0,1.0035278600647345e-05
1,1,0.9981336493005364
0,0,0.0004794810011933581
0,0,6.91084620391859e-05
0,0,0.16755533158992247
0,0,0.0003001089326745806
1,1,0.9990461461143543
1,0,0.059245392090816223
1,0,0.11368762245598107
0,0,0.039282558283138876
0,0,0.0007467587559886579
0,0,6.745513684018546e-05
0,0,0.0343246365412032
0,0,0.0003932225309123574
0,0,0.0001395607145776485
0,0,4.463627961476019e-05
0,0,0.0003795828372697056
0,1,0.6051444813396848
0,0,0.000640587484400513
0,0,3.48593702155408e-05
0,0,0.001925472849167101
0,0,0.00030582949004347333
0,0,6.630027642340703e-05
0,0,0.10092612423585802
0,0,0.0040384365985474905
0,0,0.00014407649900065778
0,0,7.364945029352194e-05
0,0,0.0749074375995767
0,0,0.007155847843483098
0,0,0.0006942669139985925
0,0,0.00023493358590327874
0,0,0.0006395985432477336
0,0,2.9864342759094894e-05
0,0,0.08846215869632174
0,0,0.00023452721397478312
0,0,0.07182528315894292
0,0,0.000134118416201397
0,0,7.632985939787098e-05
0,0,0.006879490465173102
0,0,0.2625913687217782
0,0,0.00026940736873026306
0,0,7.262776886771889e-05
1,1,0.9990388151661056
1,1,0.9976444336773646
0,0,9.703992147465269e-05
0,0,9.780522229772843e-05
0,0,1.95986169835773e-05
0,0,0.0006714541117159603
0,0,0.018794797106870268
0,0,0.014374072133034274
1,1,0.9979545048131069
0,0,0.0001920683787997461
0,0,0.00012411584609840109
0,0,0.30359545643529307
0,0,0.00038363309779330213
0,0,0.0007084138921746086
0,0,0.0004660037877051872
0,0,0.00012448712135110633
0,0,0.3356486456151841
0,0,0.20772318027548828
0,0,0.0024141398999006467
0,0,0.029634454227037043
0,0,4.498445968092669e-05
0,0,0.0010381497521238024
0,0,0.0004751189963263354
0,0,0.0024834302373529116
1,0,0.17132297028337465
0,0,0.00038775192818131277
0,0,0.00023181035533018635
0,0,0.05212690083114618
0,0,0.00020168645747218437
0,0,1.717974006276113e-05
0,0,2.7109348511934017e-05
0,0,0.2662577718747722
1,1,0.9999845667524194
0,0,3.774517443514008e-05
0,0,0.0003803790306588598
0,0,0.194866077638265
0,0,0.025929048587871466
1,0,0.039308820601611165
1,0,0.4203360620841456
0,0,0.0003631033138808621
1,1,0.9833827074569882
0,0,3.9409480847028524e-05
0,0,0.022095420882471944
0,0,2.3504624926542108e-05
0,0,0.1386019699656923
1,1,0.9940879524239065
0,0,0.00831926479460044
0,0,0.0006327386165335906
0,0,0.4027626617663401
0,0,0.26261389188831186
0,0,0.000185779703052162
0,0,0.0633155956594042
1,1,0.9989937167867319
0,0,0.00016025679841794125
0,0,0.001118230024555014
0,0,0.0003387122827123965
0,0,2.4658861035323417e-05
0,0,0.02089349579035169
0,0,0.003652512235075995
0,0,0.03490519919705838
0,0,0.00016578574203879082
0,0,0.0003102609346099532
0,0,0.1522408299741175
0,0,0.00044255151309865966
0,0,0.12497830961308973
0,0,0.0005865393635231816
0,0,0.00012985792572549115
0,0,0.00016200374399235644
0,0,0.0008628551470922766
0,0,0.047484000683702114
0,0,0.0003288459434133669
0,0,0.001661002975427234
0,0,0.00013200796255459992
0,0,0.00047489708760090646
0,0,0.0025787855060144978
0,0,0.03688049830360971
0,0,0.0001673152572284152
0,0,2.6317883352065197e-05
0,0,0.06263118863765754
0,0,0.0003005643482131698
0,0,0.00025240010776687036
0,0,0.11413315218837301
0,0,9.330177389059251e-05
0,0,0.16970793958066194
0,0,0.018084972568468253
0,0,0.000276414438036521
0,0,0.020283902981167213
1,0,0.09698140978039145
0,0,0.10946368771599786
0,0,0.0001836551040665042
0,0,0.0038473748658453617
0,0,0.00031854353165719176
0,0,7.757058008684548e-05
0,0,0.00035116574108503537
0,0,0.00030751258787049216
0,0,0.05199041462272312
0,0,0.011924843048010884
0,0,0.0029319193840658606
0,0,0.0001912286772774056
0,0,0.0006416958222117291
0,0,0.00047699152276347716
0,0,0.019829876378864575
0,0,0.00027537138552668745
0,0,0.0017516063051016988
0,0,0.19042633008730103
0,0,6.106443816396035e-05
0,0,0.0003131121310672121
1,1,0.9992102415083874
0,0,0.028628955718809787
0,0,0.0015368609129646558
0,0,0.010619727282771501
0,0,0.018672850588680616
0,0,0.00014724492503904017
0,0,0.0006453004998363819
0,0,4.8538074218532804e-05
0,0,0.00028496439705015704
0,0,0.00035177384992993974
0,0,0.0006473869368121718
0,0,6.784615760851896e-05
0,0,0.00046049524403773235
1,1,0.9961970022933806
0,0,0.003306640988607036
0,0,7.788212484997252e-05
0,0,0.000199697054584828
0,0,0.21786693520745906
0,0,0.0005615643890994771
0,0,0.09569161652437512
0,0,0.0009476682230288323
0,0,0.01137436501325417
0,0,0.019813354914485628
0,0,0.16369748086246588
0,0,0.0001727930944181539
0,0,7.60472801192002e-05
0,0,4.788119887018509e-05
0,0,0.03824257550344836
0,0,6.106443816396035e-05
0,0,5.032867640207027e-05
0,0,1.3849078418698127e-05
0,0,0.00037910345661081626
0,0,0.00046107687554634326
0,1,0.5170080399585154
0,0,0.009258816111588698
0,0,9.827803849560667e-05
0,0,0.00011331833607567485
0,0,0.0006000943398301204
0,0,0.0003430524204387565
0,0,0.0012568853496498858
0,0,0.001081416367913863
1,0,0.08549311225397471
1,0,0.054585388047373694
0,0,0.00010870554871456392
0,0,8.7575317649348e-05
1,1,0.9970820814552402
0,0,8.476039625909877e-05
0,0,0.01051316759000374
0,0,0.2315490734033683
0,0,0.00029457041304887794
0,0,0.254482919577753
0,0,7.745595648879582e-05
0,0,0.27953023293819
0,0,0.3333221571560699
0,0,0.017951043437404834
0,0,0.2775934529109234
0,0,0.024413039967975718
0,0,1.2628824083246685e-05
0,0,2.89584624495487e-05
0,0,0.1113286990032444
0,0,0.0006325978211274182
0,0,0.0003586290330459226
0,0,0.0006996067894084694
0,0,5.395153403750887e-05
0,0,0.0001490518312339729
0,0,0.0006376907506882399
1,0,0.07496574508609428
1,0,0.15831348573964668
1,0,0.06969096035707294
0,0,0.0006414034629994605
0,0,0.000318063264599235
0,0,0.0018528750618170774
0,0,0.0027294875228245784
0,0,0.00021600476198922394
1,1,0.9905213776570708
0,0,0.00032696482168485184
0,0,0.031017611874106756
0,0,2.2440731889592224e-05
0,0,0.0034072545079943477
0,0,0.00016946190714756478
1,1,0.5618896031951208
0,0,0.00014455451407525619
0,0,7.990774909950014e-05
0,0,0.0002181789566380375
0,0,0.00011146463893435168
0,0,0.00015544646870971224
0,0,3.009335150894233e-05
0,0,7.900717379667659e-05
0,0,0.005414106315796209
0,0,0.01829353037821135
0,0,0.00026115555299430036
0,0,2.3738205848465567e-05
0,0,0.001201735327526826
0,0,3.0048175817976146e-05
0,0,0.001072572120061006
0,0,0.0001994531127905304
1,1,0.9999131560044494
0,0,8.659727054372169e-05
1,1,0.999372999976508
0,0,0.00047286916023046757
0,0,1.0182848986916911e-05
0,0,0.00028337010037394913
0,0,7.558558444121046e-05
0,0,0.24170649710954176
0,0,6.194899195288733e-06
0,0,0.0007673924385361116
0,0,0.0062208617616553025
0,0,0.47824130938009246
0,0,0.00010609445878513485
0,0,3.642575425120982e-05
1,1,0.9999476757885694
0,0,0.0005890937134960067
0,0,1.8501245631669367e-05
0,0,0.0001547188386650355
0,0,0.0005899130088153476
0,0,0.020278950904792075
0,0,0.007805679563739755
0,0,4.5296976362393774e-05
0,0,0.0005858714730145772
0,0,0.09010678563358702
0,0,0.00047414329330230367
0,0,0.0004136166067637656
0,0,0.20712198438022147
0,0,0.0006810346279746675
0,0,0.00044103765880134857
0,0,0.00016494785067897383
1,1,0.9987564682511286
0,0,0.0003194680498856858
0,0,0.00023514712513979754
0,0,0.15466269959566833
0,0,0.00034946525566274263
1,1,0.6227155341269889
0,0,6.215795769779128e-05
0,0,0.03354826365407705
0,0,0.0003848662094490266
0,0,0.00018600747432033978
0,0,0.001023573439732055
0,0,0.1712321439303337
0,0,0.00013349328020774954
0,0,1.6964715204035907e-05
0,0,0.003621858375002474
0,0,0.00013273818671322938
0,0,0.004478875760897393
1,0,0.4142925126188013
0,0,0.00021611603851774065
0,1,0.5346966126071849
0,0,0.026796326880354833
0,0,0.0004539243190940304
1,1,0.9994839957777335
0,0,0.0016564625297476015
0,0,9.126479737059051e-05
0,0,0.36832812456737685
0,0,0.018914739427071208
0,0,0.0007358791978014568
0,0,0.007449202261852087
0,0,0.0006079990654648975
0,0,0.00031869559293133096
0,0,0.00039212296448456585
0,0,0.0784479329648474
0,0,0.0009034006133594788
0,0,0.0004960264804849005
0,0,0.06377628079072173
0,0,0.00020792335472824048
0,0,9.728298196888955e-05
0,0,8.582523799851418e-05
0,0,8.998117012217026e-05
1,1,0.9999248403385904
0,0,0.048382474545952084
0,0,3.736535054212454e-05
0,0,4.8298977942684126e-05
0,0,0.00019848939693325944
0,0,0.36276150057628836
0,0,0.00012914325958497504
1,0,0.18290849521610592
0,0,0.00017134653486477797
0,0,0.00803755467802436
1,1,0.9999599068535506
0,0,0.00016538382307199092
0,0,0.13735699087131215
0,0,0.0009140271272227677
0,0,0.03980708088457283
0,0,0.00024723995448549315
0,0,6.635794503577497e-05
0,0,0.0024057782431131966
0,0,0.17032542140901338
0,0,0.005407273574885262
1,0,0.21240042298821532
0,0,0.0004514631568278609
1,1,0.9999919004224692
0,0,0.0005497697507541632
0,0,2.169820646583318e-05
0,0,0.0003688438200914302
0,0,0.10533713130234294
0,0,0.044519710278450496
0,0,0.0003829347166709732
0,0,2.9232703587336634e-05
0,0,0.004712062533158449
0,0,0.04475454031430387
0,0,0.010661022359152844
0,0,0.0003131982075287779
0,0,0.00029203569403013876
0,0,0.12084653844639082
0,0,4.725792188518882e-05
1,0,0.1401838686331562
0,0,0.044146485406541404
0,0,3.8278578183715296e-05
0,0,0.00024556407192851055
0,0,0.0001226981355906854
0,0,0.00096357243258115
0,0,6.636897259128626e-05
0,0,0.020944296582653767
0,0,0.07368920183423631
0,0,0.13279629740102536
0,0,0.14444895040350839
0,0,2.3738205848465567e-05
0,0,0.013880408319772533
0,0,0.00013238852853427225
0,0,0.05991631160663431
1,1,0.9984047998799017
0,0,0.0008049643859155424
0,0,0.011126740116495688
0,0,3.306837901650671e-05
0,0,0.00027912115472069455
0,0,0.16777570864925553
1,0,0.1053591489004308
0,0,0.0001697625153931477
0,0,0.0003586290330459226
0,0,0.003985698998973714
0,0,0.00026864574029751955
0,0,5.581326769186966e-06
0,0,0.00018052023687743928
0,0,0.044253937202727404
1,1,0.9934229590747315
0,0,0.3771115111058612
0,0,0.06016111992007802
0,0,0.00012779690610095803
0,0,0.0005821440513172324
0,0,3.419728987995733e-05
0,0,0.013466752039539112
0,0,0.14477016816094554
0,0,9.07405008691184e-05
0,0,8.618074914528446e-06
0,0,0.0002895968024043996
1,1,0.9986821143468037
0,0,0.0002482707280545983
0,0,0.009883312922336754
0,0,0.00024231311400544733
0,0,0.24372203495788505
0,0,0.003649209891324831
0,0,0.01826949296449634
0,0,0.08672516801535766
0,0,0.007439706895166326
0,0,0.00041771864743655253
0,0,3.874229735856053e-05
0,0,1.696874823922759e-05
0,0,0.000274894300998168
0,0,0.0001760933650888893
0,0,0.001081040941274065
1,1,0.9985940368820425
0,0,0.08604618367695314
0,0,0.00010503055929648355
0,0,0.02820375128945906
0,0,0.0001262874578764295
0,0,0.0002377292304590226
0,0,0.004979572641570555
0,0,0.002397305316119748
0,0,0.00042870038671956556
0,0,0.00026603141082813785
0,0,0.0026267526928982
0,0,9.052831216545479e-05
1,0,0.13180603404755498
0,0,0.06571779532136542
0,0,0.05842782232880457
0,0,0.02552395138104831
0,0,0.0024866198531711724
1,1,0.9987097142101913
0,0,8.131035911251382e-05
0,0,0.19663644523895374
0,0,0.0031393304001184866
0,0,0.021250772922362538
0,0,0.00017369785950525934
1,1,0.9982687979684111
0,0,0.0029998232452467547
0,0,0.0029543318352227873
1,1,0.9986343575215963
0,0,0.0006039483623237257
0,0,0.00011167001247954324
0,0,0.00010202559827936062
0,0,0.004654883487737767
0,0,0.0003800750067082827
0,0,0.020205427446028993
0,0,0.00025800320447809556
0,0,0.0063988037709562535
0,0,0.36197894897225147
0,0,0.008562186949402523
0,0,0.00030394757877548896
0,0,4.956053913581116e-05
1,1,0.9995433201150082
0,0,3.724477637281972e-05
0,0,0.18893860645678714
0,0,0.22883266786524156
0,0,0.30313364005524446
0,0,0.00023352766510454024
1,1,0.9989615202585064
0,0,0.11292849505031219
0,0,0.002464902013320182
0,0,1.255538119708878e-05
1,0,0.1915406343653608
0,0,0.0001948015688162453
0,0,0.0035961768105164903
0,0,0.03270479296903892
0,0,7.535067693174041e-05
0,0,5.4084499244870914e-05
0,0,0.0002875722219967796
0,0,0.0006566322899221855
0,0,0.00012411584609840109
0,0,0.00017565600979900777
0,0,0.000684546010405305
0,0,0.0010579742554106568
0,0,0.011175881132461232
0,0,8.582523799851418e-05
0,0,3.1405237514996123e-05
1,0,0.009325611990185723
0,0,0.00040599683084649544
0,0,0.0002018476950347038
0,0,9.267848841435056e-05
0,0,0.0016992817524864492
0,0,1.21912785385523e-05
0,0,0.00054495591209128
0,0,0.00010462848580382614
0,0,0.1682042915833096
0,0,0.0001508445003591208
0,0,7.61548685777535e-05
1,1,0.9990723376996498
0,0,6.990068472328968e-05
0,0,0.0006979192632696159
0,0,0.11131858639238418
0,0,0.00043312964959388105
0,0,0.01223245551063615
0,0,0.0011691379178061356
0,0,0.05402463351156248
0,0,0.09094370855610379
0,0,0.06534012233624835
0,0,3.2666025361847674e-05
1,0,0.317834647399626
0,0,0.011565876368243718
0,0,0.03744141073603311
0,0,0.17032771642428113
0,0,3.642575425120982e-05
0,0,0.0023717687947845782
0,1,0.6013595962192813
0,0,0.05204886376228683
0,0,0.010845636846119529
0,0,7.24841390309677e-05
0,0,0.0034104223888073884
1,1,0.9999785601688361
0,0,3.209593650853303e-05
0,0,0.00022287444115621222
0,0,0.005832390908449759
0,0,0.0012232924232855056
0,0,4.357165683633785e-05
0,0,3.4776505268790776e-05
0,0,4.9086141591164226e-05
0,0,0.00011846783600368707
0,0,0.0250815217149829
0,0,0.0014566106681041136
0,0,5.627534996285676e-05
0,0,0.05347749694448135
0,0,6.657317584923229e-05
1,1,0.9988234717164163
0,0,0.048065595184607054
0,0,0.019033074660409426
0,0,0.004489159460186655
1,1,0.9999938746582955
0,0,1.454402917800461e-05
0,0,0.004632445957952009
0,0,6.838332965835121e-05
0,0,0.00010862624467561199
0,0,0.012445087824992379
0,0,0.0003486104110219666
0,0,0.00014372507720451335
0,0,5.032867640207027e-05
0,0,0.0749074375995767
0,0,0.0485834116838538
0,0,6.102183259074114e-05
0,0,1.2500850514714755e-05
0,0,0.0006842489804569211
0,0,0.43915147006631866
0,0,8.329535475525385e-05
0,0,0.002143008409915665
0,0,0.00032559376673478975
0,0,0.000507977691348167
0,0,0.0002523884087447867
0,0,0.00038755379911661084
0,0,0.0004056511002265816
0,0,0.00024168751980303393
0,0,0.008909573452345146
0,0,0.04594684957844765
0,0,8.378080289694396e-05
0,0,8.903878373079063e-05
0,0,6.215795769779128e-05
0,0,0.00013340001630815303
0,0,0.00028376796703325554
0,0,0.00020803632480868983
0,0,0.16448681244589028
0,0,0.0005220198840012221
0,0,9.228583108578086e-06
0,0,0.010465405811326252
0,0,0.0005698703263217516
0,0,7.246901845884727e-05
0,0,7.745595648879582e-05
0,0,0.0003284031787744348
0,0,0.00038984303527767224
0,0,0.16724197085887316
0,0,4.23341566792279e-05
0,0,0.00022086178560191445
0,0,0.37851922261977916
0,0,0.05142896434263638
0,0,0.00025381521592942225
0,0,0.03796410380404647
1,0,0.29548430069305337
0,0,0.0011072276262779172
0,0,0.00030149849250778887
0,0,0.0007861982990078033
1,1,0.9998260089833799
0,0,0.0006300647829797984
0,0,0.0008080653668410739
0,0,0.0005163141272252044
0,0,0.11003499975797575
0,0,0.00010462848580382614
0,0,0.0001291814684935638
0,0,0.0002998408306795634
0,0,0.0007443141086483764
1,1,0.9998227255471769
0,0,0.00014071634839263658
0,0,0.0015134602116415505
0,0,0.0012065414181696892
0,0,2.8672261553542892e-05
0,0,9.171531681560803e-05
0,0,0.011574080804009906
0,0,0.10471558956046198
0,0,0.015638617392814066
1,0,0.14738503436450123
0,0,0.02441319423022747
0,0,0.04536595062238875
0,0,0.21069537159731694
0,0,0.009003797351693378
1,1,0.999006532398782
0,0,0.0002925854588895963
0,0,0.002030118570508792
0,0,0.07639834509683754
0,0,0.00010895688546108398
0,0,0.4346178400297308
0,0,0.00013478642926717535
0,0,0.0001369455170037639
1,1,0.9992638546719429
0,0,7.488708823789357e-05
0,0,0.00038775192818131277
0,0,0.025520666284952205
0,0,0.11680368178667891
0,0,0.13960326126954314
0,0,0.2676516562160153
0,0,0.00031943094306772254
0,0,0.00016868804586135305
0,0,0.011236787155197997
0,0,0.08426478150734454
0,0,0.07437323494213734
0,0,0.0004344257405327887
0,0,0.0001611308537325211
0,0,0.00027724132642866487
0,0,0.07170877367138154
0,0,2.9864342759094894e-05
0,0,0.13302662746708582
0,0,0.10205526786122403
0,0,0.09503677719987945
0,0,0.055418184608401186
0,0,0.0003510712518080384
0,0,0.030983549813190615
0,0,0.0010233916939404004
0,0,0.00033822724334542603
1,1,0.9999303920112782
0,0,0.0005935832017213887
0,1,0.5067101963774483
0,0,0.0007154972868450839
0,0,0.00048515817528721066
0,0,0.31862203807476586
1,1,0.9981045207685814
0,0,0.00023952692247426266
0,0,0.00043138709703898436
0,0,0.0004735358736280957
0,0,2.4253047564246202e-05
0,0,0.0005829197258973995
0,0,0.00038121932000656863
0,0,4.9326980875557374e-05
1,1,0.9988103606289257
0,0,8.502797145801699e-05
0,0,0.40791375855449524
1,1,0.9972651092353464
0,0,0.00015898548167723076
0,0,0.00012023007462995371
0,0,0.0007460780693055996
0,0,0.00032156897791100163
0,0,0.166300785112725
0,0,0.02091064230889927
0,0,7.251181769080074e-05
0,0,0.3421348061196748
0,0,2.3738205848465567e-05
0,0,0.00027824349644371265
0,0,0.00023622519845888814
0,0,2.3738205848465567e-05
1,1,0.99799610458059
0,0,0.0015244467499548355
0,0,0.031739910444581305
0,0,2.2378895358679046e-05
1,0,0.3502120904710554
0,0,0.002774634084941245
0,0,0.00024323098339737039
0,0,0.00012347411261553448
0,0,0.0021195380647878958
0,0,0.0006532694768359194
0,0,0.03343570124108023
0,0,7.043200545068472e-05
1,0,0.3663423714584008
0,0,0.00020928268996481516
0,0,0.037002424018069045
0,0,0.0002531053903196351
0,0,0.0001879526483521309
0,0,0.0003524688220642266
0,0,7.150827340899913e-05
0,0,0.00034528984144826787
0,0,5.2582424225096945e-05
0,0,0.019025274986583733
0,0,0.10871881282272267
0,0,0.00029521017030560487
0,0,0.00029276710062007476
0,0,0.0013995851249577428
0,0,0.00031131780108725374
0,0,0.0005446767659306196
0,0,8.614750254950932e-05
0,0,3.268074106201415e-05
0,0,0.0030981902942075466
0,0,0.0020619839358195146
0,0,1.2906967789296271e-05
0,0,7.339875779636052e-05
0,0,0.0004127165005554091
0,0,0.0004087319922536269
0,0,0.002025724915092414
0,0,0.001446812714489428
0,0,0.0002643335503593405
0,0,8.659727054372169e-05
0,0,0.00027097134105323096
0,0,0.002822947979083993
0,0,3.10468771441724e-05
0,0,0.024286980813961398
0,0,0.09769412228634555
0,0,0.00019204546106009248
0,0,6.386363023122915e-05
0,0,8.78047754649253e-05
0,0,0.005685697096883319
1,0,0.3882129780243576
1,1,0.994539940158264
0,0,0.10726636169230257
0,0,0.0007016953428905717
0,0,0.3007025689820597
0,0,0.001048727734265149
0,0,0.0010377228631973476
0,0,0.0003221790870343368
0,0,7.104699414384145e-05
0,0,8.970191789785339e-05
1,0,0.30904696334658466
1,0,0.11786100521678836
0,0,4.878114711512141e-06
0,0,0.11341990053377887
0,0,0.002192611279924165
0,0,1.9844668056352356e-05
0,0,0.00038952221922005064
0,0,0.09142303258205817
0,0,0.00023375800293060943
0,0,0.009926903762631521
0,0,8.389346996366535e-05
0,0,0.39534287134525314
0,0,0.00023202411975971378
0,0,0.037553398213381176
0,0,0.002363143642211801
0,0,8.656166156105125e-05
0,0,0.00020828479164498236
0,0,8.532712630025258e-06
0,0,4.28719130647968e-05
0,0,0.39429868114527444
0,0,0.005827168535038319
0,0,0.0012459293941896954
0,0,0.04897533911610802
1,1,0.9999837075449335
0,0,2.7441817933530253e-05
0,0,0.0003102671401156563
0,0,0.18216683009850157
0,0,0.0027053347484057625
0,0,0.11505920070223206
0,0,0.00016580669933375023
0,0,0.0002577019571043286
0,0,0.0007684851481204691
1,1,0.9964308631635075
0,0,0.10028837602940802
0,0,0.013542376299994094
0,0,0.09670649240353398
0,0,0.03248770892990694
0,0,0.001344733742669736
0,0,0.02974496201472569
0,0,0.00017418425286340762
0,0,8.603802202359743e-06
0,0,0.003663144130231684
0,0,4.629740034499702e-05
0,0,0.013110478897284835
0,0,6.251367396692955e-05
0,0,0.0001299911960146487
0,0,7.54696663687397e-05
0,0,0.2878678443543695
0,0,6.368736957933225e-05
0,0,0.0112494785251243
0,0,0.013073137553149945
0,0,0.01232498909188757
0,0,0.4432155271062683
0,0,0.032068049060621766
0,0,4.7588006306879375e-05
0,0,0.0007402166171124516
0,0,0.0001380997474544081
0,0,0.010112489046357873
1,1,0.997851185045632
0,0,4.228901766411172e-05
0,0,0.04488223512802717
0,0,0.000822718513527663
0,0,0.00039880559987290316
1,0,0.41802496295506253
0,0,0.00010610788411023968
0,0,0.001772977005816766
0,0,0.0004793092499198467
0,0,0.0003448309247522303
0,0,7.763067536719994e-05
0,0,0.0006742192321441008
0,0,0.005477194577408834
0,0,0.0015368609129646558
0,0,0.0451906779437816
0,0,6.658486082739988e-05
0,0,0.0008350899401836561
0,0,0.1799349690086206
0,0,0.4102715669951724
1,1,0.9992680945591281
0,0,7.663312438804938e-05
0,0,2.7378781915107695e-05
0,1,0.5027825922031302
0,0,0.24240190423300817
0,0,0.16849794829390147
0,0,0.01597972079891637
0,0,0.08860104780999686
0,0,0.0010278158793337936
0,0,0.0004339768745667397
1,0,0.03466219050785715
0,0,0.00065426709021652
0,0,2.812600077340681e-05
0,0,0.000373788566041621
0,0,6.875067663232525e-05
0,0,0.0010005611827126049
0,0,1.748937159193494e-05
0,0,0.00018712900041456735
0,0,0.0009465436278512271
0,0,0.15429381321138683
0,0,0.0025193525644567516
0,0,0.0004293487210588185
0,0,0.00608235482643265
0,0,1.391925400731554e-05
0,0,6.391161938133381e-05
0,0,0.001213726999044064
0,0,0.0006248300983575807
0,0,0.0002792362692511481
0,0,0.001498455600458664
0,0,0.00017161773226386328
0,0,4.5747774336087425e-05
0,0,0.0010369689140075353
0,0,0.04741712059179196
0,0,0.03681282212760317
0,0,0.010926476985309715
0,0,0.00016029323971403957
0,0,0.012860351137678333
0,0,0.0008765203326957582
0,0,7.044736800710581e-05
0,0,0.0007072628069572202
0,0,0.0028593323028750727
0,0,0.00029626664077512176
0,0,0.007014506342495364
0,0,0.12996617121862908
0,0,9.931410211821145e-05
0,0,0.00025698143664987965
0,0,9.074759207379627e-05
0,0,9.320749935184189e-06
0,0,0.0013672771484928795
0,0,0.00015928786257886333
0,0,0.010404237424897893
0,0,0.0002051808464926246
0,0,9.347890620462759e-06
0,0,0.03361925764217351
0,0,0.0002754382844678194
0,0,3.789881387734011e-05
0,0,0.000714865076639395
0,0,0.2571605590465732
0,0,6.851202239220377e-05
0,0,0.00044195933562926864
0,0,0.00010939232765309965
0,0,0.002081747019368675
0,0,0.13417355368812153
0,0,0.11936064873126367
0,0,5.453654138095739e-05
0,0,0.00012327862275470812
0,0,1.7769314510008778e-05
0,0,7.359294358239899e-05
0,0,0.00014673345023744362
0,0,1.2626660304706904e-05
0,0,0.004059236906624276
0,0,3.1334041675906705e-05
0,0,0.2009843504174293
0,0,0.001426490542613119
0,0,3.809760069811779e-05
0,0,4.8794204963753036e-05
0,0,0.0005335027887704062
0,0,9.815860175207838e-06
0,0,0.0002922541846970195
1,1,0.9999857973419394
0,0,0.0005429714550603966
0,0,0.14737985449890692
1,0,0.3314074259403947
0,0,0.00013805420377929412
0,0,0.0005107163885612622
0,0,0.005255846786758559
0,0,2.550357070127373e-05
0,0,0.001248798666068029
0,0,0.25888763153185274
0,0,7.970130148043048e-05
1,1,0.9999911724922151
0,0,0.3665210546368041
1,1,0.9987655535433839
0,0,0.00030549391374619296
0,0,9.42878127530889e-05
0,0,0.0016319477243272008
0,0,0.0011738129362998157
0,0,0.0018451174567052822
0,0,0.0003948102659455588
0,0,0.0004289767685952556
0,0,0.0010026038736757593
0,0,0.00019265402300897304
0,0,0.07266916307769035
0,0,0.0002375906639833517
0,0,3.067826809992394e-05
0,0,0.00018667767757550103
0,0,0.010124402899745056
0,0,0.00035831300494983164
0,0,0.0002608990292751841
0,0,0.0014170025234407013
0,0,0.010607505500819608
0,0,0.14539519745667215
0,0,0.0008634754710144464
0,0,0.002403730249919488
0,0,0.01137436501325417
0,0,0.0940759642055951
0,0,0.00011167256283161423
0,0,0.007488151976364847
0,0,0.0002923302545207878
0,0,9.74675209424979e-05
0,0,8.262459945956186e-05
0,0,6.102183259074114e-05
0,0,0.0001833569261868903
0,0,7.292409377867353e-05
0,0,0.00010370454699881058
0,0,0.0010678694435538524
0,0,0.00011661533890679563
0,0,0.02988454787991491
0,0,0.01149910379303582
0,0,1.5872632051223913e-05
1,0,0.11050474081449112
0,0,3.3280440612987e-05
0,0,0.00014690290543498222
0,0,8.496687120160023e-05
0,0,0.147959643389418
0,0,0.00011433393456806118
0,0,0.0005841140519387006
0,0,7.65789882581477e-05
0,0,5.128401957253443e-05
0,0,0.000660064807963576
0,0,0.04364108619045173
0,0,0.0864430158451054
0,0,0.00042522653004366934
0,0,0.04117574716514032
0,0,0.00034580731407165676
1,1,0.9973062821900478
0,0,0.004749488278332517
1,0,0.22380679023444588
0,0,0.00020863383107046148
0,0,0.00017161773226386328
0,0,0.2498573851738077
0,0,0.00022999574370663974
1,0,0.129780124225763
0,0,4.0220064092348194e-05
0,0,0.00021051583631004112
0,0,0.002380515298938619
0,0,0.00046302753710201496
0,0,0.00014453060800149667
0,0,0.028315111023354007
0,0,0.0005347607308818686
0,0,0.00014213882891802972
0,0,0.00010698855015492722
1,1,0.9992253673245917
0,0,0.0003967033773843133
1,1,0.9999529639906479
0,0,0.05593918117385995
0,0,0.11184401877506035
1,0,0.02181335059247728
0,0,0.010862030472525942
0,0,0.00013926729911098164
0,0,0.007369439426683784
0,0,0.0035871174437520936
0,0,0.2751369928998109
0,0,0.0003299663983420335
0,0,0.0001237929711475625
0,0,0.00011183919475542287
0,0,0.0031235008295727976
1,1,0.999991383791367
0,0,0.0689115392490224
0,0,0.0003677351398505056
0,0,1.95986169835773e-05
0,0,0.004673732047985333
0,0,0.019623906380797376
0,0,0.0004226707611878351
0,0,0.013396284711426799
0,0,0.0016204871305135517
0,0,0.00432127240709264
0,0,3.0286451558947377e-05
0,0,1.2982269861487427e-05
0,0,0.0024800672459872504
0,0,0.0006978659541473984
0,0,2.0081906015411468e-05
0,0,0.031573419146473415
0,0,0.0004466749211737252
0,0,5.1501343621663554e-05
0,0,0.0882429453281842
0,0,7.515220928504535e-05
1,1,0.9973543515111221
1,1,0.9988337328363917
1,1,0.9999984127402982
0,0,9.329887450990146e-06
1,1,0.9970675354903006
0,0,0.49226892162621566
0,0,0.00015873159824811
0,0,0.0010343136358762365
0,0,3.90200111202332e-05
0,0,0.055232952010674255
0,0,3.4158303688625944e-05
0,0,0.0008259946893329496
0,0,0.0001994286338451376
0,0,0.13062340025649033
1,1,0.9999540117161145
0,0,1.530452635080119e-05
0,0,3.873939868049447e-05
0,0,0.2160102839138695
0,0,0.004586894766369105
0,0,0.00021330280143040821
0,0,0.0001746217408846839
1,1,0.999950396872885
0,0,0.0004087694797300574
0,0,0.00015305228789836372
0,0,7.082087775688774e-05
0,0,0.0002653143983444623
0,0,4.3667087528197384e-05
1,0,0.034504482780401184
0,0,0.00018838432756286
0,0,0.00020702723048717403
0,0,1.5406465378021185e-05
0,0,0.00016233793752504897
0,0,0.003444867205032306
0,0,2.269564319112524e-05
0,0,0.1304218466533447
0,0,0.00016813156500499816
0,0,1.7026253023144838e-05
0,0,0.00010753283364365716
0,0,0.0003800365319628334
1,0,0.16592179443722652
0,0,0.0001420045123673573
0,0,0.2323691010062421
0,0,0.0007515105226887508
0,0,0.00027200152822636376
0,0,0.008407355931242824
0,0,6.675389402268167e-05
0,0,0.00038303325491419155
0,0,0.00014896771799733797
0,0,5.6614258603219016e-05
1,1,0.9966366562395506
0,0,5.300608911213721e-05
0,0,0.031072144388705432
0,0,2.4502952524245047e-05
0,0,0.00022579005350071204
0,0,0.00013542489521690032
0,0,0.1561049801641537
0,0,0.0004143208688210462
0,0,0.3151286691700958
0,0,0.0033554617575023513
0,0,3.442278214201055e-05
0,0,0.29386697257122574
0,0,4.549058046411776e-05
0,0,0.20991203234812578
0,0,0.00013618676062554993
0,0,6.691390389959372e-05
0,0,3.079314331253397e-05
1,0,0.085299708163568
0,0,0.00021849075436336808
0,0,0.00025247477175817
0,0,0.4346194640701429
0,0,0.00020924713434610802
0,0,0.0004410888395286987
0,0,7.462001384334685e-05
0,0,0.43276887012349446
0,0,3.030051098078362e-05
0,0,0.0007166064048314003
0,0,0.17119571467087877
0,0,0.0016331288527480937
0,0,9.121482403327855e-05
0,0,1.2906967789296271e-05
1,0,0.28224466326324665
0,0,0.1168562360939932
0,0,0.0003518282522294448
0,0,0.022319698167171165
0,0,0.12176580284559076
0,0,3.958760328203472e-05
0,0,0.018228058085353577
0,0,0.00041363023240932346
0,0,0.00047091952088392945
0,0,0.007134378187116923
0,0,0.0035040668905650754
0,0,0.004951407745603031
0,0,0.0003431383717005088
0,0,0.02097567182583215
0,0,0.00032588837017345177
0,0,0.00025431789575044116
0,0,0.13811612471492862
0,0,0.0002333465201418442
0,0,2.41916094194674e-05
0,0,0.03869414858386906
0,0,9.74675209424979e-05
0,0,0.0001927615198103393
0,0,0.00029034089855757095
0,0,0.0005587408479730008
1,1,0.9984223810658077
0,0,0.09966889279271897
1,1,0.999982251815908
0,0,0.030573575372569994
0,0,0.08992373150668408
0,0,0.05519582162657779
0,0,2.1240889475506396e-05
0,0,0.0016915555347334279
0,0,0.13329298141784263
0,1,0.6023527057297696
0,0,0.00010685542648368767
0,0,0.0006034334863823192
0,0,1.0827784739801925e-05
0,0,0.0004922601492986337
0,0,7.339110163728998e-05
0,0,0.007545699264558223
0,0,0.0005493372538298062
0,0,4.7164998315613625e-05
0,0,1.577591409255259e-05
0,0,0.00016212694394238613
0,0,3.574461943111896e-05
0,0,3.682153864092146e-05
0,0,3.167956501866324e-05
0,0,0.45537543466137376
1,1,0.999462319462239
0,0,2.007761319542257e-05
0,0,0.00016482091596552238
1,0,0.40804018906708694
0,0,7.856225913399386e-05
0,0,3.682675901416999e-05
0,0,0.0001154732621847053
0,0,0.019110004585094802
1,1,0.9995590672917096
0,0,4.3472219151694174e-05
0,0,0.0022496708431468675
0,0,0.010960768413281915
0,0,0.0003668681015400107
1,1,0.9992402825833065
0,0,0.00044381962987302426
0,0,0.000449712323550354
0,0,0.00036789637224736037
0,0,0.00015706455502150792
0,0,0.00012529384836761805
0,0,0.07380502395836291
0,0,0.0001611696374042648
0,0,0.0002529691778016559
0,0,3.606469713798608e-05
0,0,3.104302773560127e-05
0,0,0.11084592042395472
0,0,0.0024721806271548593
0,0,0.020901951065763227
0,0,9.750985516348887e-05
0,0,0.020329916675148028
0,0,0.00022109352799503016
0,0,1.2626660304706904e-05
0,0,5.155101320889944e-05
0,0,0.13856409871360262
0,0,0.3073738885535549
0,0,0.0002879550597542297
0,0,4.271873709771155e-05
0,0,0.111933469475769
0,0,4.795444838811481e-05
0,0,0.00011726416845837113
0,0,3.9005884530548575e-05
0,0,0.0009631316915157394
0,0,0.0010219331745570034
0,0,0.00030161679672243997
0,0,0.0007187498187131285
0,0,0.004197972825404461
0,0,0.03348886489216667
0,0,0.00013618676062554993
0,0,0.0002315210556849445
1,1,0.9988204273062883
0,0,5.043835326643217e-05
0,0,9.257394788058238e-05
0,0,0.00019717230996969126
1,1,0.9994360466411946
0,0,0.0011193555768329525
0,0,0.4275355657235577
0,0,0.14135374280812119
0,0,3.820371352577392e-05
0,0,0.04321612968187253
0,0,0.00027174416159718196
0,0,0.00025743938848331343
1,1,0.998789383804927
0,0,0.0010120565908307059
0,0,0.0012908522100030825
0,0,0.0001661235801297923
0,0,0.0003284507252207937
0,0,0.03752886386175761
0,0,0.0007192036285350764
0,0,0.00021385816402383768
1,0,0.2371831641566922
0,0,0.08221911060963817
0,0,8.774725993377439e-05
0,0,1.2906967789296271e-05
0,0,0.008802494472401886
0,0,0.0007458763007224427
0,0,0.00011504567669845299
0,0,0.0005805546214704483
0,0,0.07777420935617456
0,0,0.053507638815005976
0,0,0.002008010729593507
0,0,4.820066471831602e-05
0,0,0.0003130438173377905
0,0,0.0007159341140015312
1,1,0.9999762534506054
0,0,0.011921098270703192
0,0,0.00015394947586152319
0,0,0.09303242849094735
0,0,0.00679822586582102
0,0,0.13357771056854567
0,0,0.0013327900427196394
0,0,0.18440383409583996
0,0,0.00010336086852016022
0,0,0.016584875392819977
0,0,0.02143221596374328
0,0,0.15868452130460498
1,1,0.9961216385934866
0,0,0.0003814289346805326
0,0,0.02492166810467322
1,0,0.04957765266760199
0,0,1.1090946830593286e-05
0,0,0.1422326607905079
0,0,0.0003919290487602915
1,1,0.9999744510421579
0,0,0.13821805014173286
0,0,2.34112741005911e-05
0,0,0.0006770456403412746
0,0,0.0007635397002818554
0,0,9.511955855104572e-06
0,0,0.0036284058060976655
1,1,0.9996386120324867
0,0,0.10253413788703297
0,0,0.00020484756066973007
0,0,0.0002155179992374278
0,0,0.00012080854757762823
0,0,0.05998172691020931
0,0,0.0006514601966806397
0,0,2.7109348511934017e-05
0,0,0.0001321458866532711
0,0,0.3485094493907022
0,0,0.014015396159267154
0,0,0.00040009081757880964
0,0,0.04575482439785206
0,0,0.0002520466131486017
0,0,0.00030079545484839487
0,0,2.7109348511934017e-05
0,0,3.665797909828729e-05
0,0,0.0005821440513172324
0,0,0.00029806866205408573
0,0,0.0006777497770029364
0,0,7.515220928504535e-05
0,0,0.09042036660476853
0,0,0.017380236301296252
0,0,0.000288867272860012
0,0,0.00019282404661160162
0,0,0.002545413258808712
0,0,0.0004898151604096183
0,0,8.502915120195082e-05
0,0,0.0002523923815999797
0,0,0.0001720457901714774
0,0,0.0002511447694723458
0,0,6.0912599141774255e-05
0,0,0.0002068824534821636
0,0,0.0023547347706953563
0,0,0.001853466599589752
0,0,0.07994156843436298
0,0,0.0008637026931661964
0,0,0.00018127055013879647
1,1,0.9980115953107903
0,0,0.014203542902079052
0,0,0.0015079361015908363
0,0,0.0001444496729055062
0,0,0.00013227447284541936
0,0,0.018863348961269098
0,0,0.03311443716304274
0,0,0.00021640124283948408
0,0,1.7889989719218884e-05
0,0,0.14352383950336622
0,0,0.013969980045901711
0,0,7.790586603528727e-05
0,0,0.008679257540644546
0,0,0.00025403304866094786
0,0,0.005736678570918396
0,0,0.0004916531914120532
0,0,0.0003306660306716199
0,0,0.00043306535178846164
0,0,0.01901584416099666
1,1,0.9983998646820287
0,0,0.0003814457827757239
0,0,5.509892717917314e-05
0,0,0.000296553664119313
0,0,0.00034195698947200577
0,0,0.0004265027155134682
0,0,0.0017970812316799986
0,0,0.0001754867592267177
0,0,0.0003724562669456854
0,0,0.0013512590446801776
0,0,0.0001547188386650355
0,0,0.0005513958652810771
0,0,0.37873580288572684
0,0,0.00010372179198508514
0,0,0.0008432724754277954
0,0,0.00029009461770480475
0,0,0.040545774309403704
0,0,0.0001649945968424201
0,0,0.00012309786088693603
0,0,0.022337784586765597
0,0,0.0006418654083949458
0,0,0.0003573306075598272
0,0,0.0001250880023969611
0,0,0.00010905234974076429
0,0,8.994191782640567e-05
0,0,0.0052541262089973095
1,0,0.02775007902567132
0,0,6.546787046078334e-05
0,0,0.015421740666641303
0,0,2.552713182954597e-05
0,0,0.0001893548832036126
0,0,7.870848880791838e-05
0,0,0.004554753344006219
0,0,0.0005515271182198917
0,0,0.0020460160875744623
0,0,0.005960703151915432
0,0,0.00017617272989944283
0,0,0.004088777666277663
0,0,0.0013080089017696458
0,0,0.0003478836600984027
0,0,8.322295939127996e-05
0,0,0.0004923791312656251
0,0,0.00022776550457805365
0,0,0.00023279253282397041
0,0,0.00012137479021153716
1,1,0.9971171433496011
0,0,0.004616066251808592
0,0,0.005500264940246058
0,0,1.1625999997561021e-05
0,0,0.00027238506034931614
0,0,3.468974669643197e-05
0,0,0.0003616522356949851
0,0,0.00035035202884045987
0,0,0.002158013149011988
1,1,0.9990868230266055
0,0,2.3738205848465567e-05
0,0,0.00018376694379086605
0,0,0.01262252491916117
0,0,1.9993645394831497e-05
0,0,0.00010366953641301354
0,0,4.65127181455848e-05
0,0,4.509376191710843e-05
0,0,2.8147941357868545e-05
0,0,8.419864850385723e-05
0,0,0.00016605545837612668
0,0,8.473311742720915e-05
1,0,0.22007994125414895
0,0,0.00036167338655692624
0,1,0.5033527084438251
0,0,0.0001492436589500135
0,0,0.18867851056323193
0,0,0.00837145228468324
0,0,0.0003586290330459226
1,0,0.4510418326097631
0,0,0.125883178016345
0,0,1.3617820735733033e-05
0,0,0.1812506765694835
0,0,0.0002999697237310671
0,0,0.0014119945587439888
0,0,0.09105073388046299
0,0,0.0004465474973956652
0,0,0.00023320557111784806
0,0,0.00017560749074212162
0,0,0.221403607972452
0,0,0.0004217308519981806
0,0,0.0008100535732479365
0,0,0.0001925977861342973
0,0,0.00015540101215821375
0,0,0.11605176754937524
0,0,0.03752886386175761
0,0,0.0002104712120145904
0,0,0.09890664997653233
1,1,0.9951414198025954
1,1,0.9992855248452994
0,0,0.18904916977842018
0,0,0.011738045439495819
0,0,2.7109348511934017e-05
0,0,0.0001720288197655165
0,0,0.002718563529768649
0,0,0.10988527989022025
0,0,0.0002410500832369256
0,0,8.944351508924067e-05
0,0,3.340216405814076e-05
0,0,0.007719651338461663
1,1,0.9999548575277942
0,0,0.0003322390376651359
0,0,0.027603134448205745
0,0,0.18308996387948637
0,0,0.0009738999254372837
0,0,0.0727785727861396
1,1,0.9982765185340426
0,0,3.986867694626426e-05
0,0,0.0015333641717426428
0,0,3.730488446390146e-05
0,0,0.10255269256642509
0,0,0.00016827553398361214
0,0,0.0009882838420470547
0,0,0.0002526337357365782
0,0,3.4146223979560886e-05
0,0,0.0021814920581233093
0,0,8.506434046768518e-05
0,0,0.4899625404177728
0,0,3.370105509446505e-05
1,0,0.07014686529312707
0,0,1.630676012150765e-05
0,0,0.02826554257732171
0,0,0.0016129200302763206
1,1,0.9940274173752477
0,0,0.015748253595539254
0,0,0.0003173006691659588
0,0,0.2960722232144438
0,0,0.0002594727800648782
1,0,0.4779195296783819
0,0,1.5907568538688278e-05
0,0,0.12923378282871523
1,1,0.9983733735407615
0,0,0.00012670842652079997
0,0,0.0025086274623487984
0,0,8.051068316125679e-05
0,0,0.0014532576694418335
0,0,5.941643245641955e-05
0,0,0.0002655238636785496
0,0,0.0004036694151287215
0,0,0.0454450741635518
0,0,0.05697876319210847
1,0,0.18693562579616915
0,0,0.0005731119540146155
0,0,0.008019738941179019
0,0,0.0037806323160036303
0,0,8.080382356567836e-05
0,0,0.0006481918501407114
0,0,0.00011507081707132045
0,0,0.09215770014735357
0,0,0.003966918924674473
0,0,0.00017935143487842693
0,0,0.05894017888753259
1,1,0.9999863582591852
0,0,0.00014524007592755646
0,0,0.12831523409270248
0,0,0.015137646119489168
0,0,0.0006612368180502307
0,0,0.00013765358807875906
0,0,2.1213081503425596e-05
0,0,0.00011115448357458847
0,0,0.002756638634703568
0,0,0.0009860951312825035
0,0,0.00010786392972993854
0,0,0.000272884379380373
0,0,0.0002983106557894839
1,0,0.12111923178024271
0,0,0.00017607900502575053
0,0,2.3297839782022626e-05
0,0,0.0006428879019617801
0,0,0.004489159460186655
0,0,0.1681695763925407
0,0,0.007112117297534967
0,0,0.03426454643785951
0,0,8.002290757516968e-06
0,0,0.14050922317958803
0,0,9.008826974104676e-05
0,0,9.373183899170992e-05
0,0,0.00014086701355161475
0,0,1.6923838512917175e-05
0,0,0.00029435826777567006
0,0,0.00014528566159338155
0,0,0.2132980916228481
0,0,0.00012803087874490264
0,0,0.00010936970784340546
0,0,0.0005031798877921661
0,0,0.09114651434641377
0,0,0.058933078933808766
0,0,0.07676308694021763
0,0,1.922780528834171e-05
1,1,0.9992476762145313
0,0,0.0022263357497529154
0,0,3.138212814099767e-05
0,0,9.077707322869381e-05
0,0,0.00017143569754367042
0,0,0.00010270839239687765
0,0,8.738953082415343e-05
0,0,4.591902630499417e-05
1,1,0.9932669242278579
0,0,0.0004223533210103223
0,0,1.0566222077904e-05
1,0,0.16671658725903596
1,1,0.9963165503452489
0,0,0.0012783751803897069
0,0,0.0001796002405218236
0,0,0.02338832078260412
0,0,5.402896634637379e-05
0,0,0.00015367617224384687
0,0,0.2037835188644542
0,0,0.0015189967557165845
0,0,0.0007948257529441928
0,0,0.062214997802094434
0,0,0.0002727893823619777
0,0,0.10225341234456181
0,0,0.13623010414785985
0,0,0.12079115233238338
0,0,6.0831652015861144e-05
0,0,0.0006654841323980672
0,0,0.001765435283387774
0,0,0.2655581043946116
0,0,0.00010722315819856803
0,0,0.0003484195685948555
0,0,0.0004365943177947644
0,0,0.00014372507720451335
0,0,0.05512217749920052
0,0,0.0009065457064009309
0,0,0.03309615483352759
0,0,0.03243392439142757
0,0,0.00011987873026940694
0,0,0.00013181412497053488
0,0,0.13046687983191235
0,0,6.625747548714849e-05
1,1,0.9999620703333479
0,0,0.0020002535092604637
0,0,0.10470752435750307
0,0,6.696417685434324e-05
0,0,0.23530472479356812
0,0,0.0050643502259053435
0,0,2.811945999387419e-05
0,0,0.23504949128350855
0,0,0.0010492209281367064
0,0,0.4618058365984146
0,0,0.0009868387056337412
0,0,6.19015369814147e-05
0,0,0.300840702573396
0,0,0.00028348187459871683
0,0,0.0004093543221844474
0,0,0.0017019930409260828
0,0,0.037135750134481296
0,0,0.0014026845177187808
0,0,0.1455322695006175
0,0,0.17190152185001165
0,0,0.0016992817524864492
0,0,9.290884994010704e-05
0,0,5.462188509971804e-05
0,0,0.00012130539379469744
0,0,0.00018416771493397292
0,0,0.00228652734135357
0,0,0.0517649140761823
0,0,0.00013984496952294784
0,0,0.00014203362138068168
0,0,0.00013181412497053488
0,0,3.304070646895288e-05
0,0,0.0027230326286150686
0,0,6.469765247069918e-05
0,0,0.0004907499311567051
0,0,0.07409683295219925
0,0,0.005620073818669929
0,0,0.0003176277348180842
0,0,0.0002859127055821861
0,0,1.9536650068618175e-05
0,0,0.04121850643817858
0,0,0.14016525915025108
0,0,0.0005695005712779948
0,0,6.210887308341937e-05
0,0,0.0193237727825173
0,0,0.00020881689558738866
0,0,0.00022995412839883623
0,0,0.07637776076265011
0,0,1.0186281819532826e-05
0,0,0.00010134361534885794
0,0,0.0002065660695264921
0,0,0.0032565445500965266
0,0,0.03901271758757833
0,0,0.0001539365553940564
0,0,4.0470193649566614e-05
0,0,3.8278578183715296e-05
0,1,0.6245416753573495
0,0,3.384062493739995e-05
0,0,9.33011809462172e-05
0,0,0.007619853768119246
0,0,7.468748610613115e-05
0,0,0.01637846928550434
0,0,2.701139726913456e-05
0,0,0.0009449946307841244
1,1,0.9986139864394672
0,0,0.03877123706618669
0,0,0.0003782079744394615
0,0,0.0005981098238778631
0,0,0.06397958120733636
0,0,0.1049056490928898
1,1,0.9989423925260462
0,0,1.491778354919773e-05
0,0,2.6258948743860955e-05
0,0,0.001553777562098166
0,0,0.14611550351913705
0,0,0.0003680054714172458
0,0,0.0002810958579496755
0,0,0.00018793108035348972
0,0,0.15956618775620238
0,0,0.010747613044830016
0,0,0.0001555475869393126
0,0,0.04654041631186677
0,0,0.00013037172258656673
0,0,0.12109480933127234
0,0,0.00017250304097030314
0,0,0.00014728103831246784
1,1,0.9999852430936734
0,0,0.00021073899072201037
0,0,8.659727054372169e-05
0,0,1.627684497077599e-05
0,0,0.0002535612453844237
0,0,0.0001009342040986579
0,0,0.01313980223138331
0,0,4.39397249864154e-05
0,0,0.07464807912905659
0,0,0.0003900662781732205
0,0,0.0018451270028812126
0,0,6.622346511450513e-05
0,0,2.3738205848465567e-05
0,0,6.469765247069918e-05
0,0,0.010653436633865254
0,0,0.0006706687549592394
0,0,0.037564532468594654
0,0,0.004754429267398648
0,0,0.00017409211341272305
0,0,0.10641751748542065
0,0,0.05202920410828255
0,0,0.002557924576193191
0,0,0.1656241603989658
0,0,0.0003959171843872624
0,0,0.00010656482036881175
0,0,2.3616470609252894e-05
0,0,0.0030526182222694936
1,0,0.0755029788085829
0,0,0.23078314463474828
0,0,0.08725896736060999
0,0,3.15705685970259e-05
0,0,0.012605239692523494
0,0,0.0005206570819875783
0,0,0.0003186159184672748
0,0,0.00029795496660977813
0,0,0.00018298765925661015
0,0,0.10965110481581812
0,0,0.019820347763033007
0,0,0.00013200272916566672
0,0,0.04082562022816134
0,0,0.001304793365241533
1,1,0.9996233080446141
0,0,0.0003436346332070356
0,0,0.0004739681646416926
0,0,2.6888785864354945e-05
0,0,0.18255668887909995
0,0,0.027087520890355536
0,0,0.0008080790304440842
0,0,3.104302773560127e-05
0,0,0.006869245501729626
0,0,0.15098630449726902
0,0,0.0003036634504449403
0,0,2.453522170510636e-05
0,0,1.1840185199422843e-05
0,0,5.620420337050281e-05
0,0,0.000134118416201397
0,0,0.00016326613418834278
0,0,0.007642318924621615
1,0,0.3756527263747929
0,0,2.533303497650169e-05
0,0,0.000770894764560818
0,0,0.17072094183916595
0,0,0.00011137545239391852
0,0,0.028067676190961913
0,0,3.031965810280336e-05
1,0,0.11708916159744263
0,0,0.0013539851711155222
0,0,0.00017909141479048994
0,0,0.00040721014725246367
0,0,0.0066322592587402685
0,0,0.0005140719434484686
0,0,0.047129797404242814
0,0,0.006189737460410279
0,0,0.0005224906448564282
0,0,0.0004454165736192686
0,0,0.0018943581001991667
1,1,0.9995990821258426
0,0,9.42026912585535e-05
0,0,0.002207886329817172
0,0,0.0008282550924961973
1,1,0.9957796953505638
1,0,0.1658710119620089
0,0,0.07025954100467974
0,0,2.3738205848465567e-05
0,0,2.4056562647928822e-05
0,0,0.012703063319633705
0,0,0.2620939987950341
0,0,0.18024568591109946
0,0,0.00030403524571292616
0,0,0.001156675226697696
0,0,0.0004293075874788181
0,0,0.0003340861614937859
0,0,0.0002614913504777962
0,0,0.0016937678094590964
0,0,0.03010577772430424
0,0,0.053624371788196096
0,0,0.20226395715085435
0,0,0.00012411584609840109
0,0,0.00039493851402521086
0,0,0.05982147489370134
1,1,0.9996827721692636
0,0,0.00026125420884782515
0,0,0.0015244467499548355
0,0,0.007210252257906499
0,0,0.02418162254438981
0,0,0.008508341908790483
0,0,0.007258495099807592
0,0,9.598968859864952e-06
0,0,0.030191695110416715
0,0,4.424505967812666e-05
0,0,0.0008259946893329496
0,0,6.290558316591089e-05
1,0,0.1568705777903984
0,0,0.011476792505574393
0,0,0.0002584821256028995
0,0,0.0008011508979379451
0,0,0.0006152126274698656
0,0,0.22587841173194392
0,0,8.11868002537475e-05
0,0,9.864150577892103e-05
0,0,0.0003918809295217397
0,0,0.0002550403999260298
0,0,0.00014099053358241926
0,0,0.016723374621463356
0,0,7.973084472267648e-05
0,0,0.008932348945521695
0,0,0.14200745265356685
0,0,0.0004941962771184131
0,0,0.0006619850467760477
0,0,0.00047436580148256193
0,0,0.0002458480647946643
0,0,0.00649973198720051
0,0,0.00040431306264813294
0,0,0.00035058038339253497
0,0,0.0006362993938225496
1,1,0.9917350537486339
0,0,6.372931570280252e-05
0,0,2.9446223674156026e-05
1,1,0.9985791460566814
0,0,0.0019499690580691308
0,0,0.08924272421278741
0,0,0.09785463608733273
0,0,0.00044349638307049827
0,0,0.0009650779188663638
0,0,5.1005956289795625e-05
0,0,0.0001848549475686856
0,0,0.000483520499462961
0,0,0.0003200411076943581
0,0,1.623704436961821e-05
0,0,8.505679924090594e-05
0,0,0.010820322765814116
0,0,0.001489751438368557
0,0,0.000831560887975785
0,0,0.0001498359480047773
0,0,0.0001994531127905304
0,0,0.0003463863103757435
0,0,2.2753235350911486e-05
0,0,0.00018673304355646712
0,0,0.012042051044244674
0,0,6.09743729118834e-05
0,0,7.082254897956035e-05
0,0,0.00016210610203373776
0,0,0.00023541268156829128
0,0,0.0059769441657501286
1,1,0.9981506662748629
1,1,0.9999784419503073
0,0,3.0330012487961707e-05
0,0,0.0008149000373615676
0,0,0.0013946024580658533
0,0,0.0005140988702189395
0,0,0.00034511573678569133
0,0,0.0011388171023034104
0,0,0.00020928268996481516
0,0,0.0002201278782082082
0,0,4.7144502351525986e-05
0,0,0.00012169796198658307
0,0,6.981764220543844e-05
0,0,0.23272319296337077
0,0,4.8839150691989124e-05
0,0,0.09918664502609059
1,1,0.9997665152523046
0,0,0.00019787141469521989
0,0,0.012276126535402804
0,0,0.0009140271272227677
0,0,0.009689394898472346
0,0,0.012236498629970269
0,0,0.00034234674413270716
0,0,0.0008310977558019525
0,0,3.034335863970729e-05
0,0,0.01972028586213792
0,0,0.0010684677285296713
0,0,7.131843108781059e-05
0,0,0.0010268848011141596
0,0,0.0003382623391100963
0,1,0.5007523324068395
0,0,7.073709620787994e-05
0,0,0.0012103479466341407
1,1,0.9992911965841067
0,0,0.05453369961455059
0,0,0.0012820244485393403
0,0,7.930702525908466e-05
0,0,0.03118538362109521
0,0,0.0004136403353296395
0,0,0.00020776695716400945
0,0,0.00023574351201170534
0,0,0.00025726879648485166
0,0,7.619747832548934e-05
0,0,6.517555534306555e-05
0,0,0.06779974043189632
0,0,7.75475847826218e-05
0,0,0.00010839585412729487
0,0,0.00035814396022198304
0,0,3.662006888367301e-05
0,0,0.1745396424398678
0,0,0.003156337226870572
0,0,0.0005830370766641032
0,0,0.000250262198782338
0,0,0.0001021843008246233
0,0,4.6158754583623146e-05
0,0,7.914949122562114e-05
0,0,0.022772843609106187
0,0,0.0002789287284470278
0,0,0.0012508768767070934
0,0,0.030111738060033616
0,0,0.0005579809033179034
0,0,0.0009814085486819864
0,0,0.00105960673946331
0,0,0.0002813779961336243
0,0,0.0005326333337823936
0,0,9.214337983667164e-05
0,0,1.7610322881410277e-05
0,0,0.00035613224858180526
1,1,0.9993744872881696
1,1,0.9894998999660659
0,0,0.20419265114443155
0,0,0.00038703455998196067
0,0,0.00023922016668026267
1,1,0.999988771993485
0,0,0.00012328101867705734
0,0,0.0001528061553507481
0,0,0.01723951650391846
0,0,0.34890849969165266
0,0,0.00021011734091990784
0,0,0.04228272434448565
1,0,0.3519252909795926
0,0,5.621562780192183e-05
0,0,0.06353602805436369
0,0,0.0007012406150266615
0,0,0.027025656827403703
0,0,7.859525509735816e-05
0,0,0.00013616121896069665
0,0,0.03275002073844638
0,0,3.057874626626911e-05
0,0,0.00021814641410330902
0,0,0.00010895688546108398
0,0,0.085387982677529
0,0,0.0005457607508970461
0,0,0.0004403772669960804
0,0,5.6073987531866214e-05
0,0,0.017592378223013263
0,0,0.00015532216963278192
0,0,0.00023154055636792612
0,0,0.07560149750572437
0,0,0.0001901241375144324
0,0,0.011408003636320585
0,0,5.0828301973666736e-05
0,0,2.2559200553631813e-05
1,1,0.9982306555874173
0,0,0.0005230596988396801
0,0,0.0001237929711475625
0,0,0.0003893014630978656
0,0,0.0013396953123714643
0,0,8.01228000694264e-06
0,0,0.13059699025916224
0,0,0.0016693524682338248
0,0,0.14696722677249657
0,0,0.002282226173796272
0,0,6.676602894745426e-05
1,0,0.2754291065256837
0,0,1.7273925240417484e-05
0,0,0.2239059281227242
0,0,0.0004846250809490618
1,0,0.10236266643569195
0,0,0.00028360687804256123
0,0,0.02569777223425812
1,0,0.337041784207711
0,0,0.000134118416201397
0,0,0.11475599146433671
0,0,0.022552560640106797
0,0,0.0003478692980250099
0,0,0.0009736947992787967
1,0,0.03560109261211613
0,0,2.3738205848465567e-05
0,0,0.00015016666970691422
1,1,0.9967300062625407
0,0,4.2622679070150175e-05
0,0,0.00016004365862698546
0,0,2.7109348511934017e-05
0,0,0.20154168250817317
0,0,7.23201804081568e-05
0,0,0.3495059363241634
0,0,0.27751851578652725
0,0,6.97945032566507e-05
0,0,0.00010435489304027389
0,0,0.09631179304728056
0,0,0.00029363922479029185
0,0,0.00013114992761885461
0,0,0.0007513456365484776
0,0,0.0006628125128648536
0,0,0.005256539396420029
0,0,0.026613042699680393
0,0,0.04372588268743786
0,0,8.994001805147233e-05
0,0,0.0006079990654648975
0,0,0.00029226392732614227
0,0,0.18696952713393597
0,0,6.241327576244412e-05
0,0,0.2161664309685469
0,0,0.0004695144247327645
0,0,0.00012914325958497504
0,0,0.0006703332108893164
0,0,0.07270159545755028
0,0,0.0002328926962137936
0,0,0.0016979760763989916
0,0,0.00013631015857331008
0,0,0.011304231622183449
0,0,0.00013466673119529683
0,0,0.0031700804668399175
0,0,0.0006330294261299766
1,1,0.9978227140085902
0,0,0.0004877217082946713
0,0,0.01197926687048056
0,0,0.00025478671331782723
0,0,0.0003331065679941287
0,0,0.01300288836989018
0,0,0.014909741617360904
0,0,0.0003937796342381523
0,1,0.5401190000251491
0,0,0.0003835303186119187
0,0,0.00037490067232330625
0,0,0.15704594562088298
0,0,0.03070338876176534
0,0,3.100619270181533e-05
0,0,0.024438221859470106
0,0,0.12747853074476925
0,0,0.0005454560218901954
0,0,6.0406508084739867e-05
0,0,0.0023858154842747495
0,0,0.09022670235097612
0,0,0.00013548648849774847
0,0,0.00010895688546108398
0,0,0.00045016244385032557
0,0,0.10459442711413096
0,0,2.2505871424845128e-05
0,0,4.118824171364169e-05
0,0,0.00015234889121856706
0,0,0.013478482806933803
0,0,0.10408412247997943
0,0,0.0009175381276469288
0,0,1.95986169835773e-05
0,0,0.1050150555983513
0,0,0.04160125858905097
0,0,2.0526322053600862e-05
0,0,0.0001092313455867687
0,0,0.0007996613735821974
0,0,0.0005765576998397728
0,0,5.852707264986872e-05
0,0,0.02652876281201976
0,0,0.0007424312596251672
0,0,0.08504927919768472
0,0,0.01114513285159964
0,0,7.47058717063464e-05
0,0,0.07514897498534667
0,0,0.039474142777247104
0,0,0.025978274819460166
0,0,0.00013559561841455952
0,0,3.261212212993133e-05
0,0,4.9737770182526596e-05
0,0,2.5779071430213563e-05
1,1,0.516514892702268
0,0,0.005297745631022905
0,0,0.0003187164755773931
0,0,0.00017197647787526717
0,0,7.237859572648716e-05
0,0,0.0019529867180314265
1,1,0.9999859128606231
0,0,2.0279519892918833e-05
0,0,0.0004095703556788926
0,0,0.0005377556282201058
0,0,0.008248305520859757
0,0,0.0002110154218896644
0,0,0.0001580046993005146
0,0,6.737869154756766e-05
0,0,0.006320244803535558
0,0,0.002793498512754921
0,0,0.00030924158417333636
0,0,5.000064200643708e-05
0,0,2.040039461796692e-05
0,0,0.010996892793628834
0,0,9.223907752136198e-05
0,0,0.025912530486760087
1,1,0.9999935276177845
0,0,0.09152977274279521
0,0,0.28159332440111107
0,0,0.208387193302919
0,0,0.00013400867510721795
0,0,1.95986169835773e-05
0,0,0.0839434160102731
0,0,0.0010049982034273106
0,0,0.11152043504364892
0,0,8.970191789785339e-05
0,0,0.0009094455060315301
0,0,0.00016669675177218701
0,0,0.0021649250150264383
0,0,0.4327890858630794
0,0,3.3202365463032936e-05
1,1,0.9989639081323409
0,0,0.04759418880831354
0,0,0.0017478041137300175
1,0,0.3401598406730415
0,0,0.0006284759338048666
1,1,0.9990350930455464
0,0,8.034345385258209e-05
0,0,0.005346254402312129
0,0,0.0030147398556492015
1,1,0.9999484316695791
0,0,4.183274192924624e-05
0,0,0.0006366908077355384
0,0,0.026565763690393714
0,0,0.0014466629661618474
0,0,0.00013520934582412383
0,0,0.1275175298776568
0,0,6.960026911701361e-05
0,0,0.0608101479227828
0,0,0.0005694867386033033
0,0,0.00010763013042600929
0,0,1.3846786220453067e-05
0,0,0.0002470269553620495
0,0,0.00036791703589515685
1,1,0.9977127480245651
0,0,0.0001448516334407636
0,0,0.0014551534138707945
0,0,5.316917586231017e-05
0,0,0.07089721748182351
0,0,0.03682786556290263
0,0,5.834921504229671e-05
0,0,0.00025690492480818686
0,0,0.02531492858676398
0,0,0.01603875816466187
1,1,0.9985417559641335
0,0,4.8860631432655996e-05
0,0,0.0010799403948770973
0,0,4.633384809267582e-05
0,0,0.0002197186110342095
0,0,0.0001236046014222909
0,0,0.0018545527092359575
0,0,0.0008256944307182532
0,0,0.0020592084076448574
0,0,6.424690806321662e-05
0,0,0.0006084984134452008
0,0,0.15591973413646448
0,0,0.04393734099235433
0,0,2.4686820305331722e-05
0,0,0.2109710159862403
0,0,0.00015948103355781525
0,0,8.080658951364371e-05
0,0,0.012760366479313407
0,0,0.0001088805689609394
0,0,0.002579915519744727
0,0,0.00043630286011895155
0,0,0.06407635906906232
0,0,0.005992032631622099
0,0,0.039797032389217044
0,0,0.000134118416201397
0,0,0.00012879327477294565
0,0,0.0005641797364018663
0,0,0.02126864266471861
0,0,0.0017978167415593673
0,0,0.0766172716267413
0,0,0.0047503054370913326
0,0,0.052205868742180944
1,1,0.9991138173277595
0,0,0.00017245412217260965
0,0,0.0014600411037505084
1,0,0.07787588080734248
1,1,0.9999869613441391
0,0,0.25818447827528224
0,0,0.00010577715482029505
0,0,1.1625999997561021e-05
0,0,0.00011434053347482148
0,0,0.0004154762654650472
0,0,0.00012138802356016582
0,1,0.6004700709215992
0,0,0.00010572381511275681
0,0,1.95986169835773e-05
1,1,0.9928110122059096
0,0,5.152403887455478e-05
0,0,0.00023350189674533337
0,0,0.05917594340092159
0,0,0.0001816243723189489
0,0,0.01786842843815144
0,0,0.10490860581974379
0,0,0.24915187191069796
0,0,0.0004302576606749753
0,0,0.0002974492039483625
0,0,0.041537426205089774
0,0,0.07090058547604104
0,0,0.000134118416201397
0,0,0.10174136539799326
0,0,0.011762109539362997
0,0,0.0783219714978582
0,0,0.0031613286779495265
0,0,0.00010563052368508311
0,0,0.0504594870872702
0,0,0.0004956313206569154
0,0,1.0071422443441485e-05
0,0,0.0008350899401836561
0,0,0.00014481301170419253
0,0,0.00023917246341623494
0,0,0.0009615511847523824
0,0,0.06362433004745349
0,0,0.0002550283834242951
0,0,0.0001800915668148854
0,0,0.0003347651345601811
0,0,0.00012069295490220747
0,0,0.020535515079487046
0,0,0.08524858757441081
0,0,0.0007922396652514091
0,0,0.00037739593345198936
0,0,0.011613638907537234
0,0,0.02228350552276171
0,0,0.13465304899501224
0,0,0.2262645415730834
0,0,7.626189119674904e-05
0,0,0.00010799011235078924
1,0,0.4305180232404428
0,0,0.0873116455352151
0,0,0.00240564638215831
0,0,0.0002883231977514457
1,1,0.9995810718791803
0,0,2.6573368920369434e-05
0,0,0.12258034539942575
0,0,0.001835963325564811
0,0,0.0002908391401548621
0,0,0.0001536977308378582
0,0,0.00011077684856192365
0,0,0.0030996750387126894
1,0,0.23090008327137837
0,0,9.52501106720344e-05
0,0,8.521559877061453e-05
1,1,0.9946225916235262
0,0,0.00012486442791140735
0,0,0.12912568181476608
0,0,0.0013955156734268865
0,0,0.00048782511184717345
0,0,0.0001758927823175254
0,0,0.0002159822186274451
0,0,7.745595648879582e-05
1,1,0.9999820908125356
0,0,0.00040726495363795323
0,0,7.347716572839543e-05
0,0,3.745712624228522e-05
0,0,0.0020206939647481725
0,0,2.9310429076351762e-05
0,0,0.0022271639845878907
0,0,2.3738205848465567e-05
0,0,0.0006160064199360316
0,0,1.748937159193494e-05
0,0,1.0128541287266242e-05
0,0,0.07098309621562005
0,0,7.750208026042503e-06
0,0,0.0005049717462807186
0,0,0.0033900725193295616
0,0,0.045170771779612484
0,0,0.00011331833607567485
1,1,0.9969851655044063
0,0,2.2552776867764332e-05
0,0,0.0003166649947279619
0,0,0.0004727782553358367
0,0,0.0004690684534351649
0,0,0.0007556286826865198
0,0,0.0032084472818479522
0,0,7.246901845884727e-05
0,0,0.1208293748744077
0,0,0.03966166728443749
0,0,0.00013177693064380213
1,1,0.9999953855118056
0,0,0.14483798584511706
0,0,0.47136420323879874
0,0,0.00027629144628755554
0,0,0.02811342017307247
1,1,0.999703576568178
0,0,0.017249789141161095
0,0,1.95986169835773e-05
0,0,0.0008768605779303267
0,0,0.004824005300546647
0,0,0.2080673581759778
0,0,0.00011921504632274615
0,0,3.0873178635783656e-05
1,1,0.9970162236682935
0,0,0.002469208749212098
0,0,0.0004274779020589453
0,0,0.00017043028064638204
0,0,0.0029938363444404533
0,0,0.04966100691851613
0,0,0.0007124367722769932
0,0,0.2831387318614073
0,0,0.06825267075909176
0,0,0.15467033557146342
0,0,0.027559297180693224
0,0,5.143989749711599e-05
1,0,0.2379184261577854
0,0,0.0012951642065697272
0,0,0.00024842351483543557
0,0,0.000711888658034585
0,0,0.010919417616443222
0,0,0.00613215538209562
0,0,0.09614329068402655
1,1,0.9959739789711396
0,0,0.00017579726710261617
0,0,0.0954830606424732
0,0,0.00048135549208398997
1,0,0.18045598481806557
0,0,0.020586828958076713
0,0,0.00012411584609840109
0,0,0.0019320640837759365
0,0,0.001213726999044064
0,1,0.5858837866521299
0,0,0.0003492016692856931
0,0,1.5195333860587355e-05
0,0,2.8661985493539566e-05
0,0,0.0034104223888073884
0,0,0.00023915799455207813
0,0,0.2928644079771388
0,0,0.00034397386468355373
0,0,0.008451798331121757
0,0,8.403978420757552e-05
0,0,0.0002393181356237853
0,0,0.00010673004271518606
0,0,0.0017336902124262996
0,0,0.1401014739411778
0,0,0.09561519969377613
1,1,0.9992703952689316
0,0,0.07116836397634302
0,0,6.725197231205041e-05
0,0,7.674131643668927e-05
0,0,0.0030194920841156605
0,0,0.021963691085817656
0,0,0.03289289472153317
0,0,0.0001492091245223483
1,1,0.9999459825920585
0,0,0.0003996728969665678
0,0,0.0001958757550512304
0,0,9.15839526075723e-05
0,0,0.00029617694387595184
0,0,0.01816802078158802
0,0,0.0001781502488823745
0,0,0.06858560479829355
0,0,0.00021221677586828725
0,0,8.18735315304974e-05
0,0,0.007272676483533429
0,0,0.00010648040989414107
1,1,0.9990658681270366
0,0,0.003652512235075995
0,0,0.00035425310277468916
0,0,0.00020543975410213194
0,0,0.0006299567678859885
0,0,0.009512126051429792
0,0,0.0006363682467142862
0,0,0.020749971430558515
0,0,0.0008282550924961973
0,0,0.013421690864118424
0,0,0.008497425502973966
0,0,6.194920770202634e-05
0,0,0.07558736251229485
0,0,0.0004781488495173722
0,0,2.204897551888866e-05
0,0,0.0004888945104117637
0,0,0.10013132665997716
1,1,0.9999750155143349
0,0,0.0002783598979680599
0,0,1.7089273222964613e-05
0,0,0.015457801699374704
0,0,0.0006414034629994605
0,0,0.017886535622295925
0,0,0.23719627832757106
0,0,0.000507977691348167
0,0,0.0006967162453457551
0,0,0.08631321031941552
0,0,0.014423554974843131
0,0,3.178050265797371e-05
0,0,0.0002539162134104036
0,0,0.3726343427256145
0,0,0.033912763397733095
0,0,0.04089039841529078
1,1,0.9984595555372804
0,0,0.00043120497033744383
0,0,0.003349130565429334
0,0,2.7109348511934017e-05
0,0,0.0012159748784715072
0,0,0.00023882619935496885
0,0,0.00010392500476904514
0,0,0.00018603456361925152
0,0,0.0002531489577277716
0,0,0.002756342859637224
0,0,0.12891444732996746
0,0,0.00015813120274691284
0,0,0.2174371705343313
0,0,0.11931993540628238
0,0,0.0001567728147062152
0,0,0.0001129196790688238
0,0,0.002332742579804781
0,0,0.0005248641442405323
0,0,0.06907543817808996
0,0,0.0002690770836044206
0,0,0.1082122384823148
0,0,2.3738205848465567e-05
0,0,0.0005977478019262978
0,0,0.02291023438671698
0,0,6.03078438024691e-05
0,0,0.00010936970784340546
0,0,0.0013995851249577428
0,0,0.01325496308262349
0,0,0.0003372709445653523
0,0,0.024780991330344063
1,1,0.9987945306245741
0,0,7.49363464421666e-05
0,0,0.0009852159411626454
0,0,0.00045889827000293273
0,0,7.846525494476247e-05
0,0,2.0219801064698933e-05
0,0,4.182723560402829e-05
0,0,0.0007790874737135946
0,0,0.026387372908926128
1,1,0.999812565171223
0,0,0.027481488172704356
0,0,0.00011255241947437246
0,0,4.4733996607715976e-05
0,0,0.006422618604780477
0,0,0.044669729466050086
0,0,5.773955901373477e-05
0,0,0.004112349403521717
0,0,4.7096446816630805e-05
0,0,0.00011134207674625862
0,0,0.36738819077396595
0,0,0.052157907255849255
0,0,0.35514994137017225
0,0,0.00994704012270733
0,0,3.670250745546227e-05
0,0,0.0005548866337365786
0,0,8.53514954274234e-05
0,0,0.00033328799367745215
0,0,0.0885194208066756
0,0,0.0007375529459868849
0,0,0.00019723232158779327
0,0,0.17873132832259095
1,1,0.9999544002991627
0,0,0.05617388320007062
0,0,0.031889221424778215
0,0,0.0003813555364650397
0,0,0.001937276697672143
0,0,0.05345441518214374
0,0,0.010746166359330367
0,0,0.011749528814652124
0,0,0.00022402830889198158
0,0,0.0007191824986814441
0,0,0.00784408410855066
0,0,4.217065155664105e-05
0,0,0.00014967464801244078
0,0,0.0013946024580658533
0,0,9.145852366225664e-06
0,0,0.06784928126433229
0,0,0.010185885736770395
0,0,0.00039492195709270225
0,0,0.000370823808967561
0,0,8.844719416580395e-05
0,0,7.517778102663077e-05
0,0,0.00046568635548211346
0,0,3.236278955196985e-05
0,0,2.7109348511934017e-05
0,0,0.2339452225313936
0,0,3.926724799035536e-05
0,0,0.00010311580540228183
0,0,0.03684416656092982
0,0,0.05648119702987387
0,0,0.008901709817855978
0,0,0.00037113152102038923
0,0,0.043034851052663366
0,0,0.0004587773681906536
0,0,0.00024980670425056725
0,0,0.0004023772550853991
0,0,2.4562584634352587e-05
0,0,0.00239132980909105
0,0,0.0004850465576458722
0,0,0.0006439078044083496
0,0,0.07922165344378598
0,0,0.00011766511109319932
0,0,0.000329687493578853
0,0,0.49248261768198504
0,0,0.0006087603522973674
0,0,0.00017103051108830047
0,0,0.07752551783669236
0,0,0.0002512898067196855
0,0,0.0006415062676118249
0,0,0.0007159101485926864
0,0,0.0036293598234216485
1,1,0.9999830382368948
1,1,0.9985639721058298
0,0,8.089396767832094e-05
0,0,0.015262508392714386
0,0,0.11539555845107578
0,0,0.07037441165997482
0,0,0.23391250604848532
0,0,0.00025262203653527007
0,0,0.010653436633865254
0,0,0.2071631041025925
0,0,0.13427869041566368
0,0,0.00017455380733962124
0,0,0.0009457296416000828
0,0,0.000697135778280715
0,0,0.0008034046326091746
0,0,0.0716382702771031
0,0,0.0012906932883434766
0,0,0.00037317384362043347
0,0,0.0035722124499126973
0,0,0.0022507829618885066
0,0,0.0005210133326225074
0,0,0.1433035171234729
0,0,5.9202238619051486e-05
0,0,0.0005176574043159486
0,0,1.2311022708073882e-05
0,0,0.011537399868270239
0,0,0.000101056728830476
0,0,0.0008821556599878047
0,0,0.04957065407979672
0,0,0.00021411220423434043
0,0,0.00018840479169682207
0,0,1.0876742137014471e-05
0,0,0.036875732437191514
0,0,6.77442381590728e-05
0,0,0.0010939305462003305
0,0,1.1554176977091802e-05
0,0,0.0016915555347334279
1,1,0.9975641230750264
0,0,0.00029182184837273507
0,0,2.9890058326210967e-05
0,0,0.13785867371707136
0,0,0.000564750219175423
0,0,0.041176747204724556
0,1,0.7727310505218998
0,0,0.00033384541080320036
0,0,0.03950939088411392
0,0,6.55589240840789e-05
0,0,0.00024050477510582382
0,0,0.20503684628544286
0,0,0.09051808831401328
0,0,0.12458340554175593
0,0,0.0006108100279458648
0,0,0.00039953884687814265
0,0,0.000498177360513935
0,0,0.001768491303941585
1,1,0.9999712646728547
0,0,7.246901845884727e-05
0,0,0.0002275301425248522
0,0,0.31903795435462623
0,0,0.00019233412821584162
0,0,0.007878099918023181
0,0,0.09509583176952031
0,0,0.4256480204431661
0,0,0.014309856877582544
0,0,0.0009650183720839189
0,0,0.012453146249270013
0,0,0.0013945634696567683
0,0,0.14163009467432533
0,0,0.12217263612003024
0,0,0.0003044434562120605
0,0,0.000266922440117942
0,0,0.0001758927823175254
0,0,8.241147326887799e-05
0,0,0.00022854714243876565
0,0,0.00044255151309865966
0,0,4.3472219151694174e-05
0,0,6.569923249240306e-05
0,0,0.027150473942574214
0,0,0.0010612985637890964
0,0,1.0035278600647345e-05
0,0,9.034454947792136e-05
0,0,0.00036472193305499067
0,0,0.009085868216625641
0,0,0.00038244191780105355
0,0,0.01325858411345316
0,0,0.0006274506313940588
1,1,0.9991232653777604
0,0,0.00023915799455207813
0,0,3.18104475761223e-05
0,0,6.79498539839307e-05
0,0,9.245882327091528e-05
0,0,5.022991877071044e-05
0,0,0.0005786237156733353
0,0,0.186137854259686
0,0,0.059290159164752526
0,0,1.4065508431558697e-05
0,0,0.02112035846140635
1,0,0.4922841123521253
0,0,9.75306045996448e-06
0,0,0.00011008861989635633
0,0,6.184876408018703e-05
0,0,0.00010589868193736642
0,0,0.0001866410867155208
0,0,0.0006149218820219839
0,0,9.044694515034114e-05
0,0,0.005589043126935496
0,0,0.0009055309359996871
0,0,0.00010081558556778926
0,0,0.1943019994768301
1,1,0.9991434267694351
0,0,0.009720483867228992
0,0,2.3343314299009243e-05
0,0,0.0001634395439275629
0,0,0.0001598426981436042
0,0,0.00035804700666372416
0,0,0.00017360764474588268
0,0,1.672011415612172e-05
0,0,0.03994990364792915
0,0,0.24310782829623226
0,0,0.0017884999110194305
0,0,8.121946292341249e-05
0,0,6.123403323434158e-05
1,1,0.9913131474704766
0,0,0.011667484926780967
0,0,0.0005459802175254943
0,0,0.07730113343818903
0,0,0.1761204414074632
0,0,5.480679079314906e-05
0,0,0.00011137545239391852
0,0,0.00014706547351021662
0,0,0.0008793656264258729
0,0,0.0003576118089845624
0,0,0.040550823575485805
1,0,0.2081079582457062
0,0,4.296920849403702e-05
0,0,0.00015605407121997185
0,0,0.0006956597686081275
0,1,0.5018793308147278
0,0,2.8869963645322363e-05
0,0,2.5900635803034762e-05
0,0,0.00014325503168421256
0,0,7.150338776367379e-05
0,0,0.0005257436942629349
0,0,0.0003446837769352081
0,0,0.06194220282633674
0,0,1.6516400197387635e-05
0,0,0.0017721615533088189
0,0,0.0005219508805140468
0,0,0.0006142801424088858
0,0,0.0307010433109331
0,0,0.19549712624607174
0,0,0.06621930584430022
0,0,0.0001099053888094312
0,0,0.0006168159248944888
0,0,0.16548539800262457
0,0,0.0002649053999900875
0,0,0.0003122459951611718
0,0,0.0005585797193021237
0,0,0.0011956968101062635
0,0,0.000371608373124843
0,0,0.0009181891800761324
0,0,9.307271326090065e-05
0,0,5.7187324859558775e-05
0,0,0.019559966715400404
0,0,0.0003829022635317365
0,0,9.828771681190693e-05
0,0,0.00039326726251041053
0,0,0.0031087097274021445
0,0,0.05643863674398775
0,0,0.001064913158266008
0,0,5.09684370722151e-05
0,0,0.0006786303592090847
0,0,0.003101724629861307
0,0,0.0009102006880529
0,0,0.0030592294403723468
0,0,0.00012178485116637654
0,0,0.03859333277517434
0,0,0.00018961134465778754
0,0,0.0002833698855807679
0,0,0.062196974954647
0,0,4.44372328977386e-05
1,1,0.9999670024859295
0,0,0.00024033555005407208
0,1,0.7281472468495211
0,0,0.00030407425035708336
0,0,0.00010897754219945074
0,0,3.159728659878685e-05
0,0,0.000134118416201397
0,0,0.019513387933686992
0,0,9.358362362836795e-06
0,0,0.00015079975642922735
0,0,0.00033388052398541197
0,0,1.3577036911694388e-05
0,0,2.6422912131353424e-05
0,0,0.0018771373652403858
0,0,0.0027450532567662358
0,0,0.00035793483153829863
0,0,0.00018749170194232317
0,0,0.02125503562902133
0,0,0.00039581227942629715
0,0,0.07033628333911476
0,0,0.009730010359383546
0,0,0.06966362524032066
0,0,7.041751343418604e-05
0,0,0.0004797761857539792
0,0,0.00019532213519734835
0,0,0.00014829472700163236
0,0,9.749107929199047e-05
0,0,0.004593015992884416
0,0,3.0249966890526727e-05
0,0,0.08879143215001993
1,1,0.9999608035663098
0,0,0.008981779420229746
0,0,0.00011291094631367209
1,1,0.6415519871730387
0,0,0.0921520102394291
0,0,0.006293201822290936
1,1,0.9999657032303674
0,0,0.0008412433841765861
0,0,0.00021040779380781038
0,0,0.00012489338179304572
0,0,0.0005827786379226073
0,0,2.7109348511934017e-05
0,0,6.77672198904953e-05
0,0,0.0005818734116348334
0,0,0.0001231634055642255
0,0,0.0005069398469666545
0,0,0.0003541148417180363
0,0,0.0001647583665822013
0,0,0.0013075697556892449
0,0,3.801065297087335e-05
0,0,0.28434310214449376
0,0,0.07933065762708238
0,0,0.0003074790145809805
0,0,9.94180629734415e-06
0,0,0.0010439564314378665
0,0,3.573607790633779e-05
0,0,7.3094640861209e-05
0,0,0.00011813899169500313
0,0,2.9864342759094894e-05
0,0,0.0854831497810253
0,0,0.00019796695503638143
0,0,1.0789212619134409e-05
0,0,0.0002930605047641896
0,0,0.364499020787746
0,0,0.0001849027750139884
0,0,5.487335730366128e-05
0,0,0.10194025065958315
0,0,0.17405690589614287
0,0,0.000119884511345548
0,0,0.007195439971803829
0,0,0.00031533155651197097
0,0,5.3583724684071695e-05
0,0,0.00015726357181253955
0,0,3.032006195429335e-05
1,0,0.011159899448545682
0,0,0.0005888266331930723
0,0,0.3824018327294776
0,0,0.016522553960626726
0,0,6.995158034777432e-05
0,0,0.0002954781520856405
0,0,0.0002760287899240032
1,1,0.6428157084718783
0,0,0.09559061169351091
0,0,0.00028578186122400117
1,1,0.9999929244674883
0,0,0.0001564082326082774
0,0,0.00010642883207318679
0,0,0.00016508112745876286
0,0,0.0006068714357266006
0,0,0.000194095946000345
0,0,0.0004229771214594883
0,0,0.001732289124110403
0,0,0.0005650604897536421
0,0,4.0735753116853076e-05
0,0,0.028123704007397544
0,0,0.0008058698930906353
0,0,0.0007253925553656577
0,0,0.008217375110836676
0,0,0.0004667647103685206
0,0,0.0004874879129828875
0,0,0.001999737588638031
0,0,0.01130573339759202
0,0,0.013700329684215867
1,1,0.998769237413246
0,0,0.0037977240981264004
0,0,2.9864342759094894e-05
0,0,0.00033770854724233943
0,0,0.015156505365397125
0,0,0.0015832548773213758
0,0,0.4485711993805129
0,0,0.005955114228064126
0,0,0.0005779388690900558
0,0,0.000527297626620316
0,0,2.220552180576051e-05
0,0,0.12646096888815456
0,0,0.01590493236292709
0,0,3.4032901322260556e-05
1,1,0.9972078486903068
0,0,0.005927456325764001
0,0,0.18468305955670739
0,0,0.03198724347495897
0,0,2.0272111227322568e-05
0,0,0.00874917230593657
0,0,3.8278578183715296e-05
0,0,2.2753235350911486e-05
0,0,0.0018314204125727917
0,0,0.04254513374555555
0,0,0.0005686759588739085
0,0,0.032716340041710534
0,0,0.007369439426683784
0,0,0.006090138298254639
0,0,0.0001855384275102595
0,0,0.005563827602371081
0,0,0.00045303558115570284
0,0,0.0003187914838677551
0,0,0.0013229105237482148
0,0,0.0972995328722444
0,0,0.00021323326942456692
0,0,0.0003516689809096421
0,0,0.0006298087486874211
0,0,1.0219701672566955e-05
0,0,0.00011102608558046383
0,0,0.0002910404706947617
1,1,0.9999741665804494
0,0,0.0001040329261334191
0,0,0.000248470054936446
0,0,0.0004614661347526462
0,0,0.0007352700049312609
0,0,0.0003586290330459226
0,0,0.00018033604833443635
0,0,0.0013300599277641751
0,0,4.5828928794070045e-05
0,0,0.0007571939348330694
0,0,0.00047260599753721545
0,0,2.3952492012949836e-05
0,0,0.011562775918838674
0,0,0.0006832464913324027
0,0,0.00018688818628934315
0,0,2.7108768568593762e-05
0,0,0.00017794842487887095
0,0,0.0001099849404413384
0,0,0.037762626439975154
0,0,0.00022202517713934333
0,0,0.0012658380053142601
0,0,0.00017726800176160829
1,1,0.996894839303378
0,0,0.0002183554114460095
1,1,0.9961907762305949
0,0,0.0006406094713401846
0,0,0.05038029926035148
0,0,5.2266634083395535e-05
0,0,2.533303497650169e-05
0,0,0.012024859399240308
0,0,0.015242022072973706
1,1,0.9996040622910531
0,1,0.5784824611033381
0,0,0.0002083458372194056
0,0,0.0011696263068772528
1,1,0.5192957281213157
0,0,3.668516722684726e-05
0,0,3.299005858480277e-05
1,1,0.9945899092818868
0,0,0.00036454795742884026
0,0,8.380729395992329e-05
0,0,0.0006392044792947723
0,0,3.5023360205334615e-05
1,1,0.9999902893585009
0,0,0.2639532143437149
0,0,0.00018579257925094842
0,0,0.00018392060818679014
0,0,0.0002420636332579169
0,0,1.95986169835773e-05
0,0,0.09195241857543632
0,0,0.00022653086817257096
0,0,0.00018837896366437047
0,0,0.0011775370158252402
0,1,0.6604883047581734
0,0,9.223907752136198e-05
1,0,0.13802441253523762
0,0,0.34104952807362837
0,0,0.04225742892355256
0,0,0.03735442837445967
0,0,3.181042324870064e-05
0,0,0.08892906225004296
0,0,0.05991631160663431
0,0,0.13596029850265876
0,0,0.09137634335736985
0,0,0.0005913102720615514
0,0,0.00047150378463206653
0,0,0.0024566177264065798
0,0,0.00014368465777592996
0,0,0.006181832744975326
0,0,0.00012092906609060123
0,0,0.1373173806675533
0,0,0.00010388518526093174
0,0,0.00022873173212363258
0,0,0.04888795791248939
0,0,3.584378889780436e-05
0,0,7.61859587964958e-05
0,0,0.06213740553376678
0,0,0.00016882059784904856
0,0,0.08589220815080595
0,0,0.1841132058240088
0,0,0.01615722729562114
0,0,9.927303938645164e-05
0,0,0.0007211455242403081
0,0,2.41916094194674e-05
0,0,0.007014506342495364
0,0,4.7582512898253667e-05
0,0,0.00010772709274198229
0,0,0.012848013200362848
0,0,0.10613143623833046
0,0,0.0002572035780947391
0,0,2.3069157252975417e-05
0,0,0.00032557697507969944
0,0,1.0035278600647345e-05
0,0,0.0017589422235991768
0,0,0.0009418978411037741
0,0,0.013481286635110452
0,0,0.0004048636277560258
0,0,0.015166053475955513
0,0,2.1000019514596504e-05
0,0,2.880527442195892e-05
0,0,0.002270992629571645
0,0,0.00010742313132933292
0,0,0.013930651323855008
0,0,7.377524071886543e-05
1,0,0.212094798733372
0,0,0.00020699793648973962
0,0,0.0001596156325766364
0,0,0.0003815147414790545
0,0,0.0005616680109349586
0,0,0.0017095649050901968
1,1,0.9999665273181728
1,1,0.9984853864683053
0,1,0.5703477248353194
0,0,4.7733080060255705e-05
0,0,0.08992852216141792
0,0,0.0002888114091615417
1,1,0.9882979729984555
0,0,0.0003981161043910818
1,1,0.9937128647835454
0,0,0.2809909556892082
0,0,3.920544242547253e-05
1,0,0.46157708637855216
0,0,1.7089273222964613e-05
0,0,0.00027379108139328627
0,0,0.002732018246072513
0,0,0.0001376266300168087
0,0,0.0004888948721695518
0,0,0.002492314048783012
0,0,0.0038125491899088488
0,0,0.0007968534106586174
0,0,0.00028974035524744444
0,0,0.0006104739322255297
0,0,0.00030173697266829734
0,0,4.868153140267997e-05
0,0,0.00085705737387734
0,0,0.00021365982001763205
0,0,0.007105082348666036
0,0,0.00030507736969655295
0,0,0.00012255148969013253
0,0,1.748937159193494e-05
0,0,0.000380496974947074
0,0,0.0010772797668349456
0,0,1.3167086450638257e-05
0,0,0.24208648824289686
0,0,0.01150048002375849
0,0,0.004621396897878554
0,0,0.14113652993851405
0,0,0.00035695110985214273
0,0,0.13925167829138632
0,0,0.02286681137297799
0,0,0.001064913158266008
0,0,0.0006747343344122856
0,0,0.002489788092239974
0,0,0.0024245141679257905
0,0,0.00039395443321361864
1,1,0.9999859325741702
0,0,0.0008248963356441678
0,0,2.6083551560530834e-05
0,0,0.00010227107834297897
0,0,0.00020026221318235324
0,0,1.2626660304706904e-05
0,0,0.001270878767954269
0,0,0.002489788092239974
0,0,0.00045726767210841414
0,0,0.012711868410348558
0,0,6.751929899502934e-05
1,0,0.0990753193470755
0,0,0.01152210353945839
0,0,0.00010131654345686595
0,0,0.00036720418806620995
0,0,0.011832867346655427
0,0,0.0006325978211274182
0,0,4.131548613111735e-05
0,0,0.0029502458827280393
0,0,0.15500096998136959
0,0,0.06249893673051902
0,0,0.00043936185895590893
0,0,0.00012010387051296707
0,0,0.00015561438581441578
0,0,0.0003887422403292653
0,0,0.0005825525111049854
0,0,0.0007356948505921454
0,0,0.1521339589246605
0,0,0.19497662667165744
0,0,0.0006460317552532622
1,1,0.9984898753415328
0,0,0.00017687555541166447
1,1,0.9967140091079801
0,0,0.00018579257925094842
0,0,8.998117012217026e-05
1,1,0.9999834528058732
0,0,2.3738205848465567e-05
0,0,0.24903448611526158
0,0,0.24448504082265027
0,0,3.904084816916292e-05
0,0,0.02712234583654476
0,0,0.00019887330951850964
0,0,0.00018291861793626706
0,0,0.008520925780610113
0,0,0.0003871324113669533
0,0,8.659727054372169e-05
0,0,0.10359275875256972
0,0,6.090947421130275e-05
0,1,0.6436093059447595
1,1,0.9982006691290234
0,0,0.08862381656557178
0,0,0.006858369674969613
0,0,0.00043636745602052376
0,0,0.1774844449822424
0,0,0.03625464477505196
0,0,0.00011751173940549497
0,0,0.0005810594206456256
0,0,0.0002446718676929969
0,0,0.00017161773226386328
0,0,0.00017242317643124909
0,0,0.00013787969098388972
0,0,7.856225913399386e-05
0,0,0.018001502013569
0,0,0.0036247317795253197
0,0,0.02772614137835498
0,0,0.0016603777815576031
0,0,0.00010610788411023968
0,0,8.193978190060914e-05
0,0,0.00038292150276238087
0,0,0.00045784145555870427
0,0,0.04879621884657812
0,0,0.0004093604455224971
1,1,0.9991259604328532
0,0,0.00012457833217380474
0,0,0.0008077325891234232
1,1,0.999736046040187
0,0,0.0003030561173313023
0,0,0.0002510023100028509
1,1,0.9956988092214379
0,0,7.712670673426008e-05
0,0,5.177084131482682e-05
0,0,2.0035099955781825e-05
0,0,0.00018629998680709265
0,0,0.0005062503137563659
0,0,0.13408631146524377
0,0,0.08084938578053644
0,0,0.027383254498938768
0,0,1.1008423807849399e-05
0,0,1.0382619996871095e-05
0,0,7.528744879901832e-05
0,0,2.9232703587336634e-05
0,0,0.00010019532495938634
0,0,0.07939263790538448
0,0,2.4143413945744716e-05
0,0,0.0019920983308851304
0,0,6.116066518227519e-05
0,0,0.001787031608255746
0,0,0.00025468218986146693
0,0,0.0002074221862990825
0,0,0.006119539326790727
1,1,0.9999126575217718
0,0,0.0008486334773466816
0,0,0.31550079551321625
1,1,0.9995574240955291
0,0,0.00040243536941577963
0,0,5.590116365790571e-05
0,0,0.00042892575567291577
1,0,0.010753008079171502
1,1,0.9986899241568462
0,0,0.0008820823715352192
0,0,0.008708149416156948
0,0,0.0001769487668540259
0,0,0.0002487548605215838
0,0,0.03888072400477194
0,0,7.707051955749728e-05
1,0,0.4092376275857938
0,0,0.052904413913662546
0,0,0.004533080220255176
0,0,0.00034168475671276176
0,0,0.0003011533824027878
0,0,0.1703032430811596
0,0,4.949672690377445e-05
0,0,0.00012297707980097962
0,0,0.00010818928858500074
0,0,0.00017699691646915695
0,0,0.0003460338365796838
0,0,0.00015848552984302418
1,0,0.3162472360630358
0,0,0.06696009147848121
0,0,0.0019751973680556217
1,1,0.9990295355538721
0,0,0.0010862970378906329
0,0,2.2440731889592224e-05
0,0,0.02868355115276956
0,0,0.00035638080441486084
0,0,0.0010414744577168869
0,0,0.0027230326286150686
1,0,0.2776578071606854
0,0,0.00032691780784131975
0,0,0.00019424439925615973
1,1,0.9999933272402627
0,0,4.2608641085087546e-05
0,0,0.00027479566800881687
0,0,8.925578451870389e-05
0,0,0.0009422770976891183
0,0,4.204802059700168e-05
0,0,3.431300079689952e-05
0,0,9.20143368970936e-05
0,0,0.0008488418177735869
0,0,0.0002547976866340692
0,0,0.0005090720926629324
1,1,0.9945722266541082
0,0,3.4154044870247355e-05
0,0,0.000290190186680497
0,0,0.30000627934286395
0,0,0.15022090594122126
0,0,0.0004549957318261039
1,1,0.9979990764882525
0,0,0.07991654769981699
0,0,0.0018290103226917538
0,0,0.26445752523261273
0,0,0.0025787855060144978
0,0,0.0005553016519555394
0,0,0.0001165270035889093
0,0,0.04114968537931864
0,0,0.0003030060945287502
0,0,4.4733996607715976e-05
0,0,0.2037610822695765
0,0,9.400522987090893e-05
0,0,1.9981910109879133e-05
0,0,0.00019785442368715203
0,0,0.3144830208193805
0,0,0.12831879910119004
0,0,0.0002902947103328202
0,0,0.08854014747335408
1,1,0.9994079661174492
0,0,0.00010500304137511155
0,0,0.0013480090535020488
0,0,0.2340130325422819
0,0,0.00657252983910587
0,0,2.6165410169430794e-05
0,0,0.0002968117180476005
0,0,0.010987432369351123
0,0,0.0003362871818196073
1,1,0.9996773891765899
0,0,0.0004733771374412025
1,1,0.5240986758454238
0,0,2.0559392199430756e-05
0,0,8.163508752087613e-05
0,0,0.0003083631145189694
0,0,4.663693838120332e-05
0,0,9.223907752136198e-05
1,0,0.0058284594778600434
0,0,7.391238088583426e-05
0,0,0.03985077033843041
0,0,0.0002983789575680369
0,0,2.9208184804993566e-05
1,0,0.18883508859216355
0,0,1.6736423963225272e-05
0,0,0.0001972378143274349
0,0,5.6870265035458216e-05
0,0,0.10977607371027395
0,0,3.831328017509448e-05
1,1,0.9979212097629899
0,0,0.001154949058528845
0,0,0.004122026840756433
1,1,0.9985484682610396
0,0,0.0002359546090493128
1,1,0.9992972271266872
0,0,0.00036610401304373126
0,0,1.3164386171698148e-05
0,0,0.19061447957924368
0,0,0.0007608964214785379
0,0,0.0001333371576703487
0,0,0.00037073086358939373
0,0,0.0002873591155873835
0,0,0.02264712058334948
0,0,0.002081747019368675
0,0,0.02588004411261714
0,0,0.02654452283201118
0,0,0.000295488998687187
0,0,0.3184241431172255
0,0,8.141489915149064e-05
0,0,0.0004942613777171674
0,0,0.10635648758489939
0,0,0.00011430374235461117
0,0,0.00029377193353234297
0,0,0.0004409103731140158
1,1,0.9974737376718749
0,0,0.0012453270727533139
0,0,0.006772379089641725
0,0,4.1648119523619495e-05
0,0,0.033418323932714496
1,1,0.9952338065226731
0,0,8.4141203847587e-05
0,0,0.00035116574108503537
0,0,0.05856257392397338
0,0,0.00010266002799214805
0,0,5.4751771896810336e-05
0,0,0.001020066059705358
0,0,0.000304611946186438
0,0,0.002032577773949012
0,0,0.0012287502092525582
0,0,0.013657557379202897
0,0,9.267848841435056e-05
0,0,0.0026089598757828548
0,0,1.2500850514714755e-05
0,0,0.13363412204635008
0,0,0.017344840843334982
0,0,0.1545484050963162
0,0,2.550357070127373e-05
0,0,2.9915224356086952e-05
0,0,0.012317509367957788
0,0,0.00038364741825054746
0,0,0.026862844168330787
0,0,0.019185399023265125
0,0,0.0001478765808226421
0,0,0.0005431662225972392
0,0,0.0001943753343825163
0,0,3.450162559154847e-05
0,0,6.230885050227442e-05
0,0,5.6668462217811965e-05
0,0,0.00014313350669883793
0,0,0.0003196036822384018
1,1,0.5009356081294004
0,0,0.0002660157310584232
0,0,0.0013128594588419208
0,0,0.17758980995442697
0,0,0.0003678512958515799
0,0,0.03820669109681362
0,0,0.00016494785067897383
1,1,0.9991652372520005
0,0,1.1103607023322731e-05
1,1,0.998589358001693
0,0,0.01826459104625041
0,0,0.00033307014206410043
0,0,0.0004923303524585096
0,0,0.0003355598841298789
0,0,0.00025494382176794394
1,1,0.9985352869466363
0,0,0.1361729296751471
0,0,5.1039183439753856e-05
0,0,3.215952901157961e-05
0,0,0.0007984954020408211
0,0,0.0001490965949074251
0,0,3.3530848798612606e-05
0,0,0.0004607825822711894
0,0,0.0006994794650944441
0,0,0.05947326380255973
1,1,0.9993635172418011
0,0,0.008525083493721811
1,0,0.4201368792222094
0,0,0.04862444633834929
0,0,0.000255483064932354
0,0,0.0002468525663364286
0,0,0.015618495382066961
0,0,0.00013038063324334308
1,1,0.9989378531461334
0,0,1.759092491942433e-05
0,0,0.00048776757854641055
0,0,4.8047529496365965e-05
0,0,4.279394567277219e-05
0,0,0.0005912040529979321
0,0,0.022538404859162
0,0,5.579788849648322e-05
0,0,6.839511690151286e-05
0,0,0.03131590364559669
0,0,8.523162688494213e-06
0,0,0.023124798593465036
0,0,0.04571740605313738
0,0,8.307976319061544e-05
0,0,0.00018628730646747855
0,0,0.00019499084790412183
0,0,0.00015347825381347273
0,0,0.004971803404851047
0,0,0.10084930576655605
0,0,0.0009185388618376587
0,0,0.0003674679343709575
0,0,0.09602068809345495
0,0,0.0004435531908695217
0,0,0.00014203446633287873
0,0,0.15202245536308656
0,0,0.00024430043829337634
0,0,0.0005197624863256547
1,1,0.9953710337871947
0,0,0.0002942320818291459
0,0,0.0002742490610780754
1,1,0.9999626512035124
0,0,0.28907286149711875
0,0,0.0004218401807421064
0,0,0.00026949654510055593
0,0,0.010569790620918998
0,0,3.104302773560127e-05
0,0,0.13292114080706097
0,0,0.00019847445638274775
0,0,0.0007180656107054358
0,0,0.0007599297968676469
0,0,0.030952877198453712
0,0,0.0004992494199494397
1,1,0.9964079869854751
0,0,1.541335651535774e-05
0,0,0.0001363951270561016
0,0,0.0002499264323950315
0,0,0.0001068633205499735
0,0,0.042412738485945276
0,0,1.5292795411095284e-05
0,0,0.00017520212619799453
0,0,0.0009457091620806728
0,0,0.00023793824526661123
0,0,0.0002852321945926216
0,0,0.0006895369342758911
0,0,3.098636556720799e-05
0,0,0.00015082025853046076
0,0,0.000562277634955798
0,0,0.020566795788422052
0,0,6.658486082739988e-05
0,0,0.022941680203975415
0,0,0.002505118629361915
1,1,0.5076402246447331
0,0,0.0004702869527879348
0,0,0.3288143971680627
0,0,0.039731389472406106
0,0,0.0001556323950998276
0,0,0.000743609958047122
0,0,0.0670392762420974
0,0,0.16691272426937367
0,0,0.00022370028058842626
0,0,3.642878341840979e-05
0,0,0.01279975210627548
0,0,0.16284735948896553
0,0,0.00015304218315886719
0,0,0.014507526556237329
0,0,0.011237035079873793
0,0,0.0004483509897787424
0,0,0.0004224073901798554
0,0,0.07098195682345486
0,0,0.0005567006329816272
0,0,0.00041639997947480326
0,0,0.14553677606230295
0,0,0.0003289151127626262
0,0,0.14967213383161293
0,0,0.0012270233000825678
0,0,0.010445548004984023
1,1,0.9942276491165735
0,0,0.00028191492862180724
0,0,0.0014256781558201212
0,0,0.00010266002799214805
0,0,0.0001238722365293938
0,0,0.004877387185984753
0,0,0.0004755342171029619
0,0,0.0002607878177384563
0,0,0.13870182815699003
0,0,0.0009457296416000828
0,0,0.0006284136808897898
0,0,0.01499275742979533
0,0,3.915796854514584e-05
0,0,0.0007641754524379034
0,0,0.1575460525382293
0,0,5.021568572676933e-05
0,0,0.04048728148718991
0,0,1.4361893929775006e-05
0,0,0.00017577965460869043
0,0,0.3293974101540492
0,0,0.00016126413821037754
0,0,0.011175904923344348
0,0,0.0004917015910169318
0,0,1.2341433474162632e-05
0,0,1.558792796340394e-05
0,0,0.0007825147529724971
0,0,3.61770385064575e-05
0,0,3.045390329058622e-05
0,0,0.0069377007013550875
0,0,0.16357190121786974
0,0,0.001101750470138054
0,0,0.22616112695809076
0,0,0.059691829404426765
0,0,5.289995998532756e-05
0,0,0.10318831714262733
0,0,0.00014525750678811913
1,1,0.9951921443834376
1,1,0.9974600305016142
0,0,0.023616768570308845
0,0,0.0004646476790216378
0,0,0.061854197753274796
0,0,2.837123896717393e-05
0,0,0.00038654773550381833
0,0,0.038787325204851154
0,0,1.958769627500895e-05
0,0,0.009164519925918296
0,0,3.045390329058622e-05
0,0,0.00023915799455207813
1,1,0.9957683679910323
0,0,0.00022644487486385995
0,0,0.2619234623718961
0,0,0.0014771379496512338
0,0,0.0001723195089276503
1,1,0.9977222319872987
0,0,0.0645500122463291
0,0,0.003663144130231684
0,0,0.0008750019454712609
0,0,0.06618851639404712
0,0,0.0006199476830491589
0,0,0.0005442936064311912
0,0,0.0003005009750963951
0,0,0.00025258599022069195
0,0,0.20888260757611474
0,0,0.04309974988355755
0,0,0.00041857619028166985
0,0,0.009728810523105858
0,0,0.09933374390129054
1,1,0.9977297501725069
0,0,0.3782014435939121
0,0,0.08844366407137769
0,0,0.00040474434488372955
0,0,0.004928669851687789
0,0,0.00011183919475542287
0,0,0.0004475608755841749
0,0,0.0003873461202210887
0,0,0.0003613944378005765
0,0,4.7424667648457054e-05
0,0,1.2698917344270388e-05
0,0,1.5872632051223913e-05
0,0,0.00033307014206410043
1,1,0.9935209888893494
0,0,0.07231132383080728
0,0,0.0001628468276950873
0,0,0.0006068125812071189
0,0,0.00041157494750835205
0,0,0.0002699129213526754
0,0,0.00027298325077707285
0,0,3.222868364814125e-05
0,0,0.03851644533268571
0,0,0.0012159748784715072
0,0,7.693152079594688e-05
0,0,0.0010924194364324083
0,0,8.604008651644941e-05
0,0,6.758643766926267e-05
0,0,0.0002536539512171882
1,1,0.9975677074997046
0,0,0.24230178294828142
1,1,0.9996293058773765
0,0,0.00034081908699931315
0,0,6.319226790969858e-05
0,0,1.672011415612172e-05
0,0,0.00029415745834506575
0,0,2.7109348511934017e-05
0,0,0.018105285678866493
0,0,0.03828727373506044
0,0,0.0010431432007196257
0,0,0.006689565278475469
0,0,0.0004895049904716853
0,0,5.2765932795102655e-05
0,0,0.4320858678109011
0,0,0.09228066751508088
0,0,0.00013349328020774954
0,0,4.1388680258510137e-05
0,0,0.00044304719318369415
0,0,0.00010281257205272216
0,0,0.00013185405532678695
1,1,0.9989707394095925
0,0,0.12198927057236071
0,0,0.0012585547345473488
0,0,0.018104738812355924
1,1,0.9992362836522756
0,0,0.017164133433807315
0,0,8.998117012217026e-05
1,1,0.9994648789545597
0,0,0.0006557343582862101
0,0,0.06317481367371805
0,0,0.1037075464625593
0,0,7.601705586276006e-05
0,0,0.0010146567677944765
0,0,0.000626908902031221
0,0,0.000617460253149941
0,0,0.0018247689835417618
0,0,0.051009783441878856
0,0,0.0003631033138808621
0,0,8.33500073510182e-06
0,0,0.0068164009900360855
0,0,0.10335357395252329
0,0,0.0002548609719915351
0,0,0.02592558347666054
0,0,0.0004064698104867177
0,0,5.633521037598256e-05
0,0,0.000626908902031221
1,1,0.9991662177442832
0,0,0.0044857132655831645
0,0,8.828395849140209e-05
0,1,0.9498415866816762
0,0,6.55589240840789e-05
1,0,0.15244957980625137
0,0,1.1332492471272032e-05
0,0,4.942888495619849e-05
0,0,0.12087152759232807
0,0,2.9232297800071435e-05
0,0,4.556555407349277e-05
0,0,0.0001905740589059926
0,0,0.0007592921721104387
0,0,0.00025485303184809554
0,0,0.03033178156940791
1,1,0.9967482542562655
0,0,0.00035879494074574856
0,0,0.018296297868874694
0,0,0.0810235196173895
0,0,0.0005329973969428472
1,0,0.10692771458183607
0,0,0.15515656142735726
0,0,0.00027172875012293815
0,0,0.00010971599573910348
0,0,0.09749538798452938
0,0,0.0004112994979307026
0,0,0.0008471855802497865
0,0,3.068049475722188e-05
0,0,0.000360765438104903
0,0,0.04171924080950483
0,0,0.00014829472700163236
0,0,0.0003957136019398888
0,0,3.165770442836974e-05
0,0,0.004959195253253817
1,1,0.9999885197320647
1,0,0.10711968698451202
0,0,0.00038486011593721306
0,0,0.09152475292887532
0,0,0.00011071611083850523
0,0,6.710122838649115e-05
0,0,0.00017161773226386328
0,0,7.270017624098168e-06
0,0,0.023144164124550275
0,0,0.03732060214209229
0,0,0.00010936970784340546
0,0,0.07894632029135412
0,0,0.0005888266331930723
0,0,0.030705474530273065
0,0,0.031559738134765904
0,0,0.09814005277060796
0,0,9.984951811945478e-05
0,0,2.853156358631321e-05
0,0,0.000618713068918825
0,0,0.0010021117851757276
1,1,0.9958151488479859
0,0,0.00046345033154429854
0,0,0.011012008950369663
0,0,0.27750813888101766
0,0,0.00020798257529785677
0,0,0.0678059961548241
0,0,0.1208903891779941
0,0,0.12185039956763836
0,0,0.17022889924298476
0,0,0.0003955008140702685
0,0,0.0908398772607631
0,0,0.0002313957616554989
0,0,0.000616024936489384
0,0,0.0016421326254535957
0,0,5.5555552635606926e-05
0,0,0.22156380930362948
0,0,1.615808532599697e-05
0,0,3.90200111202332e-05
0,0,0.060343279482143214
0,0,0.07676672775882021
0,0,0.000290978993687489
0,0,7.61548685777535e-05
0,0,8.716491698450566e-05
0,0,1.5424991628408012e-05
0,0,9.370922595107032e-05
0,0,0.0006967162453457551
0,0,0.001058502546737347
0,0,0.04795592374573427
0,0,0.00027869894082338217
0,0,4.9086141591164226e-05
0,0,0.3288143971680627
0,0,0.008771621617678403
0,0,6.523062377258152e-05
0,0,0.41362989521499444
0,0,0.000414675593825982
0,0,0.00018347277418874608
0,0,0.00024010407021426983
0,0,0.013411341244685565
0,0,0.00019921405976304208
0,0,0.0003965227589158251
0,0,2.3738205848465567e-05
0,0,0.014103840839384754
0,0,0.0007948257529441928
0,0,0.00010806713930986485
0,0,0.0010581232213024612
0,0,0.00010985115359082211
0,0,0.0003797830246838855
0,0,0.0003177442397535114
0,0,9.100510976375967e-05
0,0,0.33012805941573026
0,0,0.003160394284921886
0,0,2.9864342759094894e-05
0,0,0.014654207940207048
0,0,0.013585636204318274
0,0,0.00026831397291493373
0,0,0.00020707718732251046
0,0,0.07951403294634274
0,0,0.0010724269920442595
0,0,0.0006052449478518086
0,0,6.308527665598231e-05
0,0,0.0003558282683500842
0,0,0.0005306236309284816
0,0,3.527959464018147e-05
0,0,0.00039880559987290316
0,0,0.00566403257806973
1,1,0.9970728850830728
0,0,0.0004940106101756131
0,0,0.00011298442843311345
0,0,0.09139107993934388
0,0,0.003878225019014041
0,0,0.0005354226391930383
0,0,0.00023070628795936082
1,1,0.9994316028699937
0,0,0.00012099195529459847
0,0,6.266447273366415e-05
0,0,0.0004575104833226462
0,0,0.0005586973600025569
0,0,0.0007808448423093436
0,0,0.0010786046951763771
0,0,0.05369912544308474
1,0,0.21297659688566506
0,0,0.002026872969117882
0,0,0.0050002064558026865
0,0,0.017708400569869033
1,1,0.9987035541974025
0,0,0.023391424900339523
0,0,2.5865357405533785e-05
0,0,0.0013999347314747465
0,0,0.00012316516426419814
0,0,0.0002691416819171457
0,0,0.013474970698577969
0,0,0.00018722360716687286
0,0,2.1038559079084065e-05
0,0,0.006048565470019233
0,0,0.00020037779146335954
0,0,0.008446688321842729
0,0,0.13330838752198015
0,0,2.550357070127373e-05
0,0,0.0005161994609800428
0,0,9.74675209424979e-05
1,1,0.9984179760490512
0,0,2.198454170476342e-05
0,0,0.00019094785750259032
0,0,0.009144461621130705
0,0,0.07252436414975111
0,0,0.000664768777265477
0,0,0.012301224128858942
0,0,2.553250152217378e-05
0,0,2.3873814990858013e-05
0,0,0.0003754046275751279
1,1,0.9995199686168327
1,1,0.9953363777809265
0,0,0.00028786039461107003
0,0,7.129441492955228e-05
1,1,0.9999621455712041
0,0,0.0005451641774243965
0,0,0.0003744840627544417
1,1,0.9997806506731497
0,0,1.0035278600647345e-05
0,0,0.0004957856345417253
0,0,0.07828607926391491
0,0,5.123487989013392e-05
0,0,0.0004929934311283648
0,0,0.0005111870818814327
0,0,0.00019601830933549836
0,0,0.00010400155742978006
0,0,8.006679267359523e-06
0,0,0.00038497893326227986
0,0,0.00013730562727538585
0,0,0.00011211532852205565
0,0,0.0003350251482642132
0,0,0.0009192694038215818
0,0,0.00033608011376903157
0,0,8.126546081475856e-05
0,0,0.012522025119834202
0,0,0.00043060932752200164
0,0,0.00025055280894324195
0,0,0.1303972082353062
0,0,0.0018008149551445225
0,0,0.0008148126548675682
0,0,0.00028411420795886527
0,0,0.00027613361657316223
0,0,0.04867174075150657
0,0,0.0005401516118913271
0,0,0.00018375270151103586
0,0,0.05817429172556766
1,1,0.9983777132877638
1,0,0.2327556804602407
0,0,0.07636963373867137
1,1,0.998068876752447
0,0,0.014009877062659683
0,0,0.0004747204088872064
0,0,0.05917555579040751
0,0,0.0001139674026160394
0,0,0.0008063378136297477
0,0,0.00018542790692870087
0,0,0.006957864887202872
0,0,0.00017588248138453708
1,1,0.9999788264717797
0,0,0.0006641705704199884
0,0,0.0003790033142952674
0,0,0.047357478022289325
0,0,0.0003362871818196073
0,0,0.0007948257529441928
0,0,0.0003559512503533215
1,1,0.9980337069846791
0,0,0.0003309459562347005
0,0,3.4703167597030664e-05
1,1,0.9999941897480578
0,0,4.4142260943245254e-05
0,0,0.14094331953759484
0,0,7.37445071460198e-05
0,0,0.4430730782531175
0,0,0.038220853348939605
0,0,0.013222118949197524
0,0,0.023802501580569367
0,0,7.936517866605927e-05
0,0,0.003533901812001528
0,0,7.61548685777535e-05
0,0,0.00015677911019915575
0,0,0.14138201545309417
0,0,0.00017242317643124909
0,0,0.003227147194195973
0,0,7.824296783573109e-05
0,0,0.01657792938898214
0,0,0.05264331130058627
1,1,0.9941862291176736
0,0,0.13437307795034584
1,1,0.9993035334525218
0,0,0.00015187285071575397
0,0,0.1953791835718856
0,0,0.0009087408895423352
0,0,4.39397249864154e-05
0,0,0.005126116699980907
1,0,0.30934610603240426
0,0,0.21718824952141466
0,1,0.6104388717921484
0,0,0.15601026017546796
0,0,0.0017884999110194305
0,0,0.08570920632652734
0,0,0.023195835458149117
0,0,0.0001238722365293938
0,0,0.06505797849441435
0,0,0.0004083439252249859
1,1,0.9999715603781109
0,0,0.0006761505259738272
0,0,0.00041881138774607917
0,0,0.00018975225324126778
1,1,0.995960915458587
0,0,3.260213007315491e-05
0,0,0.00011993241754818155
0,0,0.010746166359330367
0,0,0.0008795479418218446
0,0,0.013326497684191602
0,0,3.606469713798608e-05
0,0,0.10404933966826373
0,0,0.03127676642900832
0,0,0.3204429592500243
0,0,0.00017431639181790247
0,0,6.569923249240306e-05
0,0,0.05699902663711874
0,0,0.03253438379233723
0,0,0.13618878535320203
0,0,0.00013416262684455687
0,0,0.0003966623202811005
0,0,0.007442100787098979
1,1,0.9908933551012645
0,0,0.016997381615265154
0,0,0.42029127193146054
0,0,0.0004453118457415376
1,1,0.9992860419504714
0,0,0.039729942599349165
0,0,0.00029363922479029185
0,0,0.00034043723903994546
0,0,0.00010941133533023828
0,0,0.1455698001127759
0,0,0.0092024225591535
0,0,0.027857810707581136
0,0,0.0001704011941932319
0,0,0.0003157927072287771
0,0,0.00021725853578362527
0,0,0.00661972010057927
0,0,0.002234635232303153
0,0,5.407049110640681e-05
0,0,0.002270992629571645
0,0,0.39928820724230973
0,0,0.00038319019163822183
0,0,0.004943019937461509
0,0,2.0794169344378267e-05
0,0,8.659727054372169e-05
0,0,4.1811439700772954e-05
0,0,0.0008987885410254724
0,0,2.5119989145071248e-05
0,0,0.0008424181289715338
0,0,0.02294510383464252
0,0,0.0009852828819546908
0,0,2.481504201927848e-05
0,0,5.647474009415678e-05
0,0,0.0017997211950771166
0,0,0.0003807865078948446
0,0,0.005868261206315527
0,0,0.006472539416543249
0,0,0.00036920010068571224
1,1,0.9999799681938771
0,0,0.2591202595721904
0,0,0.04884674002314747
0,0,0.027449324687831674
0,0,0.00012374390807703427
0,0,1.1327067935934202e-05
0,0,0.00012655490096170687
0,0,0.0008737242511548429
0,0,0.0017854547017168466
0,0,0.1601538093350233
0,0,0.08253237009787616
0,0,0.00207518015380189
1,1,0.9977313493818993
0,0,0.0005358421315183473
0,0,0.005065756608295747
0,0,0.06427292747770989
0,0,0.0001678337163934924
0,0,0.1790108220881997
0,0,6.503010485912374e-05
0,0,0.00013618676062554993
0,0,3.828439728531184e-05
0,0,4.8314028834598383e-05
0,0,0.0005491981933502869
0,0,0.00015347178540470982
0,0,0.08666190249111658
0,0,0.00011235324830812834
0,0,0.08453852353655637
0,0,0.04001043544967288
0,0,0.00794441223795968
0,0,9.843499823489363e-05
0,0,0.3953243395889836
0,0,0.07527819597382117
0,0,0.00605224556998302
0,0,0.00012976741702107585
0,0,0.013948655789187159
0,0,0.0005139977779471585
0,0,6.808807834421344e-05
0,0,0.0002717785899203928
0,0,0.0006728076542351119
0,0,0.03664294690097347
0,0,0.20303892980882934
0,0,0.00013691605342864264
0,0,0.0007303164903104159
0,0,0.00011951022657319497
0,0,0.0004215570933042841
0,0,0.09192971443342819
0,0,0.022742166116469422
0,0,0.0005803679631654733
0,0,0.0001543474677200382
1,1,0.9989932468685226
0,0,0.0020030388085915825
0,0,0.1280401094369332
0,0,0.010659213087386581
0,0,0.0007635397002818554
0,0,0.00018831644854393217
0,0,0.00022845441114795689
0,0,0.2157690710347924
0,0,0.00023152955262598627
0,0,0.09652130138510219
0,0,0.01410311161579642
0,0,0.0004669297086849968
0,0,0.00021317682514528574
0,0,9.73901744575807e-05
0,0,0.0003132251694388722
0,0,0.20094629561782795
0,0,0.0001855384275102595
0,0,3.100685083723513e-05
0,0,0.00024259124786578503
0,0,0.0002230858776699674
0,0,0.033307711886389625
0,0,0.22720959078565628
0,0,0.00038207740042816
1,1,0.9962586148040882
1,1,0.9988047859770938
0,0,0.000805129442224208
0,0,0.2787723371200049
0,0,6.160706319453686e-05
0,0,0.0003613465840055284
0,0,0.021133710044473997
0,0,2.4297715873100922e-05
0,0,0.00012268446928508808
0,0,6.433769270449623e-05
0,0,2.0842992171595985e-05
1,0,0.1748394508905063
0,0,0.00515582356786933
1,0,0.13972465828281172
0,0,8.584130556190597e-05
0,0,0.006938050359887549
0,0,0.0004381636007677184
0,0,9.143313965059636e-05
0,0,5.9422636183656775e-05
0,0,0.0002181805412790622
0,0,0.022044807628368
0,0,0.4399376048478345
0,0,6.1034834727865075e-05
0,0,0.00010609445878513485
0,0,4.1649989529021514e-05
0,0,0.009022089177847054
0,0,7.28638705004978e-05
0,0,0.0030439165653500834
0,0,0.00014817365178809158
0,0,6.0287580811080126e-05
0,0,0.037495160981831595
0,0,0.0014910680429299052
0,0,0.00016778231171196063
0,0,0.0002462611078732079
0,0,0.00021858314658863422
0,0,0.0002482492111126815
0,0,1.3279763370002479e-05
0,0,0.10675240065468505
0,0,2.3738205848465567e-05
0,0,0.00032294206980763976
0,0,0.00040149630003065873
1,1,0.9999897636275834
0,0,8.275837773600893e-05
0,0,0.07897407428464812
0,0,6.469765247069918e-05
0,0,2.496045975340127e-05
0,0,0.006577881211984381
0,0,0.0001820109731431739
0,0,0.0009023599077327996
0,0,0.027296696843585697
0,0,0.31022477594656966
0,0,0.20446054787790863
0,0,0.00010560093835089086
0,0,2.927493678973984e-05
0,0,0.3375416129837804
0,0,0.0004541057246309866
0,0,3.606469713798608e-05
0,0,0.00010555250775366643
0,0,0.012429514937992962
0,0,0.005171945297543774
0,0,8.551795377766419e-05
0,0,0.008536668874152935
0,0,0.00019675926554389437
0,0,0.013667080365545611
0,0,3.224421630205641e-05
0,0,0.00015267364175692907
0,0,2.8572849212287405e-05
0,0,0.0002220955636363536
1,0,0.0008064169201529164
0,0,0.0043224853499451675
0,0,0.00043416784173221144
0,0,0.00034470344158628487
0,0,0.0002226908910798254
0,0,0.027359215953781955
0,0,0.0050955942503061865
0,0,0.00010435489304027389
0,0,0.0005472173675216815
1,0,0.022004173804303476
0,0,0.005865402034142013
0,0,0.0009029666402190531
0,0,0.0002102821580954051
0,0,0.0016979760763989916
0,0,0.0004233942438130079
0,0,0.004066240291601305
1,0,0.14781293036191617
0,0,0.01355743236724346
1,1,0.9999872944760801
0,0,0.00010936970784340546
0,0,0.00026459934930263626
0,0,0.00040896009444951704
0,0,0.001171234028119943
0,0,0.12691520612436274
0,0,0.0003330704487494367
0,0,0.0004356563304012724
0,0,0.0002869752232111424
0,0,0.0556218981569971
0,0,0.0002477354541468794
0,0,0.0001224554546298948
0,0,0.23551111663822985
0,0,0.04435322972399037
0,0,6.375975754356218e-05
0,0,0.004156722065678144
0,0,0.0006178312532256285
0,0,0.00011642422988604988
0,0,0.016194371170979313
0,0,0.017353326878639302
0,0,0.0010005611827126049
0,0,0.013510013769702293
0,0,0.46055652743817116
0,0,0.00031019033724617696
0,0,0.0009521450135004703
1,0,0.22186945209499082
0,0,0.011594750790223353
0,0,8.582523799851418e-05
0,0,0.0004167657915655755
0,0,1.8662030499627274e-05
0,0,0.000263689211373765
0,0,0.2071690286924909
0,0,0.0005151099477142965
0,0,0.0008913312007458338
0,0,0.24490641263392018
0,0,0.00014880514843326815
1,0,0.097815754282414
0,0,0.0008162035632143449
0,0,2.602581643681849e-05
1,1,0.9999927260906847
0,0,4.0034819949266514e-05
0,0,0.0076015271496879255
0,0,0.0006570913953200512
0,0,0.00102052740852329
0,0,0.005134271689836624
0,0,0.014539228375623041
0,0,0.0006869957314570251
0,0,0.00011331833607567485
0,0,0.005203273106438481
0,0,0.019934468239868892
1,0,0.05194199145208849
0,0,0.33444079990741055
0,0,0.0006883401547027022
0,0,0.24150281151146488
0,0,0.00015143680361836485
0,0,0.0001769487668540259
0,0,0.06471684696792382
0,0,0.000433135805358038
0,0,0.00013901295562637503
0,0,0.1100234643823645
0,0,0.0001855384275102595
0,0,1.6791087476820684e-05
0,0,0.0002107256771929392
0,0,0.0001136447067221277
1,1,0.999993905306014
0,0,0.002838680836655532
0,0,4.996210141153664e-05
0,0,0.0001703942232663835
0,0,0.08971999913702945
0,0,0.28138971659730366
0,0,0.00033540125945294007
0,0,0.010932159299125907
0,0,0.03269936036828429
0,0,0.007892224255533981
1,1,0.9984607353030484
0,0,2.9371424618862516e-05
0,0,0.07614395325863522
1,1,0.9956362206335074
0,0,0.0004705371351736011
0,0,1.496102463965699e-05
0,0,0.00038363325593038016
0,0,0.0007384226739843655
0,0,0.0004592269202460101
0,0,0.0008662224532119071
0,0,0.0006079990654648975
1,1,0.9999885960980006
0,0,0.00013186454532943188
0,0,0.12308923009039804
0,0,0.00013895011689252457
0,0,0.1062166849686009
0,0,0.0006836844287904917
0,0,8.018300155541081e-06
0,0,0.20949342188671352
1,1,0.9982717821743706
0,0,0.00650039854216911
0,0,0.016296989397859223
0,0,1.1787576015972171e-05
0,0,0.02865197993251138
0,0,0.00021424258463892894
0,0,0.10276502646867214
0,0,0.0003072215323885396
0,0,0.00037308399429003574
0,0,0.0005165830332779797
0,0,0.00022436178916089152
0,0,0.0003983756185130751
0,0,0.007262628200455994
0,0,0.022544760636647124
0,0,0.00023692216739323326
0,1,0.5518326585087151
0,0,0.002566372664528501
0,0,0.0005832209374534584
0,0,8.614750254950932e-05
0,0,0.0437771037759715
0,0,0.0007167914190305624
0,0,0.25946969720249435
0,0,1.965904967023619e-05
0,0,0.0017659038556895915
1,1,0.9981210752854809
0,0,3.8278578183715296e-05
0,0,0.00015241895363822243
0,0,0.00011572354884971827
1,1,0.9999875161860874
0,0,0.00014242139788500578
0,0,0.00016362308561233927
0,0,0.0002800200370479806
0,0,8.723625036033547e-05
0,0,0.00021382584000310853
0,0,0.0004552336589519344
0,0,0.00020863720641703439
0,0,0.035886265360154435
0,0,2.6057839324743582e-05
0,0,0.08378394406956556
0,0,0.0004638513436212426
0,0,0.011924843048010884
0,0,2.4029989926188375e-05
0,1,0.6303109262626944
0,0,0.20439146234347455
0,0,0.0005095387998879295
0,0,5.7788440289731326e-05
0,0,3.808617670903563e-05
0,0,0.23853418570461843
0,0,1.95986169835773e-05
0,0,1.9850937568506733e-05
1,1,0.9987263253455507
0,0,0.0006937282812739972
0,0,0.00013371021787404307
0,0,0.00030207112505425753
0,0,0.0002846830918091065
0,0,0.0002636404169793526
0,0,0.0007384226739843655
0,0,0.0006385507921479902
0,0,2.112009234942136e-05
0,0,0.17826975605598447
0,0,0.001202554833902519
0,0,5.563563545161622e-05
0,0,0.0002555802468007301
0,0,1.3614776505694694e-05
0,0,0.001446812714489428
0,0,0.00036784240047826454
0,0,0.0018563155211516824
1,1,0.9984737661891416
0,0,0.00032763828752269456
0,0,0.00029857989720509325
0,0,0.04443760720406665
0,0,0.017025357136421226
1,1,0.9999883781665473
0,0,0.0005974621577743586
0,0,0.0540855840845576
0,0,0.00012411584609840109
0,0,0.05002623388461344
0,0,0.03455847363868023
0,0,2.5002463815207838e-05
0,0,0.0017098983868416272
0,0,7.507226771976738e-05
0,0,0.07319406568600298
0,0,0.0001263220363866898
0,0,0.0001322429446511548
0,0,0.12983549645832196
0,0,3.2089669920413276e-05
0,0,6.868924472277262e-05
0,0,6.728288435920525e-06
0,0,0.0003123826394217234
0,0,0.0002336736171681887
1,0,0.21073087490745895
0,0,0.014168353856641938
0,0,0.0779433198704398
0,0,0.21232070091701633
0,0,0.007279319980548269
0,0,0.0037630962091269936
0,0,1.9728785943534966e-05
0,0,0.0003723465387503547
0,0,0.0006135466242545666
0,0,0.021049116516500023
0,0,0.0006079990654648975
1,1,0.9970873028583901
1,1,0.9984227441527923
0,0,3.6453599805256906e-05
0,0,0.0008685428904128182
0,0,0.00043940863460928924
0,0,0.00018928184257319057
0,0,0.0011032555855317516
0,0,0.0001855384275102595
0,0,0.00022871292455410694
0,0,0.0005119990661690515
0,0,4.9737770182526596e-05
0,0,2.243350890147266e-05
0,0,0.0005036171125224071
0,0,0.4546681702092332
0,0,0.18139594632206707
0,0,0.011427785474195276
0,0,0.0006619850467760477
0,0,0.00021567536013885211
0,0,0.001096894021599664
0,0,0.023121506301872645
0,0,0.00035987549034134284
0,0,6.943844051899412e-05
0,0,2.5666620569844604e-05
0,0,0.0010136751543302967
0,0,0.0013622288197483565
0,0,0.01871266041489248
0,0,0.007158903896047235
0,0,0.10951833548282391
0,0,0.07069680688144123
0,0,0.01944668990176241
0,0,0.000163741137645669
0,0,0.0002909431602038009
0,0,0.0003879640961147276
0,0,0.18517404804276047
0,0,0.00025012475359100926
0,0,0.016521188798088643
0,0,0.0019702194203615724
0,0,0.00013661902825649202
0,0,2.6138471828171788e-05
0,0,6.956981030916427e-05
0,0,0.005459145864417403
0,0,0.00010025547544222934
0,0,0.11923371636455102
0,0,0.0008149000373615676
0,0,0.059901376286259723
0,0,0.0011602889883813184
0,0,0.00015991348801613697
0,0,0.00018793108035348972
1,1,0.9999414854793
0,0,0.004252712699214205
0,0,0.001863536000414176
0,0,0.00825034657160374
0,0,0.00034378100786032614
0,0,0.2391323440172743
0,0,0.013935289501051848
0,0,0.00010799011235078924
0,0,0.305035774776665
0,0,0.0002535417113600548
0,0,0.0006795018560216009
0,0,0.01534853998391474
0,0,0.00025390283020910315
0,0,7.816309243291026e-05
0,0,0.22612215153448964
0,0,0.00018768927547568187
0,0,6.830763359358162e-05
0,0,0.00014991532412406158
0,0,2.6101019792302366e-05
0,0,0.00019891239578143734
0,0,0.000736996679255487
0,0,7.246901845884727e-05
0,0,0.0320580694645008
0,0,0.0266232500486607
0,0,0.00042936076555426256
1,1,0.9982418602489836
0,0,0.0004649767679930842
0,0,0.03202966970101006
0,0,7.453946061111944e-05
0,0,0.005428099353288188
0,0,0.002277291164019376
0,0,0.0001419612076677163
0,0,8.202971811446942e-05
0,0,0.0008670081939490948
1,0,0.2023879759596843
0,0,5.338990735584959e-05
0,0,0.00020432568580038948
0,0,0.00013673875845360249
0,0,0.00013743341991038444
0,0,6.050555673277642e-05
0,0,0.00047969968444304807
0,0,0.00015840056908689556
0,0,0.00044661460360321387
0,0,0.00023070607290353982
0,0,0.05294164516331418
0,0,0.008797452109917822
0,0,0.0001394732851443298
0,0,0.0018060403509957707
0,0,0.003421529676940567
0,0,0.0030964497802253754
0,0,0.0008407190996206659
0,0,0.4115931686719637
0,0,0.0001695538111004917
0,0,0.1693743536506044
0,0,0.022681219647347376
0,0,0.00010019532495938634
0,0,0.08036598661440036
0,0,1.0877478411252248e-05
0,0,0.062092567163747704
0,0,0.012233912712982782
0,0,0.007915939696829206
0,0,0.003957480769173789
0,0,0.0002391641492000001
0,0,4.8485087635284135e-05
1,1,0.9981107498283515
0,0,4.8158207054360963e-05
0,0,0.0002514585052864002
0,0,0.00026178398776884775
0,0,7.250055959776967e-05
0,0,0.19396809040138255
1,1,0.9999885492627476
1,1,0.9966635190733958
0,0,0.00026470752990222636
0,0,8.979018698729896e-05
0,0,0.0004424135478557828
0,0,8.368642223840308e-06
0,0,0.0004499837047502702
0,0,0.00020538702628034616
0,0,0.00038492400938118434
0,0,0.010938066599083114
0,0,0.10678156486637247
1,1,0.9975675670827652
0,0,0.00028312600209698613
0,0,0.00010555250775366643
0,0,0.0009738999254372837
0,0,3.306837901650671e-05
0,0,0.07009476837702944
0,0,2.7109348511934017e-05
1,0,0.05911556327328262
0,0,0.00010609445878513485
0,0,0.00019891239578143734
1,1,0.9989322587615407
0,0,0.019601275213790074
0,0,0.03920949380034628
0,0,0.021637714814298756
0,0,0.03848951108760257
0,0,5.047966365749869e-05
0,0,0.00034453203106668534
0,0,0.03078768757085526
0,0,0.00034310921565574166
1,1,0.9987193645497952
0,0,0.03385314095639135
0,0,8.33500073510182e-06
0,0,8.659727054372169e-05
0,0,0.0002515981967593812
0,0,8.911478455829877e-05
0,0,7.745595648879582e-05
0,0,0.0006810346279746675
0,0,9.329887450990146e-06
0,0,0.0105244201664405
0,0,0.00037159147380231856
0,0,0.13668855829327664
0,0,0.00046915495569976043
0,0,0.0005177898181643083
1,1,0.9999814453385573
0,0,0.00022267553464819782
0,0,0.010796964129166028
0,0,0.00548851828272087
1,1,0.9990482664122663
0,0,0.13063930017520306
0,0,0.00033088784621875054
0,0,0.00030336818825045216
0,0,9.008826974104676e-05
0,0,3.3594864540586145e-05
0,0,0.0005670617853722013
0,0,0.0004643889640039126
0,0,0.3782014435939121
0,0,4.0326637500847826e-05
0,0,0.22153870274060733
0,0,3.714229739249804e-05
0,0,0.0009529405274662326
0,0,0.0416733151330108
0,0,1.0142240327781588e-05
0,0,0.00018355555891597016
0,0,0.006672950063777939
0,0,0.00010516325017104917
1,0,0.4880214871143937
0,0,0.0060785448539086235
0,0,0.08470809892687278
0,0,2.5323038576125097e-05
0,0,0.000140842722968346
0,0,0.028565091639169347
0,0,0.12200080998738135
0,0,5.58845514605867e-05
0,0,0.00039286998473772003
0,0,0.2050143020130988
0,0,0.0024478983749441617
0,0,0.000564886324884372
0,0,0.0005685070188508296
0,0,0.00821222738353924
0,0,0.0014144993970541773
0,0,0.28421904485275556
0,0,0.010022736265404019
0,0,0.0011841196988467144
0,0,0.0009232999534273894
0,0,0.005297745631022905
0,0,3.10468771441724e-05
0,0,0.00014745707567824002
0,0,0.0004924382068506705
1,0,0.4327163955228312
0,0,0.003316127148320599
0,0,0.07969885579819108
0,0,3.774012324709164e-05
0,0,2.3185243871175555e-05
1,1,0.9974808240875549
0,0,0.010933750700187643
0,0,0.0003742932552995301
0,0,0.00026385243871644866
1,0,0.01577436903872418
1,1,0.9993319834973533
0,0,0.06555433485149637
0,0,0.04025657922917991
0,0,0.0024478475546997583
0,0,0.0015336437326139971
0,0,3.9891485357824015e-05
0,0,0.09155082704891516
0,0,0.031119173025015278
0,0,4.4733996607715976e-05
0,0,2.9864342759094894e-05
0,0,1.860882125290116e-05
0,0,0.00034006937503275276
0,0,0.0921520102394291
0,0,0.0004794104069301791
0,0,0.00050286107131324
0,0,0.007048449120275826
0,0,0.0001213201041690157
0,0,8.866467463546968e-05
0,0,2.3950576633489495e-05
0,0,5.462008989811024e-05
0,0,0.0003797247493247465
0,0,0.0009107644291474828
0,0,7.705609457456448e-05
0,0,0.0006456947812274924
0,0,0.014770991352320238
0,0,3.736535054212454e-05
0,0,0.0078030511861413255
0,0,0.00039492195709270225
0,0,0.0005249740005486651
0,0,8.341533070218244e-05
0,0,0.0426101542402749
0,0,4.03773834655445e-05
0,0,8.628789115205734e-05
0,0,0.00045766686126095504
0,0,0.17098449346841513
0,0,0.00843537060836034
0,0,0.0002613410389450502
0,0,0.0003508813855455812
0,0,0.00021468062636391532
0,0,0.28466074817122644
0,0,0.0069451469134112365
0,0,0.000923002487174099
0,0,0.0002569166156370339
0,0,0.0002869752232111424
0,0,0.037337211170232774
0,0,0.005236365125002317
0,0,0.24383348024097368
0,0,0.0002106223643013712
0,0,0.001047037822515768
0,0,0.0004643889640039126
0,0,0.0007182777774302684
0,0,2.3502498047448995e-05
1,1,0.9978902092094368
0,0,0.000152020376261456
0,0,0.00042065108492900054
0,0,0.0001746481707456209
0,0,0.0005860167140302459
0,0,0.00019113443305546367
0,0,0.0005768373671721723
1,1,0.9989214452790354
0,0,0.00013717492277279773
0,0,9.728829118747601e-05
0,0,0.3440972981079546
0,0,0.00011996799253600221
0,0,0.0004315842667979152
0,0,0.03683196455223462
0,0,0.013222118949197524
1,1,0.9999974013219292
0,0,0.2121837492880675
0,0,2.082899780575367e-05
0,0,0.007722320240877892
0,0,2.3614112806657534e-05
1,0,0.27562210313835706
0,0,0.003050514736385595
0,0,0.0017930678679156532
0,0,0.00026966075336311594
0,0,0.00658712046571388
0,0,0.00021052280658137207
0,0,0.0002743502577812826
0,0,0.00035817488563025344
1,0,0.14980464950672961
0,0,0.07298097517162334
0,0,0.00015677911019915575
0,0,2.7108768568593762e-05
0,0,0.04309974988355755
0,0,0.002311891990080833
0,0,0.00032957690440739044
0,0,0.00011034342980101159
0,0,0.044540094515988636
0,0,0.02243385681521643
0,0,0.00330445562006498
0,0,5.617431480601597e-05
0,0,1.022462338489487e-05
0,0,0.0001376266300168087
0,0,7.843496014557214e-05
0,0,0.00017754718709743207
0,0,0.14220031197124014
0,0,0.05074593169228535
0,0,4.8028806635139497e-05
0,0,0.00021455108507811586
1,0,0.2817738367404249
0,0,0.0018426606491156584
0,0,3.6232664834331496e-05
0,0,0.0005650375721270797
0,0,0.0002991686073833901
0,0,0.2904802658637724
0,0,0.11356759745657453
0,0,7.89874335365656e-05
0,0,0.01534495655813911
1,1,0.9999669454908799
0,0,0.0001919431212550169
0,0,0.0009290765127569153
0,0,4.413165772637424e-05
0,0,0.0025086274623487984
0,0,1.6899597835821065e-05
0,0,0.00012365886184945756
0,0,0.00013219350739116913
0,0,0.0014278115291512631
0,0,0.03606813708221016
0,0,0.014583201953774274
0,0,0.0011738129362998157
0,0,0.00036287896835924285
0,0,0.03233036117900151
0,0,0.009085559958072252
1,1,0.9960936433116254
0,0,6.633398709406029e-05
0,0,6.045924369054945e-05
0,0,0.09415524357919255
0,0,0.0023438071272340187
0,0,0.042802661014848434
0,0,4.367752743439127e-05
0,0,0.09591240732104872
0,0,0.00010172207305343822
0,0,6.749340921464352e-05
0,0,0.00046079279334534256
0,0,0.00033759038643754844
0,0,0.09201369523212181
0,0,6.13242717361863e-05
0,0,5.6115323599671704e-05
0,0,0.032812597011645524
0,0,0.13959432036543107
0,0,0.0002203067248835449
0,0,0.10178648058023018
0,0,8.76026172917498e-05
0,0,0.00032002622138590836
0,0,0.0008140692435250027
0,0,0.05747343097275166
0,0,0.0001459109605036108
0,0,1.940639531618228e-05
0,0,0.00013820955531077393
0,0,0.00016319344718946084
0,0,0.0001363951270561016
0,0,0.00014626884885237643
0,0,0.030526504283894338
0,0,0.16781471514749444
1,0,0.13961687408049717
0,0,0.0004391123963573684
1,1,0.9937904630268531
0,0,0.15959556620230123
0,0,0.0002297733142116211
1,1,0.9983332046136066
0,0,0.00013081567039532703
0,0,1.1404554572276315e-05
0,0,0.0005901656143182181
1,1,0.9999515600599929
0,0,0.00028822521910193356
0,0,0.29053058717865393
0,0,0.000340738541029902
0,0,0.01735500700905367
0,0,7.246901845884727e-05
0,0,0.018072133497277307
0,0,0.002040989751699379
0,0,0.1596178844066293
0,0,0.0001295337894052346
0,0,7.360563381452089e-06
0,0,0.46461509535848067
0,0,0.00018176735644671643
0,0,0.0030194920841156605
1,1,0.999963307816599
0,0,8.498148052940566e-05
0,0,0.020385510252953157
0,0,1.3275863636579742e-05
0,0,0.00039228386286229675
0,0,0.0003462244144225239
0,0,0.0036445645960332274
0,0,0.10861680436016624
0,0,9.686871616675334e-05
0,0,0.0003849538734497801
0,0,0.16380063124019817
1,1,0.9997782345121288
0,0,9.955749900879119e-05
0,0,0.0001803618930710083
0,0,0.0007167826772396425
0,0,0.06711396174319993
0,0,0.011071570765946118
0,0,0.0006465596809918739
0,0,0.00010557100583056399
1,0,0.03986508547413489
0,1,0.595230838812302
0,0,0.007074611120389415
0,0,0.038983316906760435
0,0,2.9864342759094894e-05
0,0,0.005193156556688913
0,0,0.00017107137893715668
1,0,0.13289113790182386
0,0,0.00462640612681738
1,1,0.9988853760739129
0,0,0.0015896688636636567
0,0,0.0020702380774572414
0,0,0.0005405163294832609
0,0,0.07507376047532302
0,0,0.02860535428198164
0,0,0.011581651248594482
0,0,0.016811856554187328
0,0,0.0003843033408781824
1,1,0.9959261482244902
0,0,0.0003326061482875258
0,0,0.00023778095016606927
0,0,4.823728374087791e-05
0,0,0.0031938179941020405
0,0,0.00031243928459248545
0,0,8.109230727019551e-05
0,0,0.00043529630363165096
0,0,0.038707126661930005
0,0,0.002449633628822414
0,0,0.04104417849298573
0,0,9.212403595875903e-05
0,0,8.685308793626091e-05
1,1,0.9984620089377382
0,0,0.00011042891703997833
0,0,0.20381390548202707
0,0,0.00010596169242718879
0,0,0.00019593502388678028
0,0,0.00926376631007795
0,0,0.014883221948920779
1,1,0.9969110440478711
1,0,0.3959322730765912
0,0,0.0003967574014961087
0,0,0.0004880207424872977
0,0,0.00011380146122123495
0,0,0.0011044247449396149
0,0,0.14932811597157414
0,0,0.00010656482036881175
0,0,0.017660839071806506
0,0,2.6213080506554468e-05
0,0,0.08166573200829638
0,0,0.00024190410221206846
0,0,0.018430366782619743
1,1,0.5063154564476953
1,0,0.30009766377477237
0,0,0.05393334251128832
0,0,7.364945029352194e-05
0,0,0.00014895699982382622
0,1,0.6090186772051708
0,0,0.0005659383479102512
0,0,0.0033291898407127847
0,0,0.000274401195201241
0,0,0.03123948567044357
0,0,0.10802205128747852
0,0,1.5440398707655848e-05
0,0,7.232903630917193e-05
0,0,0.0001970597861918478
0,0,0.000563338187081666
0,0,0.0011543125967396926
0,0,0.0021909549140875016
0,0,0.01209773573852878
1,1,0.9986937251196438
0,0,0.014947143903648825
0,0,0.0028568561997410506
0,0,0.0010798952903734273
0,0,5.6829547454827775e-05
0,0,0.000274006213555275
0,0,0.010132290289754861
0,0,0.005529644690356026
0,0,0.0028809691978751236
0,0,0.00022791900329676264
0,0,0.11806211812051914
0,0,0.004938466559380075
0,0,0.000152020376261456
1,1,0.9945092507399601
1,1,0.9977749301885827
0,0,0.01891536693831013
0,0,4.296201459249974e-05
0,0,0.10115153385996455
1,1,0.9988941251526526
0,0,0.057533027647891755
0,0,0.014126009601030711
0,0,0.012791821432290447
0,0,5.0914337085386074e-05
0,0,0.00030024378713875674
0,0,5.869363348418589e-05
0,0,0.00038708241994618066
0,0,0.00033164684007665175
0,0,6.84747742019844e-05
0,0,0.0006619850467760477
0,0,8.543995001525457e-05
0,0,9.350054470512723e-05
0,0,9.643866191679122e-05
1,1,0.9989991741359024
0,0,0.08972324503784629
0,0,9.45838280285315e-05
1,1,0.9994107461701449
0,0,0.00685281525469476
0,0,2.300163683383211e-05
0,0,8.482208287344706e-05
0,0,0.0004727398032927727
0,0,0.008920987331417298
0,0,0.0009255340023649466
0,0,0.0005725308571716746
0,0,0.001240005485578151
0,0,0.0002506415289762084
0,0,6.651605730920136e-05
0,0,0.00033241546723252374
0,0,0.00038755379911661084
0,0,0.004630752555768528
0,0,0.03990090921582298
0,0,0.00041059905364868363
0,0,0.01109306889951259
0,0,0.0003525544574877139
0,0,9.897824296088981e-05
0,0,0.11333028437004773
0,0,0.0001402910489502115
0,0,0.19145507118554847
0,0,3.045390329058622e-05
0,0,9.379137992256249e-06
0,0,0.0012035265943087566
0,0,0.0008897947095715012
0,0,9.907467074541122e-05
0,0,0.0022089670307839835
0,0,0.010469160299361865
0,0,0.009432682039604623
1,1,0.999986431874861
1,1,0.9993825163964182
0,0,7.313391546069493e-05
0,0,0.08700625513845309
0,0,0.28620449689948546
0,0,0.011844522884772413
0,0,0.0007676512527819815
0,0,0.0005660058471997203
0,0,0.04288193956553894
0,0,0.0001033367773783513
0,0,0.0008711935903096908
0,0,6.951321029035477e-05
0,0,0.00018260059656204425
0,0,0.00025116134987731827
0,0,0.23136930225194452
0,0,0.00018975225324126778
0,0,0.0014789073103709759
0,0,3.0286451558947377e-05
0,0,0.00012845874470119082
0,0,0.0005068560704210584
0,0,3.300106096011898e-05
0,0,0.006709473958816573
0,0,0.00020208265760567493
0,0,0.00036631110012296376
1,1,0.9992889596961482
0,0,3.303341378140845e-05
0,0,0.0002655476552501312
0,0,0.00023477343243470067
0,0,0.0019850789060478807
0,0,2.600619462367353e-05
0,0,0.001167854499113146
0,0,0.0006678818975426578
0,0,0.00018597838292565513
0,0,0.11429277127787767
0,0,7.000493863073042e-05
0,0,7.577683388415411e-05
0,0,0.00025538282781078657
0,0,4.3697468656703924e-05
0,0,0.014377470160495086
0,0,0.0001855384275102595
0,0,0.0006339272446242244
0,0,0.010955315567908314
0,0,3.1405237514996123e-05
0,0,0.0006132801844329736
0,0,0.0006694872923615593
1,1,0.999483260125606
0,0,0.0003435848258873357
0,0,0.0002866657750747684
0,0,4.4324764360962136e-05
1,0,0.2589793751010429
0,0,0.10414520258049438
0,0,0.009293280218725403
0,0,0.000261464333697703
0,0,0.0005899130088153476
0,0,2.7109348511934017e-05
0,0,0.001918754044301308
0,0,1.3495924089207263e-05
0,0,0.0007890464186793061
0,0,0.139647659296986
0,0,0.0036342733271411054
0,0,0.00047681667331389934
1,1,0.9999394297492649
0,0,0.26427968482178854
0,0,5.49256223172936e-05
0,0,9.96251932016878e-06
0,0,0.0003939244645933944
0,0,5.590116365790571e-05
0,0,0.0386884883075989
0,0,0.0006799024748566988
0,0,0.0006200487501237585
1,1,0.9999851511363123
0,0,0.00014537756117638826
0,0,0.07881497092507779
0,0,7.052261943931473e-05
0,0,0.0001682477693797185
0,0,0.00042103665018067125
0,0,0.038914968544115296
0,0,9.673766441794515e-05
0,0,0.0009029106047948306
0,0,0.0002552395934670314
0,0,0.00017073696424230614
0,0,0.03691249896900953
0,0,8.051837278879951e-05
0,0,0.003565158775257595
0,0,0.24674254844611523
0,0,2.279892998680764e-05
1,1,0.9902114409402479
0,0,6.605487752330104e-05
0,0,0.000276537322750196
0,0,4.7198319632651074e-05
0,0,0.00011150594093987347
0,0,0.0002536525971046382
1,1,0.9973669902325607
0,0,0.020420241981416277
0,0,0.0069586470732795275
0,0,0.00033555576626867386
1,1,0.9999598904564239
0,0,7.557067368025043e-05
0,0,3.1908875697146524e-05
0,0,0.0002733342312081722
0,0,0.0001557551302575181
0,0,0.046529991576187556
0,0,0.1395018734637101
0,0,0.0049476836050514105
0,0,0.0006578816960639045
0,0,8.774725993377439e-05
0,0,1.3048984794985149e-05
0,0,3.361957791797731e-05
0,0,0.000633919791354956
0,0,0.0016331288527480937
0,0,0.0006685899331924189
0,0,0.08192831257924772
0,0,0.0003029988389346116
0,0,0.00010681643492722191
0,0,3.013289799009401e-05
0,0,0.0008171076458465187
0,0,0.001009337007892595
0,0,0.0011545351601014561
0,0,0.0002041870917602782
0,0,0.0012035265943087566
0,0,0.00036647464801168185
0,0,0.0003616254280131271
0,0,0.020253321360898042
0,0,0.00027966070004325713
0,0,0.00067556015820835
0,0,0.03230426885443764
0,0,0.00045849181653500893
1,0,0.048984312236237865
0,0,0.00026706223667056806
0,0,7.345035633596996e-05
0,0,0.00015453072064424613
1,1,0.9967626162330151
0,0,0.2481242160824498
0,0,0.003369506664113495
0,0,0.0338769669820258
0,0,0.0003849566008089405
0,0,0.0013645813935735777
0,0,0.0005990984535704375
0,0,1.701446169356612e-05
0,0,0.03659326892986759
0,0,0.00016935563000322544
0,0,9.157578111994092e-05
0,0,0.09716714700452324
0,0,0.00023406761041689178
1,1,0.9999318489374084
0,0,0.0002613813323465285
1,1,0.9994380952638601
0,0,9.763022759460885e-05
0,0,0.0003839124924907246
0,0,0.0002508449747061538
0,0,0.018559630361363814
0,0,3.138212814099767e-05
0,0,0.0886868541965241
0,0,5.406023097516429e-05
0,0,0.00013649602093131154
0,0,0.15705550937217425
1,0,0.20562046441341256
0,0,0.0005540173786008896
0,0,0.04007750050767681
0,0,0.00038963737140367395
0,0,0.003894798082844414
0,0,0.0001107033105024421
0,0,0.011913756756231006
0,0,0.00037443024446473457
0,0,0.0012488400966380341
0,0,0.0005030425076665896
0,0,0.025455282192453632
0,0,0.002177694583072601
0,0,0.0003832172786805887
0,0,0.29182853129327524
0,0,0.00032760207106737277
0,0,0.00012323942323539812
0,0,0.00017597757553529988
0,0,0.00013079012977311975
0,0,0.0004932524226376534
0,0,0.0002506212849675919
1,1,0.9981914703582511
0,0,0.00019487665400599925
0,0,0.4741839431351098
0,0,5.523086755176349e-05
0,0,0.00036787756097358043
0,0,0.002189483410165205
0,0,0.006288895759829091
0,0,0.00019601830933549836
0,0,0.12382223464560982
0,0,0.1027899479134644
0,0,0.08137176756108347
0,0,8.903878373079063e-05
0,0,0.03524026568958242
0,0,0.00012845874470119082
0,0,0.20055297396859306
0,0,0.05390308915984566
0,0,0.012282291271370116
0,0,0.0008887135019082601
0,0,0.3807621469574163
0,0,0.020639114392778313
0,0,0.012050982129457358
0,0,0.00015335574413640038
0,0,0.000134118416201397
0,0,4.956053913581116e-05
0,0,6.934309204459618e-05
0,0,0.00014233201260297032
0,0,0.00010019532495938634
0,0,0.3762704764139428
0,0,5.5514086982684955e-05
0,0,0.30873533832484185
0,0,0.00010601530860105195
0,0,0.1311470578691091
0,0,0.005028623629713991
0,0,1.022462338489487e-05
0,0,0.000555735705429542
0,0,8.241147326887799e-05
0,0,0.0015690430637050944
1,0,0.16036411693612887
0,0,0.0007554330632370774
0,0,0.00024475143765903594
0,0,0.00037182458171107274
0,0,0.0004391487260428336
0,0,0.09542779248968397
0,0,4.784365743201255e-05
0,0,0.1674336394647019
0,0,0.0012354390840954561
0,0,0.01891891058070728
0,0,0.0008343587764648845
0,0,0.00065652282336882
0,0,0.001768491303941585
0,0,0.000335036839137242
0,0,0.08895710938560751
0,0,0.03581937886661411
1,0,0.12053680565515747
0,0,0.10142683938642602
1,1,0.9999777952004478
0,0,0.00032095098247514835
0,0,2.213401594278439e-05
0,0,5.59195916262583e-05
0,0,0.2950108270471711
0,0,0.09732306110573827
0,0,0.00018255248646412668
0,0,0.0005112231491567728
0,0,0.00012091607695876104
1,0,0.34822559035441336
0,0,0.00010610788411023968
0,0,9.864150577892103e-05
1,0,0.0297896522590671
0,0,7.178831894758142e-05
0,0,0.04213227165199833
1,1,0.9986271638106806
0,0,0.0006483526333008133
0,0,0.03237225236266673
0,0,0.00024401163259979466
0,0,0.00010648040989414107
0,0,2.565064978331579e-05
0,0,0.0006330294261299766
0,0,0.0021001059159514598
0,0,0.14022545929957364
0,0,0.0010572240463542974
0,0,0.0012661714088636753
0,0,0.13454008131624354
0,0,5.342291979075792e-05
0,0,0.00046606660525376524
0,0,0.12749922090120477
0,0,0.0558768212681282
0,0,0.22011510564936182
0,0,0.0001921248843472829
0,0,0.19244378400881096
0,0,0.0027167978017386568
0,0,0.04699717018975834
0,0,0.0003221533237468038
0,0,5.600339660397e-05
0,0,0.005185075754601934
0,0,0.00010708257166879492
0,0,0.00013181412497053488
0,0,0.2997382867874588
1,1,0.9982573676321004
0,0,0.0011233256546538562
0,0,0.0008163523883105623
0,0,0.40991889784574
0,0,0.00046255966544676787
0,0,0.00023623232928175143
0,0,0.00028789786786910434
0,0,0.0005757817457841625
1,1,0.9982698111427256
0,0,1.8662030499627274e-05
0,0,0.00572340261544857
0,0,0.0003706066733860245
0,0,2.6033564222617547e-05
0,0,0.038914968544115296
0,0,9.267848841435056e-05
0,0,7.388144819480152e-05
0,0,3.5173378655372645e-05
0,0,0.00210210012259585
0,0,0.004582925046709498
0,0,0.00032163438897954227
0,0,0.00013181412497053488
0,0,0.037430269241411414
0,0,0.00042369238619877737
0,0,0.0012287502092525582
0,0,0.03110425128931533
0,0,0.0716053043749969
0,0,0.001308690886014584
0,0,0.11765116539225817
0,0,5.749059426890276e-06
0,1,0.5019812578927747
0,0,0.029647631109380453
1,1,0.9973499404849767
0,0,0.0001480923055191602
0,0,0.012630686097666693
0,0,0.4326618464048332
0,0,0.0002580489887248913
0,0,0.0001387633370841876
0,0,0.17346407616390652
0,0,0.0006443388205058071
0,0,0.00010922518457746047
0,0,0.07900901731775961
0,0,9.686274187520852e-05
0,0,0.00043926716067411
1,1,0.9929408187481544
0,0,0.0010819252081953703
0,1,0.544194270682202
0,0,0.065882763630817
0,0,8.754480186444825e-05
0,0,0.00765501893983906
0,0,0.02698405651691902
0,0,0.0013454665262490702
1,1,0.9967161145531231
1,1,0.9996019184918399
0,0,0.000283166268918547
0,0,0.015729998237429172
0,0,0.00020842423638180144
1,1,0.9999810708933425
0,0,0.0005213855295396246
0,0,0.0003895868563989693
0,0,0.0015742408260075002
0,0,0.0001997375660303015
0,0,0.11169596363332915
0,0,0.00016555164291869382
0,0,0.00015677911019915575
0,0,0.14838997252441077
0,0,5.855571167252601e-05
0,0,0.00040733317656408346
1,1,0.9969055815536036
0,0,0.0004020121866171644
0,0,0.00012013429498948373
0,0,0.0001920873166005707
0,0,0.0002153248139621653
0,0,0.032231171448005386
0,0,0.235701914100928
0,0,1.5857676396104756e-05
0,0,9.537947475418724e-05
0,0,0.008691009794515866
0,0,0.00015838514172801773
0,0,0.000637740216384634
0,0,0.0001331715548822905
0,0,5.544503385599188e-05
0,0,2.4051475082220563e-05
0,0,2.061430770700281e-05
0,0,4.211194359632317e-05
1,1,0.9999620604442958
0,0,0.16065677710414744
0,0,0.0011139552797239198
0,0,0.021283478529280756
0,0,0.0756487317646767
0,0,0.008143775682502125
0,0,0.0005095387998879295
0,0,0.00024230179233951631
0,0,2.847499550558613e-05
0,0,0.0004949120285439654
0,0,1.391925400731554e-05
0,0,0.00018137951682977747
0,0,4.9216626321960005e-05
0,0,4.4468396895962976e-05
0,0,0.00011769171648146291
0,0,0.012266086704175365
0,0,0.08286945899832046
0,0,9.391256714089823e-05
0,0,0.00032538851293252075
0,0,0.0011714953534439217
0,0,0.0015601846145042197
0,0,0.01348127283579557
0,0,0.0007323509676306256
0,0,0.0943983763809112
0,0,0.026185841443954683
0,0,0.000489194914557057
0,0,0.00011621078271658375
0,0,0.0002137276181204985
0,0,0.055506975062302115
1,0,0.027700258244601098
0,0,0.17434379242928838
0,0,0.0002511447694723458
0,0,0.013498797706875456
0,0,0.0004674757839937245
1,0,0.35749436036257
0,0,0.050361656453840054
0,0,7.975211865547794e-05
0,0,1.95986169835773e-05
1,1,0.9970617793906088
0,0,0.015028612456456952
0,0,0.3021366098920207
0,0,0.04469452184040592
0,0,0.00017637268889814217
0,0,0.0009694499230422072
0,0,2.7109348511934017e-05
0,0,5.759001504537817e-05
0,0,0.34066819958032335
0,0,0.00012364092206608313
0,0,0.00015987330581414836
0,0,0.0002830999614694609
0,0,2.879778233810093e-05
0,0,0.00018852636279796065
0,0,0.000615060419616099
0,0,7.832397943959514e-05
0,0,0.0011602080462032606
0,0,7.775235560831914e-05
0,0,0.0001518479770408344
0,0,0.0037286012328992435
0,0,2.9864342759094894e-05
1,1,0.9999613375929074
0,0,0.022507905606114025
0,0,0.0009260625442295945
0,0,0.0002498273817387183
0,0,0.06126984609802914
0,0,0.0005014649820979187
1,1,0.9999749201006608
0,0,0.0012232924232855056
0,0,0.1750953450463096
0,0,0.0996066061425008
0,0,7.397498214740401e-05
0,0,0.0015396469551363806
0,0,0.00024967529310928243
0,0,0.00016895162540919026
0,0,2.7012811073637595e-05
0,0,0.00021447364792503786
0,0,0.000182086660982357
0,0,0.0032182965573276713
0,0,0.0002687330953348641
0,0,0.002081268005273919
0,0,0.00012271359698368508
0,0,2.7109348511934017e-05
0,0,0.0007303164903104159
1,0,0.3074572277455758
0,0,0.0008059126604426348
0,0,0.22328338356660543
0,0,0.0002960171404526707
0,0,0.00030363700979147643
0,0,3.455857641182689e-05
0,0,0.00012080854757762823
1,1,0.9993895399090225
0,0,3.698392204430673e-05
0,0,0.001992387844262147
0,0,0.06743303477507707
0,0,0.0017936877156094772
0,0,0.027864272501586244
0,0,0.00025289476947938953
0,0,0.00019739210780163997
0,0,0.00034980711790720466
0,0,5.363258642119842e-05
0,0,0.00026913822939839685
0,0,4.6295934905258946e-05
0,0,0.022359454924813688
0,0,0.0003974301307316914
0,0,0.0015194600197484945
0,0,0.00039395443321361864
1,1,0.9983845964320232
0,0,7.121454031441459e-05
0,0,0.28850273161902035
0,0,0.00036873705849228746
0,0,0.0003349220308432636
0,0,0.00023969398244037381
1,1,0.9999945733939699
0,0,0.0008773919248494838
1,0,0.05189265107689316
0,0,0.006879490465173102
0,0,0.45156570733240226
0,0,0.0001376266300168087
0,0,0.0003231801964769321
0,0,9.091723840285987e-05
0,0,3.017071459770318e-05
0,0,0.08416069084599867
1,0,0.13836882873502998
0,0,0.00040440693829240596
1,0,0.10222311586308432
0,0,2.7350333361807608e-05
0,0,0.030226677704714457
0,0,3.8183020478668874e-05
0,0,0.004290915615995919
0,0,0.0003790503137262667
0,0,0.00015821767711740855
0,0,0.00012700621143682438
0,0,3.181042324870064e-05
0,0,0.00017460911878209036
0,0,0.0006114603775201744
0,0,9.199375634592628e-05
0,0,0.06469832875969726
0,0,0.0004143308633758219
0,0,0.002822947979083993
0,0,2.4228194222851024e-05
0,0,0.00012762943440479182
1,0,0.13259153977714624
0,0,0.1805012836925671
0,0,0.0003411299091910901
1,0,0.14337227813396858
0,0,0.0006832464913324027
0,0,0.00241882635121271
0,0,0.0023954122308470524
0,0,0.009856632346264695
0,0,0.006242902337519427
0,0,0.00015075584425787677
0,0,0.0010431432007196257
0,0,0.3820853322688982
0,0,0.13650530587303786
0,0,3.275299203536747e-05
0,0,0.0001332317908774467
0,0,0.15775819858460513
0,0,0.000539971846774485
1,0,0.12837989530212313
0,0,9.74675209424979e-05
0,0,0.0005138020687143488
0,0,0.00045037308283259815
0,0,0.0011832969509740672
0,0,0.0001245999516897014
0,0,0.0003537569011218433
0,0,0.0002838246096362809
0,0,0.000915185141497959
0,0,7.225949546222039e-05
0,0,0.00013618676062554993
0,0,0.058395225591081706
0,0,0.0846047143326372
0,0,0.019581093269193425
0,0,0.0008690301228200043
0,0,0.011254278986557863
0,0,9.944847835634794e-05
0,0,0.005223100591912796
0,0,0.07057514154740442
0,0,0.056136400893556294
0,0,2.143278989615483e-05
0,0,0.06725050273123308
0,0,0.05526952959068781
0,0,0.0002572870727506183
0,0,0.011179839316965055
0,0,0.017867899154693112
0,0,0.0004777134755462225
0,0,0.4067564146888915
0,0,0.0003731103618608833
0,0,0.10717741107716136
0,0,0.0009577719904055392
0,0,0.0002926114759071282
0,0,0.003915842386377066
0,0,0.0002454333872681346
0,0,0.00037548560680617904
0,0,0.017960946331551642
0,0,0.0007216594013733335
0,0,0.012645976822296904
0,0,0.003746752511133135
0,0,0.0005051621826181477
0,0,0.00039758812712085853
0,0,0.06773331543958483
1,1,0.9975112861069345
0,0,0.0007815804151349521
0,0,0.0005011502688531311
0,0,2.5640485010334895e-05
0,0,0.0002529355499898504
0,0,0.13076009626868912
0,0,0.00529528930804338
0,0,3.052576710670963e-05
0,0,6.630027642340703e-05
0,0,0.21507382478785728
0,0,0.005942677839077075
0,0,0.005944735895139122
0,0,0.0005226556074345254
0,0,0.005131144071366099
1,1,0.9987827338514137
0,0,0.0007481861003819292
1,0,0.3334143848406985
0,0,0.12801376702526665
0,0,0.00016494785067897383
0,0,1.3565302534004116e-05
0,0,0.00016493643381890877
0,0,0.0006010981826237049
0,0,0.013084933742828493
1,1,0.9999679733584887
0,0,2.1202261902426458e-05
0,0,0.006770472126265131
0,0,0.00010602166725014482
0,0,3.970506794696292e-05
0,0,9.973365430394614e-05
0,0,0.17425320506737108
1,1,0.9976507100118838
0,0,0.00014474386851931782
0,0,0.00012858849893393305
0,0,0.00011706732239127447
0,0,0.3272975644281456
0,0,0.0005841253673132624
1,1,0.9999827054772782
0,0,0.10043144644232363
0,0,0.010284781147709445
0,0,0.00024262134275995938
0,0,3.736535054212454e-05
0,0,0.11724608667526361
0,1,0.5598273529288059
0,0,0.000134957953729819
0,0,0.17749314568983435
0,0,0.00043938989445544243
0,0,0.0001547188386650355
0,0,0.0011016581459146204
0,0,0.0005019295496696377
0,0,0.0009568467213809825
0,0,0.0020258919590666097
0,0,0.006033400269769417
0,0,1.0035278600647345e-05
0,0,0.00038799593282399744
0,0,0.0004036694151287215
0,0,0.0006711972502095707
1,1,0.9977575629410409
0,0,0.06584102702813835
0,0,0.03164979574084591
0,0,0.015241711073539638
0,0,0.04338693705844393
0,0,0.00011148344478952309
0,0,0.03908557362764042
0,0,6.033681197013377e-05
0,0,2.0272111227322568e-05
0,0,0.0002559430311255313
0,0,0.0006669472492510088
0,0,8.34833548247522e-05
0,0,0.00034892437494069364
0,0,0.011593645352742661
0,0,0.00033549266011816614
0,0,0.0003324962321363047
0,0,0.00013698599490266817
0,0,0.09846813165239239
0,0,0.0005965465009822217
0,0,0.0017214252916180582
0,0,0.00028492598175465267
0,0,0.05067118515077513
0,0,0.00014732701191808937
0,0,0.0010166580985554409
0,0,0.0001059106675310939
0,0,0.0006009676624533951
0,0,0.03642594496399955
0,0,0.13802266926805323
0,0,0.0007789855767248389
0,0,0.0002356456007733702
0,0,0.015356909393214746
0,0,0.0026598183863757907
0,0,0.00037711610619191213
0,0,0.000999352826294331
0,0,0.0004621307475822704
0,0,0.00048608154812754235
0,0,7.20411766724696e-05
0,0,2.9687939621338224e-05
0,0,0.000876048464570894
0,0,0.00010443391397719046
0,0,0.002609277208666373
0,0,0.0003283788302432471
0,0,0.23736258657695988
0,0,9.162187428340635e-05
0,0,0.000881252954081232
0,0,0.0004918840865632034
1,1,0.9992344048328892
0,0,0.0002810023675150046
0,0,8.376241747493318e-05
1,1,0.998338640898401
0,0,0.0001046725748777704
0,0,0.00013618676062554993
1,1,0.619459759732776
0,0,0.08089749920258602
0,1,0.5053815288020194
0,0,1.0035278600647345e-05
0,0,0.00011939946778443021
0,0,0.07283101834426074
0,0,0.30088855698827127
0,0,0.03597745049529391
0,0,2.431880137386456e-05
0,0,9.736738322760814e-05
0,0,0.028281254926610475
0,0,0.00031588103022791827
1,1,0.9983177349741321
0,0,0.15465873415375395
0,0,0.0007904195754012627
0,0,0.011100124364669253
0,0,0.0003521497015380282
1,1,0.9980335533028987
0,0,2.684493691912875e-05
0,0,0.0006314661455353084
0,0,0.00010266002799214805
0,0,0.059385436775480395
0,0,1.2702297982081094e-05
0,0,3.104302773560127e-05
0,0,0.00021119359944222774
0,0,0.0005346189070110257
0,0,0.00014829472700163236
0,0,9.548564162495386e-05
0,0,1.2906967789296271e-05
0,0,0.00017422035337882316
1,0,0.04980044050748837
0,0,0.01329519151952904
0,0,0.0030934249782382296
0,0,0.0002391105983789836
0,0,0.00015040024496495286
0,0,0.00014203362138068168
0,0,0.0022947927295257874
0,0,0.00029077982214396046
0,0,3.757420272386627e-05
0,0,0.0007087676521424402
0,0,3.168868872545102e-05
0,0,0.00011823519970560941
0,0,0.11629949793260178
0,0,3.786910377210332e-05
0,0,5.9202238619051486e-05
1,1,0.9999537875623732
0,0,1.593034809170369e-05
0,0,0.08479478338789365
1,1,0.9999868345906457
0,0,5.811487142224928e-05
0,0,0.00011440078965784538
0,0,0.07218031424941018
0,0,0.00452784039471847
1,0,0.39268257493762987
0,0,0.2216331507404091
0,0,5.7124647958581915e-05
0,0,0.000491014856638863
1,1,0.9981458714694408
0,0,0.010441853432195277
0,0,0.20347122628221304
0,0,0.00015741594557419915
0,0,0.00010786392972993854
0,0,2.9864342759094894e-05
0,0,8.140646603245786e-05
0,0,5.600559662523568e-05
0,0,2.7109348511934017e-05
1,1,0.9999742906515005
0,0,0.0002008139092539338
0,0,0.00015610342443002638
0,0,0.12024451213948036
0,0,0.0037868261066391295
0,0,0.008383775025236502
0,0,5.633767940861129e-05
0,0,9.002117957100762e-05
0,0,0.07604044629839544
0,0,6.283103064978686e-05
0,0,0.10652518807195524
0,0,0.0004112309361148489
0,0,0.0011193555768329525
0,0,0.12691695691697358
0,0,0.0041666732710709765
0,0,0.0020897877450716117
0,0,0.0002886901437644925
0,0,0.00013052571399138702
0,0,3.606469713798608e-05
0,0,0.0036959818255242307
0,0,0.06827881073043862
0,0,7.777415939353116e-05
0,0,0.00012080854757762823
0,0,0.00019307154283345175
1,1,0.9992083674987465
0,0,0.05709208321443555
0,0,2.0664878643432816e-05
0,0,0.16091575103700498
0,0,0.00858577604327259
0,0,2.040039461796692e-05
0,0,0.0007588623139800027
0,0,0.0001823475573705099
0,0,0.07309074044709639
0,0,0.287584206462582
0,0,0.0022507829618885066
0,0,0.003045981069651975
0,0,0.000491083330188759
0,0,0.0002576414551960895
0,0,8.453886579099518e-05
0,0,2.7109348511934017e-05
1,1,0.9982728658912952
0,0,0.00017525930519291053
0,0,0.00045104684637093566
0,0,0.03926450155078995
0,0,0.00026196987297954144
0,0,9.57370472199233e-05
0,0,1.800045972071474e-05
0,0,0.0009246037980742547
0,0,0.00010222725694566572
0,0,0.11205014695800647
0,0,0.000282557173497821
0,0,0.20388049075378453
0,0,7.077933160992858e-05
0,0,0.05184337812585467
0,0,0.00024633843583934874
0,0,0.00018086055121892383
0,0,0.015334582950367045
0,0,0.000380618665493995
0,0,0.0002572870727506183
0,0,0.03137661234153462
1,1,0.9991332953076326
0,0,0.08771916773244277
1,0,0.09214943499432715
0,0,0.00047915586970225855
0,0,0.010773077575865497
1,0,0.19006017737081107
0,0,4.814312641525102e-05
0,0,0.00024616431989322074
0,0,0.016819105106977972
0,0,0.0003661683507810383
0,0,0.0003374787826747746
0,0,0.00014809021803997494
0,0,0.0003357789091773911
0,0,0.05977135490473276
0,0,0.06285797135769204
0,0,2.0552924085482145e-05
0,0,0.0001317828289506738
0,0,0.12991615825377106
0,0,0.012084545335417796
0,0,0.000545105146167059
0,0,2.685565671364339e-05
0,0,0.00039715915543970214
0,0,0.0006859554156545825
0,0,0.04412471854770966
0,0,0.0003477489068429433
0,0,1.7636265670814167e-05
0,0,2.6397291956539705e-05
1,1,0.9993068656532255
0,0,0.0003886731530210564
0,0,0.019520150258782787
0,0,0.0005369067654501984
0,0,2.5305692182710355e-05
0,0,0.0019910895310726413
0,0,0.00040171911166439754
0,0,0.0004273089925578148
0,0,7.446798900760993e-05
0,0,0.0001222965451600705
0,0,0.0067661473360345475
0,0,0.0001901241375144324
0,0,0.18339225932381353
0,0,1.9305308895332824e-05
1,1,0.6307289608954217
0,0,4.1532154401604933e-05
0,0,0.06875092653967295
0,0,0.008483852697631978
0,0,0.00011430374235461117
1,1,0.9999647890324518
0,0,0.0001727930944181539
0,0,0.020865036214817313
0,0,0.0013229458714070692
0,0,0.00018829019014114212
0,0,0.00013589193427215258
0,0,6.29682264139209e-05
1,1,0.9962248685054667
1,1,0.9988662865330458
0,0,0.001389913058395758
0,0,0.0008231182488806285
0,0,7.499236412455745e-05
0,0,0.0002572870727506183
0,0,0.00014203362138068168
0,0,0.000805129442224208
0,0,1.2156259224760071e-05
0,0,0.030498567786648993
0,0,0.00011331833607567485
0,0,0.02114059030321225
0,0,1.909509548107758e-05
0,0,0.00018249068910950828
0,0,5.213924950524391e-05
0,0,2.9232703587336634e-05
0,0,0.00022562937676186105
0,0,4.95665302435234e-05
1,1,0.9994734569694758
0,0,0.04947972694440657
0,0,0.013340731479654522
0,0,8.352679475307908e-05
0,0,0.18707150744462409
0,0,0.08363493383303838
0,0,0.2951838121932151
0,0,0.13331895913110806
0,0,0.44853603642060447
0,0,0.44801265934552614
1,1,0.5762276902387053
0,0,6.355438147814597e-05
0,0,3.686621471527121e-05
0,0,0.00033908928379727354
0,0,0.003311911442609315
0,0,0.022581433710450544
0,0,0.0016643304128236848
0,0,0.000384134304965006
0,0,0.000136383108136055
0,0,0.00020677575471396884
0,0,0.01748331719054935
0,0,0.00013755538937382052
0,0,0.00010747983041594715
0,0,0.10982095493433958
0,0,0.005891804639214782
0,0,0.007181497584390419
0,0,0.060373977324972065
0,0,0.004662673261731733
0,0,8.155285474767392e-05
0,0,0.00046894215534225514
0,0,0.00013778447255062546
0,0,0.0002566668886713776
0,0,0.0005056873783939651
0,0,0.08624833113320639
0,0,0.1818035846400237
0,0,0.09881598309721593
0,0,3.094197713104127e-05
0,0,0.00024301143535831906
0,0,0.00023163927648488296
0,0,0.007230861371994162
0,0,0.004776011262278785
0,0,4.1473542590374026e-05
0,0,4.098041092286602e-05
0,0,0.0009494421652749432
0,0,9.864150577892103e-05
1,1,0.999985033856108
0,0,0.0007509097908327267
0,0,0.04367245460754343
0,0,0.00017577862314140132
0,0,0.00010311713560283135
0,0,0.0001844508952124897
0,0,2.93230221477491e-05
0,0,0.4926815279212023
0,0,0.00010681643492722191
0,0,8.903878373079063e-05
1,1,0.9963915452656055
1,1,0.9999895576872155
0,0,3.7769695254777304e-05
0,0,0.464624182284383
0,0,4.665016473186856e-05
0,0,7.246901845884727e-05
0,0,0.0004248910666633722
0,0,0.18421109243026018
0,0,0.2702333458303596
0,0,0.17862012370753094
0,0,0.02182196963277547
0,0,0.002272196572142976
0,0,0.000159267245854442
0,0,0.007212403190973764
0,0,0.0001730641247311558
0,0,5.318458495820002e-05
1,1,0.998082744736258
0,0,0.16601568037458717
0,0,4.4733996607715976e-05
0,0,8.656179962154896e-05
0,0,1.2626660304706904e-05
0,0,0.00029276710062007476
0,0,0.04937539689657063
0,0,0.00040865915561647263
0,0,0.0002545048333351782
0,0,0.0843047579077575
0,0,0.07485091918347418
1,1,0.7291557097193604
0,0,2.3967566814879083e-05
0,0,0.0002666130449344806
0,0,0.20465815707129256
0,0,0.000733938408162135
0,0,0.0162888606295376
0,0,0.0005765576998397728
0,0,0.1083773177079111
0,0,0.12606254558997151
0,0,0.026293521848713582
0,0,0.04290576728005661
0,0,0.0004401050063708089
0,0,0.0006414034629994605
0,0,0.0002915076901863638
0,0,8.385106955723079e-05
0,0,0.0002818885362984339
0,0,0.08743330276962517
0,0,1.0035278600647345e-05
0,0,0.010304714516103342
0,0,2.984062516167878e-05
0,0,9.079605439858133e-05
0,0,3.988586742046282e-05
0,0,0.00014288449799484013
0,0,5.059332117539749e-05
0,0,0.0007232612441606793
0,0,0.0005267996702351491
0,0,0.00038496631207115417
0,0,0.0003909079661410588
0,0,1.5213707942070661e-05
0,0,0.0004151703537451908
0,0,0.0011972968392708254
1,1,0.9968384655898983
0,0,0.0014958733859961081
1,0,0.028148822096107303
0,0,0.10265454434685115
0,0,0.03966478503906838
0,0,0.0003009167594785391
0,0,6.699100354295556e-05
0,0,0.03407116296299198
0,0,0.0004030406558731349
0,0,0.0008115017550904977
0,0,0.0007150412832814343
0,0,8.582523799851418e-05
0,0,8.421782272704995e-05
0,0,0.03637713464423448
0,0,0.0004630322147310166
1,1,0.9995699607645726
0,0,2.046416590211058e-05
1,1,0.9985595753377132
0,0,0.0010431432007196257
0,0,0.2690724058106004
0,0,0.02283538871509029
0,0,0.0002647947309451249
0,0,0.0010312603683630245
0,0,4.943633381926753e-05
0,0,0.000512744611299676
0,0,0.003292167017195877
0,0,4.3304039027856356e-05
0,0,2.209427879451922e-05
1,0,0.12865603964295846
0,0,0.012638194394473449
0,0,4.420298569359515e-05
0,0,5.165725742572754e-05
0,0,0.0011495699304388957
0,0,7.701323478543746e-05
0,0,8.055176655739607e-05
0,0,0.00021213649207004848
1,1,0.9960893741021837
0,0,0.00032000236661344636
0,0,0.010070946735172226
0,0,0.0012533865766199482
0,0,0.0005757817457841625
0,0,0.10457144055499308
0,0,0.0003263243078338511
0,0,8.659727054372169e-05
0,0,0.00045043413344464416
0,0,0.00050444889236935
0,0,0.15165006859703367
0,0,0.00033241546723252374
0,0,0.00011183919475542287
0,0,0.00014547908771361863
1,0,0.2585382921713363
0,0,0.0009981989331520906
0,0,0.0015896688636636567
0,0,3.609627948887085e-05
0,0,0.21475892420503542
1,0,0.2641290862764654
0,0,7.685495488021416e-05
1,1,0.998569169326436
0,0,0.06646001332020739
0,0,0.00023127892457807194
0,0,0.002898023440676603
0,0,0.0027584058261171177
0,0,0.000438172249796683
0,0,0.007251654015172125
1,1,0.9993068128483059
0,0,0.026143325468553174
0,0,3.0114468351517897e-05
0,0,2.9864342759094894e-05
0,0,0.0006349550470441
0,0,8.659727054372169e-05
0,0,1.748937159193494e-05
0,0,0.03669416106868429
0,0,0.18251276386090518
0,0,0.0003347651345601811
0,0,0.00020928268996481516
0,0,0.0007981809609486682
0,0,5.327448092034602e-05
0,0,0.0003092294077616778
0,0,0.05454903494219387
0,0,0.0002658955697661788
0,0,8.352323358977528e-05
0,0,0.24377093379482975
0,0,2.2440731889592224e-05
0,0,0.00038656734709253536
0,0,0.027029018033302998
0,0,0.00036899214343953066
0,0,0.014015396159267154
0,0,0.00013853000993773454
1,1,0.9999770447544978
0,0,0.0006720587485699908
0,0,0.0002698532990246942
1,1,0.9992911803309666
0,0,0.04996432676401527
0,0,0.0003187488843075403
0,0,0.028878148702745982
0,0,0.035834185107065104
0,0,0.030125984891116578
0,0,0.00016111492495205122
0,0,0.0008820696912628575
0,0,0.116961854404857
0,0,0.0003680276811527712
0,0,6.517555534306555e-05
0,0,0.020402879212171796
0,0,0.018881319674984725
0,0,0.061810731419367264
0,0,0.00039179983908364205
0,0,0.12891257301605707
0,0,0.006154387972781736
0,0,0.11148714705834131
0,0,0.0003369687203081753
0,0,0.07791242140597446
0,0,0.0001459397936114511
0,0,0.0006273988827727533
0,0,1.1411800081851751e-05
0,0,0.03609869714932756
0,0,0.005036432651537964
0,0,0.0004022439405294241
0,0,0.010525776642376068
0,0,0.00012452503963271102
0,0,0.0005798231713075316
0,0,1.2906967789296271e-05
0,0,3.823410847445181e-05
0,0,0.0005356567904582154
0,0,2.509412995942568e-05
0,0,0.06221196982607724
0,0,0.010380619331271473
0,0,1.2906967789296271e-05
0,0,0.00013937290971095177
0,0,0.12066890446405741
0,0,0.001249549753461372
0,0,0.004361892441848913
0,0,3.179685682463456e-05
1,1,0.9987146375089334
0,0,0.35287820894616856
0,0,0.0002393977929013525
0,0,0.0006180729316302447
0,0,0.03883781043984686
0,0,0.12545327959700742
0,0,0.001711390245549066
0,0,0.0004411837091996268
0,0,7.555184262031465e-05
0,0,0.09215240261543191
0,0,0.0005210133326225074
0,0,0.0003586290330459226
0,0,0.0006130837990414778
0,0,0.0002493676057197471
0,0,0.11182953309559865
0,0,0.0002708778243346859
0,0,0.0006214439524675394
0,0,0.00024005847914057238
0,0,0.00017076371326149256
0,0,0.028632208319945538
0,0,0.0016103516453289638
0,0,0.00042112544134511367
0,0,0.0007022429598643377
0,0,2.2440731889592224e-05
0,0,0.0005206570819875783
0,0,5.999498896442482e-05
0,0,0.00042466613728147593
0,0,4.6656318667993925e-05
0,0,0.10733926151407179
0,0,0.0015372666799636004
0,0,0.00029669509600876873
0,0,0.0009354051669295361
0,0,0.00029215588535767123
0,0,0.04803864374970712
0,0,0.00018793108035348972
0,0,3.306837901650671e-05
0,0,0.02669741034350781
0,0,2.3738205848465567e-05
1,1,0.997025679407682
0,0,0.012427392454282432
0,0,0.02851929642930823
0,0,5.047816247656429e-05
0,0,0.00034866269419432655
1,1,0.9993576017305477
0,0,0.00011330341291153515
0,0,0.00010936970784340546
0,0,4.684206625220147e-05
0,0,0.043769182557549975
0,0,0.00037317384362043347
0,0,7.257512674484968e-05
0,0,0.21614911010760143
0,0,5.864448970388768e-06
0,0,0.0002677639118571072
0,0,0.005916563643260456
0,0,0.010276790278225763
0,0,0.05204886376228683
0,0,0.00018086818784264117
0,0,0.0003886731530210564
1,1,0.998428446112664
0,0,0.0013288082263486127
0,0,0.0005281952862270249
0,0,0.00022657550642051112
0,0,0.0003135915335433454
0,1,0.7080968987194257
0,0,0.00010266002799214805
0,0,0.02959812119463077
0,0,0.28493452558246934
0,0,2.0272111227322568e-05
0,0,1.8710308859920474e-05
0,0,0.00041480935850158983
0,0,0.004366519279435787
0,0,0.0007117652249356149
0,0,3.80753397060829e-05
0,0,0.00868711512114866
0,0,0.00011926342124522359
0,0,8.903878373079063e-05
0,0,0.0003051763842034976
1,1,0.9970014919445903
0,0,4.788572946205984e-05
0,0,0.000691801523988203
0,0,0.00019097596091804757
0,0,0.0005029376718723249
0,0,0.00790733488157809
0,0,0.0007457308597705706
0,0,0.0009204315082799132
0,0,0.020455336847663184
0,0,0.0006678818975426578
0,0,0.0004652002885478576
0,0,0.03728469318778265
0,0,8.723830701456065e-05
0,0,0.0006452798405108034
0,0,0.00011133668014539155
0,0,0.0007331947431297511
0,0,0.0011602080462032606
0,0,0.0010812718264295348
0,0,3.4158303688625944e-05
0,0,5.2373047250858704e-05
0,0,4.6979553436474477e-05
0,0,6.875982864387098e-05
0,0,0.028718842732157676
0,0,0.00028677783522582643
0,0,0.00010598159510077766
0,0,0.000520297572962245
0,0,0.19551898198039513
0,0,0.0003166663097951634
1,1,0.999298831906874
0,0,3.4180020322352716e-05
0,0,0.13711322782510307
0,0,0.18308206072390976
0,0,0.027957700248364702
0,0,0.0002853710111274561
0,0,0.0005931167787725253
0,0,3.778745150704477e-05
0,0,0.00014798027963082753
0,0,0.01595128327009599
0,0,0.00045955476558298913
0,0,0.02210482325019757
0,0,3.168731553737263e-05
0,0,0.0009533128475045067
0,0,0.0018317803085084428
0,0,0.0009620533489551903
0,0,0.0012996934462492934
0,0,0.0005501502897986354
1,1,0.9990025528748167
0,0,7.561637262745866e-05
0,0,0.00011121723483889782
0,0,0.07844843269426309
0,0,0.00026945944104231605
0,0,0.28000391390847473
0,0,0.006813886076391932
0,0,0.006493136296782167
1,0,0.0852637894166934
1,0,0.1330176085987019
0,0,1.473458600015497e-05
0,0,7.752327381994241e-05
1,1,0.9963366716575576
0,0,0.00042007934088843517
0,0,0.000778953008219566
0,0,0.046930863941871875
0,0,0.03690889379819698
0,0,0.0007253925553656577
0,0,0.0008651082272372699
0,0,0.00017577965460869043
0,0,0.09957495996720606
0,0,0.00032947098086183034
0,0,3.049342649556909e-05
0,0,0.0021656381599793276
0,0,0.0005510106604125734
0,0,0.0009911169163110114
0,0,0.0010306544595278953
0,0,0.00037601497725742514
0,0,0.0007604113173359048
0,0,0.01503778433042113
0,0,0.4631268007833144
0,1,0.5573636727872858
0,0,0.0059916549659725605
1,1,0.9999458796921659
0,0,0.0001855384275102595
0,0,0.0001999863514039771
0,0,1.95986169835773e-05
0,0,0.00016666868633190775
0,0,0.0009837627430591086
0,0,4.814863143353422e-05
0,0,0.0027584058261171177
0,0,0.02634485428163926
1,0,0.24743431983178527
0,0,1.2906967789296271e-05
1,1,0.9999935030601519
0,0,0.00048388555286932224
0,0,0.0005807418952674454
1,1,0.9954813306397727
0,0,1.9228953879386302e-05
0,0,0.09141034202143582
0,0,0.0006204654459315914
0,0,0.00017653538981862867
0,0,5.0954052868158006e-05
0,0,0.02978418251926744
0,0,0.2316002753876784
0,0,7.611823740411844e-05
1,1,0.9999654194446436
0,0,0.0012150932066655417
0,0,0.001294942591122008
1,0,0.12810338968235932
0,0,3.7406729263605796e-05
0,0,0.027747099079366892
1,1,0.999536422351431
0,0,0.02556181196724557
1,1,0.9999706773340942
1,1,0.9999413070521793
0,0,0.003461711262658816
0,0,0.0001887861556113708
1,0,0.1488290910863267
1,1,0.9999915178570411
0,0,6.070394857340897e-05
0,0,0.000445819003547994
0,0,3.6155520666857666e-05
0,0,0.00015476585891443357
0,0,0.00014822804410507696
0,0,4.100772587945916e-05
0,0,0.35673726828499075
0,0,0.012300261049734477
0,0,0.00021344983556049278
0,0,0.0002548170812984856
0,0,0.0026851129921319
0,0,0.00021610917495188544
0,0,0.11677720804225035
0,0,0.00026544043182596673
0,0,0.00040355782227083034
0,0,0.0002840958320240219
0,0,0.10400741105935365
0,0,0.00015349598708402755
0,0,0.0016907967560152914
0,0,0.04588383699177124
1,1,0.9906498491229394
0,0,0.021909307023220286
0,0,0.0005732084891568705
0,0,0.09742759287226574
0,0,0.0004933751482599653
0,0,0.0002506415289762084
0,0,0.00017297511056644905
0,0,0.000578127552806023
0,0,0.0004468595061719028
0,0,0.00010151237378498576
0,0,2.7109348511934017e-05
0,0,0.293898191903508
0,0,0.0004741947100696562
0,0,0.10732866385320307
0,0,0.00016136260419510637
0,0,0.0008532146295343956
0,0,0.003878225019014041
0,0,0.2784692432663555
0,0,0.0004208689699052734
0,0,0.09856287185189326
0,0,0.0003114802756537195
1,1,0.9992070269180823
0,0,0.005924305686961432
0,0,0.003500803837292515
0,0,0.0006552472252132155
0,0,0.19880828907546286
0,0,2.9799221198952046e-05
1,1,0.9984136440576594
0,0,0.00010214907406676879
0,0,0.0004102384826767774
0,0,4.8733419665312507e-05
0,0,0.0003113429530212238
0,0,0.00020191238876217095
0,0,0.001072572120061006
0,0,1.939182597419054e-05
0,0,0.31897529347328457
0,0,9.131662905320069e-05
0,0,0.00014724492503904017
0,0,0.016951496822733433
0,0,0.0021442265920591087
0,0,0.00024096857302839306
0,0,1.4484644633631469e-05
1,0,0.06330955284387371
0,0,4.585029619548121e-05
0,0,0.10928177089513828
0,0,0.0005473939248930281
0,0,0.00024013919253007074
1,1,0.998588311134344
0,0,0.15840568521681408
0,0,0.010465405811326252
0,0,0.00046590114487860993
0,0,0.0001212392533930085
1,1,0.9982642546705569
0,0,0.00020600335685622603
1,1,0.9984255047644844
0,0,0.0006585096315063988
0,0,0.007845439749593747
0,1,0.6543298635023409
1,1,0.9989400791602903
0,0,0.00014925586347248776
0,0,0.09728100700266339
0,0,0.0016204871305135517
1,1,0.9999863001591965
0,0,0.0015296678418268545
0,0,0.0005456051465075883
0,0,0.0016851334470861026
0,0,0.048080721651384585
0,0,0.001927939164278772
0,0,0.021411243251274272
0,0,0.00017745552049178853
0,0,6.0406508084739867e-05
0,0,0.0005271253817098222
0,0,0.00159793277363775
0,0,0.00028006837014956737
0,0,0.0005603071590173988
1,1,0.9927240637810993
0,0,4.273775962662104e-05
0,0,0.07947532842665735
1,0,0.16757912721903165
0,0,3.8835087320023204e-05
0,0,0.00019185344701272747
0,0,0.0018811864618745
0,0,0.00042269489322825085
0,0,0.46809164777223766
0,0,0.0002540497822845773
0,0,0.0028397206119883224
0,0,0.09467605202481717
0,0,4.3564421157419755e-05
0,0,0.0716738219332831
0,0,0.001388318379754433
0,0,0.00012268446928508808
0,0,0.24353563517989577
1,0,0.17451105498146238
0,0,0.00016832651462920316
0,0,0.020295137237502658
0,0,0.04142642992637662
1,1,0.9992667930287235
1,1,0.9996066911462838
0,0,0.08971613496345834
0,0,0.0008006350828288565
0,0,0.00032927267713680705
0,0,0.0012630607498169285
0,0,0.00011189739294617804
0,0,0.0002201253573416287
0,0,0.1567299014935208
0,0,0.1535960831214597
0,0,0.004144504719954539
0,0,2.7120180046162015e-05
0,0,0.0006920920756900968
0,0,0.0003749283300617873
0,0,0.0001718471689538648
0,0,0.13515690657511858
0,0,8.036219249468333e-05
0,0,0.0005895398642346598
0,1,0.7333269667633181
0,0,4.696918410806019e-05
0,0,0.036630767378684724
0,0,0.0012087346569497404
0,1,0.668445870929848
0,0,0.0007767296985030466
0,0,0.0005105400542218248
0,0,0.00063588177332594
0,0,0.0001363951270561016
0,0,0.16481125692845564
0,0,2.516411203570074e-05
0,0,0.01982446776225531
1,0,0.2522980231818333
0,0,0.4422987506663695
0,0,0.00021142612783807524
0,0,0.1826076514293512
0,0,0.00011843870000249493
0,0,0.0010343136358762365
0,0,0.0007902011574380049
0,0,2.2440731889592224e-05
1,1,0.997149070482953
0,0,4.753832421271359e-05
0,0,0.0004048636277560258
0,0,0.11370712414566428
0,0,0.00012922906325894468
0,0,0.011139386502416719
0,0,0.06878496978529335
0,0,0.0003734794153973543
0,0,0.00015147262448669715
0,0,0.11830500683634654
0,0,0.08375456431515313
0,0,0.1295135166373635
0,0,0.1686604769653688
0,0,0.0016979760763989916
0,0,1.95986169835773e-05
0,0,0.0004138523950916759
0,0,0.011980390648884965
0,0,0.00010673004271518606
0,0,0.004772975731872015
0,0,1.767568743701263e-05
0,0,0.005418668292364413
0,0,0.000435631216163138
0,0,0.006107373798467049
0,0,0.017098773968096403
0,0,0.0009945280745927018
0,0,0.0247980526659064
0,0,0.4275374172459266
0,0,0.028067676190961913
0,0,0.0025086274623487984
0,0,5.871451607388256e-05
0,0,0.0002428893281924249
0,0,0.000343948708412616
1,1,0.9999810156937247
0,0,6.659746009999146e-05
0,0,0.00027593683930563043
0,0,0.4393973644058686
0,0,0.07125659948799061
0,0,0.00034575676047966314
0,0,3.085605147881775e-05
0,0,2.040039461796692e-05
0,0,4.065907416700098e-05
0,0,0.0008717707515927648
0,0,0.0001299464942385572
0,0,0.0005719024961815916
0,0,0.030387516268014662
0,0,0.0009894474034193384
0,0,2.159710533688111e-05
0,0,0.020375936842701576
1,1,0.9987314583959019
0,0,0.0017148398919261453
0,0,0.00018751020147219236
0,1,0.822420705968429
0,0,0.0007069903625643498
0,0,0.03800048482150166
1,1,0.9999790329305247
0,0,0.0007422760285888743
1,1,0.9994410698368296
0,0,0.05001072643324945
0,0,0.35677344581535303
0,0,0.000311278333044934
0,0,4.083804910516166e-05
0,0,0.0003503725310563034
0,0,0.000675033183593677
0,1,0.7465388495549474
0,0,0.0032089807497440825
0,0,0.00098581140772762
0,0,0.043850963220895676
0,0,0.00846087150873572
0,0,0.002294376183637637
0,0,3.4032901322260556e-05
0,0,2.9829033760428872e-05
0,0,1.986895600106871e-05
0,0,0.040279156178903125
0,0,0.0002874081604922763
0,0,7.31977508208902e-05
0,0,0.0007096405193784757
0,0,1.7226266233684618e-05
0,0,0.0002593390164567438
0,0,0.024683576499610265
0,0,0.08228279517859209
0,0,5.427084816888065e-05
0,0,0.0013112900710869895
0,0,0.04896581043870515
0,0,0.00017652646386386774
0,0,0.08390828313782586
0,0,0.2031512008141228
1,1,0.9984574028179771
0,0,0.00010685708601887313
0,0,0.0033285757430058446
0,0,0.001168743028243256
0,0,0.025556205280933914
0,0,0.2195011355396615
1,1,0.9911861932117099
0,0,0.12427829168828576
0,0,0.0007305391083378466
1,1,0.99779411422126
0,0,0.0033906398027074
0,0,0.00010729991447867551
0,0,0.0008606054800400178
0,0,0.031043584537833055
0,0,6.856077496419772e-05
0,0,0.00327781974890257
0,1,0.6327625869609588
0,0,0.00046893052815686405
0,0,0.00046998302789576674
0,0,4.216275419294445e-05
0,0,0.0002242366123750207
0,0,5.316917586231017e-05
0,0,0.00228652734135357
0,0,2.9864342759094894e-05
1,1,0.9999587702477978
0,0,5.105660443089614e-05
0,0,4.5045450277698455e-05
0,0,0.060261357524783794
0,0,0.44935588841227925
0,0,7.203335217460304e-05
0,0,0.2709694271943619
0,0,0.00010119441587417798
0,0,0.07454293421475519
0,0,9.498836486080069e-05
0,0,6.238401821821711e-05
0,0,3.511016729896672e-05
0,0,0.000844285042216474
0,0,0.000416912575119128
0,0,6.502890845330161e-05
0,0,0.010466988940455817
1,0,0.06060112319339641
0,0,0.0002522090918532711
0,0,2.043329496262929e-05
0,0,0.00024808649666087503
0,0,0.00540883350828396
0,0,3.709225934914794e-05
0,0,0.00021475571192952142
0,0,6.355891518491672e-05
0,0,0.02249163967147407
0,0,3.4973257946039635e-05
0,0,0.39422845129595774
0,0,0.0001567889900151842
0,0,0.00011005772618977992
0,0,1.688467935723e-05
0,0,8.03060548311575e-05
0,0,0.0005636914267477046
0,0,0.000549494749621513
0,0,0.00021032162580235394
0,0,0.00021058085260153967
0,0,0.02058338453656589
0,0,7.387866383829288e-05
0,0,3.395785038099629e-05
0,0,0.011089606000431695
0,0,0.032457802275925665
0,0,0.04116704413006507
0,0,0.3378521705481218
0,0,8.244690208919928e-05
1,1,0.9999949964676903
0,0,0.010195000402756341
0,0,0.0002509123498379531
0,0,0.00035058038339253497
0,0,0.00023332049222154905
1,0,0.24356912971702363
0,0,0.0006783482106173111
0,0,0.01736400177538902
0,0,9.24349533041242e-05
0,0,0.00028614923482190284
0,0,8.095626279968397e-05
1,0,0.10199477068880519
0,0,0.00022725361864444057
0,0,0.0010312603683630245
0,0,0.08991976511322906
0,0,0.00021681801138350476
0,0,0.00042584677072189745
0,0,0.0005492285263139112
0,0,0.00014587804252693323
0,0,0.0004028851797673833
0,0,0.003403853156423673
0,0,0.0002030481875795057
0,0,0.015068145229262031
0,0,7.903945116420556e-05
0,0,0.0004114050530728977
0,0,0.10498293371807083
0,0,0.16180845591821003
0,0,0.0008634754710144464
0,0,0.005603439337152479
0,1,0.639568183587836
0,0,1.95986169835773e-05
0,0,4.416527676199901e-05
0,0,0.004789480344269735
0,0,5.477854968715773e-05
0,0,0.0005928942931145096
0,0,1.7624271784288593e-05
0,0,0.0009738999254372837
0,0,0.0024824995351560154
0,0,0.03230899327425197
0,0,1.2784556682161756e-05
0,0,0.00020690054211479074
0,0,0.013818061215828795
0,0,0.00015156558152624818
1,1,0.9999953744687452
0,0,8.447715190107429e-05
0,0,0.0001313362865915111
0,0,0.000552200231271418
0,0,0.02904679383970822
0,0,0.0002644183331926585
0,0,0.09843460616301387
0,0,0.0009533128475045067
0,0,0.0007406722778651798
0,0,3.78195027373555e-05
0,0,0.0006514502717272434
0,0,0.00028584719219339194
0,0,2.7109348511934017e-05
0,0,0.002306158023775724
0,0,0.00679822586582102
0,0,0.0001404418707243567
0,0,0.18165369220618327
0,0,3.874903324242911e-05
0,0,3.965256762239699e-05
0,0,0.00015645697852372588
0,0,5.7562621850705995e-05
0,0,0.06468341284431672
0,0,0.05090100648113793
0,0,0.024889018774983028
0,0,0.00037244825558213363
0,0,0.0005670093117738872
0,0,0.00029363922479029185
0,0,5.2308872436477873e-05
0,0,0.0001901241375144324
0,0,0.25528703907001676
0,0,0.00034003335324811967
0,0,0.0009166696165558867
0,0,3.0231380412806435e-05
0,0,0.003175576990924776
0,0,0.03329935397791278
0,0,0.18398996032502202
0,0,0.05782179555522854
0,0,6.596534200779548e-05
0,0,0.07786355850172749
0,0,0.02929421508519525
0,0,0.14424912975680115
0,0,0.002330787897065636
0,0,3.972870869717967e-05
0,0,0.24383973848152496
0,0,0.0414098663734928
0,0,0.02907453545121943
0,0,0.00010998891300185251
1,1,0.9983711693176015
0,0,0.032397376379203084
0,0,0.0012305346622486603
0,0,0.0038291306048376912
0,0,3.104302773560127e-05
0,0,9.796235405150497e-06
0,0,0.00025173048118647156
0,0,1.2215392548267323e-05
0,0,0.0008308538058580824
0,0,0.0002518330671624869
0,0,0.00035802418466197145
0,0,0.0005803679631654733
0,0,0.21957591396908147
0,0,0.003480253178946413
0,0,0.00034771697909351934
0,0,0.0006847152974917479
0,0,8.154474807087048e-05
0,0,0.00012411584609840109
1,0,0.08009506517334843
0,0,0.00022601012147645795
0,0,0.0492710854808045
0,0,0.03979962539057007
0,0,0.003938464562449847
0,0,0.45520335629458775
0,0,0.2983459267538273
0,0,0.005413323670000434
0,0,0.00040056437526425604
0,0,0.0002121157765153211
1,1,0.9976349631292005
0,0,0.00020551356154697748
0,0,0.1226060743385917
0,0,0.025514282847877375
0,0,5.788626982906159e-05
0,0,0.011761209054074904
0,0,0.03717296840825711
0,0,0.0007984954020408211
1,0,0.048677417101769496
0,0,0.0026089598757828548
0,0,0.0003136333584734505
1,1,0.9969642429645139
1,1,0.9962107205113719
0,0,0.0318283587544772
0,0,0.00010573088227910595
0,0,7.750208026042503e-06
0,0,0.00024277216332813342
0,0,0.00013177693064380213
1,1,0.9995273417668084
1,1,0.9972591110669277
0,0,0.00010936970784340546
0,0,0.021883338650170385
0,0,0.00048490984644961044
0,0,0.18517880267493173
0,0,0.00029469154460037757
0,0,2.301450386147618e-05
0,0,0.00045706472507207386
0,0,0.1929891381002222
0,0,0.39367673505558054
0,0,0.28323235902753446
0,0,7.241071357882914e-05
0,0,0.0003949511244690643
0,0,0.00047740591673439383
0,0,0.015999965558032802
0,0,0.00037109577126634576
1,0,0.14508554227228324
0,0,0.0002054716111850443
0,0,0.012135352628828196
1,0,0.34549085022971576
0,0,0.00019413509556547086
0,0,0.00022513722250260392
0,0,0.2677198864075451
0,0,5.272892437036755e-05
0,0,0.0758725982684096
0,0,0.005714586446213237
0,0,0.13131158483249256
0,0,0.0002994081281219294
1,1,0.5400637602649146
1,1,0.998613723478396
1,0,0.05186196272619368
1,1,0.9991122014249926
0,0,0.05157646763226189
0,0,3.104302773560127e-05
1,1,0.9961424816297715
0,0,0.0001970658339019058
0,0,9.312740325631584e-05
0,0,0.0007702344999003294
0,0,0.0004882462827326251
0,0,0.0023035510691269243
0,0,0.00022145204121132552
0,0,7.990774909950014e-05
0,0,0.00036074830605556315
0,0,0.01199064525123829
0,0,0.23657897751734033
0,0,0.0013128313901640302
0,0,0.0038496135159829118
0,0,0.002420856289149933
0,0,0.0006930757622744618
0,0,0.0004030346479749005
1,1,0.9952412511861393
0,0,0.034765272552048886
0,0,0.0006113465625967876
0,0,0.0033259787351505037
0,0,0.00011781933627339443
0,0,1.5553337710079768e-05
0,0,0.01664862677316504
0,0,0.0002680963841015299
0,0,2.3343314299009243e-05
0,0,0.0009390115325332919
0,0,0.000544236852328132
0,0,0.23828725096889566
0,0,0.00010904135254037423
1,1,0.9969747323085816
0,0,0.0008045829730957614
0,0,0.0002235882436024597
0,0,0.03126356640549719
1,0,0.12956071510687997
0,0,0.0004577377486777647
0,0,0.0003059970209278732
0,0,0.003652512235075995
0,0,0.0019850789060478807
0,0,0.0001781502488823745
0,0,0.00038158541956304266
0,0,0.2087666645551567
0,0,5.1201826924009e-05
0,0,0.00010137669344503836
0,0,0.00010544853461509765
1,0,0.07007862678055418
0,0,0.06072825377848841
0,0,0.0005350022591169922
0,0,0.01736400177538902
0,0,0.0011499082725589837
0,0,2.315900214094773e-05
0,0,0.00016601935361842198
0,0,0.00046059643852458336
0,0,0.043451627884529706
0,0,0.006220543808024693
0,0,4.9962390702625275e-05
1,1,0.6296407693830123
0,0,0.0005067019016596857
0,0,0.0003476567362997949
0,0,0.0002605318542909655
0,0,3.719014705691257e-05
0,0,0.010603946178548674
0,0,8.777838444837735e-05
1,1,0.9940573094655124
0,0,0.00013610559354689748
0,0,0.00012080854757762823
0,0,0.0008550733443108496
0,0,0.0007240476280981726
0,0,0.011851149290115118
0,0,0.00012845874470119082
0,0,0.06920928207479204
0,0,4.3737543662593424e-05
0,0,0.00011837530036026187
0,0,0.00014357216960225947
0,0,7.931271624782555e-05
0,0,0.0001320614295506485
0,0,0.24107041003080468
0,0,5.316917586231017e-05
0,0,3.964572460486116e-05
0,0,0.0005074566131032884
0,0,0.0006111398813407913
0,0,0.16852720968046872
0,0,3.45841062052867e-05
1,0,0.3333137966874124
0,0,0.00015029747828214704
0,0,4.5828928794070045e-05
0,0,0.00010361664599500244
0,0,7.809903270325639e-05
0,0,0.00010895688546108398
0,0,0.033952403116430864
0,0,6.237304750078925e-05
0,0,0.10012638974916462
0,0,0.0014577925091168002
0,0,0.000518467905656759
0,0,5.784586230344897e-05
0,0,0.0001277299906029198
1,0,0.2589057885885553
0,0,0.00010734484472883053
0,0,2.396684045141951e-05
0,0,9.239100481033772e-05
0,0,0.01183829963436853
0,0,0.09899607190963614
0,0,0.00029641383947743893
0,0,0.0005274480589513949
0,0,0.0002553127666976678
0,0,0.2535393409643034
1,1,0.9987240621456538
0,0,0.0008171814036736932
0,0,4.716287138843902e-05
0,0,2.9864342759094894e-05
0,0,0.012134455320567974
0,0,2.550357070127373e-05
0,0,0.3953272427342249
0,1,0.537055035888973
0,0,0.00020538349863723858
0,0,6.44919347314858e-05
0,0,0.07675119655458863
0,0,0.00036280607492172504
0,0,0.00032443940379985503
0,0,7.246901845884727e-05
0,0,0.00010216188785871092
0,0,0.0010001349423629307
0,0,0.0003975401934701381
0,0,0.0061717346933661855
0,0,0.0823709691703586
1,1,0.9971529253314583
0,0,0.0001471400480843917
0,0,0.001782824131578253
0,0,1.874122988120709e-05
0,0,3.3780864201025484e-05
0,0,0.0004368755121513227
0,0,0.0012488400966380341
0,0,1.1060134252846652e-05
0,0,0.21024755417262578
0,0,0.0017962741689476786
0,0,6.106443816396035e-05
0,0,0.00011185294409491249
0,0,0.00015363392903542164
0,0,0.00015347825381347273
1,0,0.4635041924387936
0,0,0.0003372709445653523
1,0,0.09871807185532602
0,0,0.0005674909585889881
0,0,0.0017198030852017163
0,0,0.0003411235420596355
0,0,0.12123150719800961
0,0,0.0002328485099685079
0,0,7.364945029352194e-05
0,0,0.0016441080464866331
0,0,0.09600383825119922
0,0,2.8956060536477153e-05
0,0,0.00040126382484668494
0,0,3.449580248712942e-05
0,0,0.03613307129345154
0,0,0.00030591353753273853
1,0,0.01368534203896554
0,0,0.0007089814782087883
0,0,0.0003673094067671159
0,0,0.0002083376091291047
0,0,0.0012103479466341407
0,0,0.020591520760052738
0,0,2.9864342759094894e-05
0,0,0.00030591353753273853
0,0,0.16038544084740777
0,0,0.03139453402366953
0,0,2.9208184804993566e-05
0,0,2.9864342759094894e-05
1,0,0.08197553220762005
0,0,0.04509879346521441
1,1,0.9970669892681655
0,0,3.498660216267942e-05
0,0,0.07069680688144123
0,0,0.0001018838397047178
0,0,0.00042069336575588086
0,0,0.09962680188259623
0,0,2.67330948185299e-05
1,0,0.35784892140765007
0,0,9.171531681560803e-05
0,0,0.05094441823453157
1,0,0.4053736640708364
0,0,8.338157271177772e-06
0,0,0.27691186863536893
0,0,0.009692048785519393
0,0,0.004450889932061397
0,0,0.00010151237378498576
0,0,0.024111990629317365
0,0,1.0839843927432981e-05
0,0,0.03143902656930627
0,0,0.00035135099647962066
0,0,0.003950431604120474
0,0,0.0005710289929415822
0,0,0.00011348201290739548
0,0,0.007083485630110644
0,0,0.06521871607991486
0,0,0.12176580284559076
0,0,0.031952413736526776
0,0,0.05447374378701917
0,0,0.0005781728967236881
0,0,0.01160881101019429
1,0,0.17255888081032292
0,0,0.018144660569263536
0,0,0.0027859691926244217
0,0,7.208871740869296e-05
0,0,0.0001682477693797185
0,0,5.927819420015466e-05
0,0,0.00023219227153335715
0,0,0.10416530521432764
1,1,0.7980774905760203
1,1,0.9991742087508888
0,0,0.0001285675714213099
0,0,0.0005790041697948233
0,0,0.006973380260141348
0,0,0.002895945176186089
0,0,0.0007924877059329722
0,0,1.1831400978868338e-05
0,0,0.04159508647834954
0,0,0.00024005831725364547
0,0,7.10801752550147e-05
0,0,0.10920419713816974
0,0,0.030649480052846408
0,0,0.003683236722107066
0,0,0.02007784373749752
0,0,0.008967501571453328
0,0,0.00013142127321737686
0,0,3.8183020478668874e-05
0,0,0.007383927361334233
0,0,5.989225644460572e-05
0,0,0.006979946819348069
0,0,3.8457562108978234e-05
0,0,3.3303050312865605e-05
0,0,0.1197763416250737
0,0,0.00012411584609840109
0,0,0.035169702267723334
0,0,0.027950907689049485
1,1,0.9878669120936437
1,1,0.999783657296632
0,0,0.0012102236911906163
0,0,0.000567846242336901
0,0,0.00028523922930525763
0,0,1.3389807232707626e-05
1,0,0.031008253135988
1,0,0.44686295670658316
0,0,0.005774959954342192
0,0,0.00017017154452095957
0,0,0.0005616952277335179
0,0,0.00042059340340870225
0,0,2.627942305926998e-05
0,0,0.018605853314201705
0,0,0.00015426308211499077
0,0,0.000571240934093234
0,0,4.060819569224896e-05
0,0,0.31939619330395796
0,0,0.046477528108306826
0,0,0.2157131524274817
0,0,0.0002495727284625757
0,0,7.970130148043048e-05
0,0,0.0005161529332371394
0,0,0.00044689092370065955
0,0,0.005004623091029302
0,0,0.0030971535656555012
0,0,0.009022044749601398
0,0,0.0003030601894052808
0,0,0.0002592647579400683
0,0,0.024235002846705753
0,0,0.00014175160918978587
1,1,0.9975263724228891
0,0,0.00014865769227407282
0,0,0.0004887323659401384
0,0,0.15158657924442767
0,0,0.00014370753816215706
0,0,0.00979402404044323
0,0,0.0063614554121562035
0,0,0.0004994524768519448
1,0,0.2715541887644637
0,0,0.002656419775007529
0,0,0.04926170061992626
0,0,0.03661952821233704
0,0,9.391482079454684e-05
0,0,0.0022388889634603836
0,0,0.0010967700743200355
0,0,6.050555673277642e-05
0,0,0.024765811660520415
0,0,0.004757425849267919
0,0,0.00017393586939305972
1,1,0.9953165897814116
0,0,0.18700260132298546
0,0,0.0004484824367360175
1,1,0.9999973973023245
0,0,0.0001824452540135686
0,0,0.0008614935473174415
1,1,0.9990699431692576
0,0,0.24934108202709482
0,0,0.004251984980280507
0,0,6.1267879076437e-05
0,0,6.11043906184689e-06
0,0,0.0019627238781491146
0,0,0.00041564799401562784
0,0,6.024136388302122e-05
0,0,0.00025609757056910016
0,0,0.0034210255999192426
0,0,0.002168352742230294
0,0,4.259801454949999e-05
0,0,1.0688615614726088e-05
0,0,8.998117012217026e-05
0,1,0.5400088183609605
0,0,5.7360606801698156e-05
0,0,1.4412750373647465e-05
0,0,3.4304957085145155e-05
0,0,1.690411586367403e-05
0,0,0.05443702042706636
0,0,2.6026437115193072e-05
0,0,0.0002040250930032114
0,0,0.022686259869101548
0,0,3.7149750028333114e-05
0,0,7.0268559012875275e-06
0,0,0.0010365416249703474
0,0,0.0013442015997272043
0,0,0.0007969443103636656
0,0,0.00014189313778834
0,0,0.00029271073655037815
0,0,0.01852242863533925
0,0,0.00016315885938954298
0,0,0.00016340102321684273
0,0,0.004089119319857952
0,0,0.0006291946290381313
0,0,0.07994156843436298
0,0,0.11111047146759001
1,0,0.05513711488096431
0,0,0.013840204889715903
0,0,0.0006247849846201597
0,0,0.22530634056636248
0,0,0.31969772731128504
0,0,0.00046863933763671695
0,0,0.057251047962406446
0,0,0.000174678311824569
1,0,0.2599418239396089
0,0,0.0003536129821893258
0,0,2.7064201366100308e-05
0,0,0.01678513396409716
0,0,0.04129380671781204
1,1,0.999945385898044
0,0,0.00019219787168988324
0,0,0.00971048852235729
0,0,0.00010818928858500074
0,0,9.153567452352602e-05
1,1,0.9999777948924227
0,0,0.002092745496250257
0,0,0.0003910920655605428
0,0,0.019963578053740827
0,0,7.044736800710581e-05
0,0,0.00044924026713956503
1,1,0.9941668977537638
0,0,0.0011193555768329525
0,0,0.0004944979129018206
0,0,0.0006079677557651011
0,0,0.0001773061122609429
0,0,0.009267782453914858
0,0,0.0018178938613914956
0,0,2.3738205848465567e-05
1,1,0.9992989963751974
0,0,0.0019499530870274503
1,0,0.03393384987955012
0,0,0.031626002810885956
0,0,0.09965353268870127
0,0,6.355438147814597e-05
0,0,0.00022832115793620304
1,1,0.9955382486584768
0,0,0.2921466666646407
0,0,0.09290027454763378
0,0,0.00017958312116423658
0,0,8.776956882163618e-05
0,0,3.138212814099767e-05
0,0,0.00013157980481354322
0,0,0.0029183965741736077
0,0,0.09363300681041616
0,0,0.0006128450199042865
0,0,6.88125647944056e-05
0,0,0.284632992894936
0,0,0.08418568339461385
0,0,0.02972781067163323
0,0,5.600559662523568e-05
0,0,1.3827941489334644e-05
0,0,0.10404914197063758
1,1,0.9994534012032261
1,0,0.24676485037254134
0,0,0.0007587222877305165
1,0,0.29240358196403554
0,0,6.933887637163687e-05
0,0,0.0006352623049114919
0,0,2.5611034715126582e-05
0,0,8.275136422178924e-05
0,0,0.0005448289374016943
0,0,7.364945029352194e-05
0,0,0.00012914325958497504
0,0,0.0010096131910493891
0,0,0.19442762458659565
0,0,8.806990900083818e-05
0,0,7.044736800710581e-05
0,0,0.00019633314362341625
0,0,0.00020702723048717403
0,0,0.00038829569937686256
1,1,0.9956394625874507
0,0,2.930940919921302e-05
0,0,0.008651308099285784
0,0,0.009486844312867176
0,0,0.002181112636824806
0,0,0.24171116050102226
0,0,0.0013056940143871191
0,0,0.0007527643877927075
0,0,0.1228614965256799
0,0,0.0005962082844137635
0,0,0.0004175679666802317
0,0,0.0007679813653348996
0,0,0.00016087109046314472
0,0,0.0003829347166709732
0,0,0.00012243065457872781
1,1,0.9986953977482148
0,0,0.1271044226467277
0,0,0.1394669673064247
0,0,5.633926937039376e-05
0,0,0.16295899287691884
1,0,0.06383765262509089
0,0,0.00012319489472647867
0,0,0.0005796280018994966
0,0,0.09991912639022925
0,0,0.0007443141086483764
0,0,6.106443816396035e-05
0,0,0.008823449382457323
0,0,0.1702933024415072
0,0,0.002008454743045279
0,0,0.08739923779814522
0,0,0.0003631033138808621
0,0,0.0002865921777809789
0,0,0.0005588414810218591
1,0,0.23266680999211453
0,0,0.00697133478621244
0,0,0.335450922942227
0,0,0.06877053121223368
1,0,0.3210042589927786
0,0,0.00010921444719690795
0,0,0.00027018611472845867
0,0,0.0011193555768329525
0,0,0.0004214679960715518
0,0,0.00014000734097239064
0,0,0.01850944679862096
0,0,9.857658567245738e-05
0,0,2.8952220071601506e-05
1,1,0.9999466574372798
0,0,0.11777382280113674
0,0,8.396333808573441e-05
0,0,3.168868872545102e-05
0,0,8.835447553402259e-05
1,0,0.06570244965251092
0,0,0.0001745610380775701
0,0,5.177084131482682e-05
0,0,0.0012696576598108281
0,0,0.015574659230554193
1,0,0.03929454875215513
0,0,2.550357070127373e-05
0,0,0.0016979760763989916
0,0,9.074998129555578e-05
0,0,0.010052241322070625
0,0,0.19272421301722173
0,0,0.0001441380063608134
0,0,0.0005878172399115854
0,0,0.19694213330545363
0,0,1.4849423429441947e-05
0,0,0.29716023516440543
0,0,0.0003586290330459226
0,0,0.00011132549415515973
0,0,0.005548846514304243
1,1,0.9988951996524206
0,0,0.00021590020590208883
0,0,0.00106076939880182
0,0,5.802338111431329e-05
0,0,8.051068316125679e-05
0,0,0.053631674914252095
0,0,0.008558981610109003
0,0,0.0009852159411626454
0,0,0.0001281919236236728
1,0,0.04469220709474723
0,0,4.4312834480211235e-05
0,0,0.17269342583893704
0,0,0.04035344660163706
1,1,0.9977002357828876
0,0,0.00021720892538139305
0,0,0.011632755495749797
0,0,0.0004764113818506145
0,0,0.00018942221083922132
0,0,0.010688949212155945
0,0,0.004880993708461408
0,0,0.0010005611827126049
0,0,8.352323358977528e-05
0,0,0.00033898699932714284
0,0,0.0002233490174302842
0,0,0.0010801734116953933
0,0,1.613043717038703e-05
0,0,0.1772225213137139
0,0,2.0948061277027567e-05
0,0,0.0004353977008215824
0,0,0.0060004843316512416
0,0,0.004825181612226078
0,0,5.101038476918774e-05
0,0,0.0003010918470650642
0,0,0.001722824661002209
0,0,1.565433550043206e-05
1,1,0.9981085062154799
0,0,0.009187377631044429
0,0,0.1298272900691494
0,0,0.02762431952456419
0,0,2.6645095587022198e-05
0,0,2.7564002886584508e-05
0,0,0.00019879786996151484
0,0,0.0001010617487442913
0,0,0.00011805706641712702
0,0,0.0010242727388062203
0,0,5.6910531181095896e-05
0,0,0.3678674103247767
0,0,0.00014835022924729105
0,0,0.014151481826991946
0,0,6.691390389959372e-05
0,0,0.38575530793061635
0,0,0.00041929472626051344
0,0,6.997783204408353e-05
0,0,0.000277647365987416
0,0,0.00032137218668076297
0,0,0.0019215694179296192
0,0,0.0008686764956033894
0,0,0.00028578186122400117
0,0,0.00043627178013557253
0,0,0.16517609463183877
0,0,0.0006274449019503216
0,0,0.00036470281252633816
1,0,0.10454159826053373
0,0,2.9864342759094894e-05
0,0,0.012167875606149792
0,0,0.038522028047786476
1,1,0.9974403483101879
0,0,0.10329349739930298
0,0,4.1103803892725976e-05
0,0,0.004601650808864434
1,1,0.9986261202553735
0,0,0.00017669393833306499
0,0,6.628428321160763e-05
0,0,1.7513378349523962e-05
0,0,0.01231582881764038
0,0,0.0002934921652125316
0,0,0.0048045686709037964
0,0,0.0002186790426560195
0,0,0.0009494421652749432
1,1,0.9988754324430835
0,0,0.23835710424499304
0,0,0.09996416273917816
1,1,0.9973936532415231
0,0,0.00012946771834980957
0,0,0.0736388642467236
1,1,0.9966264200787691
0,0,9.183421083414625e-05
0,0,0.00036970182741336976
0,0,0.00037405152735337204
0,0,1.6074093572096234e-05
0,0,0.00039880413998620015
1,1,0.9992689831304402
0,0,0.00020349491554461557
0,0,2.3738205848465567e-05
0,0,0.0003559799246074328
0,0,8.487893936714666e-05
0,0,0.003579730283772141
0,0,7.470037071926894e-06
0,0,2.789376476442105e-05
0,0,0.10380375172580074
0,0,0.040955034731550675
0,0,0.007885656669966675
0,0,0.002214979692066132
0,0,0.0005349473285611118
0,0,0.0001756208787496909
0,0,8.179534518843528e-05
0,0,0.0006015703215880147
0,0,0.31589545102744776
0,0,4.456909596075525e-05
0,0,0.1411134080919136
0,0,0.0009029003696918085
0,0,0.0007016953428905717
0,0,0.012209183032238486
0,0,0.00013760788721325155
0,0,0.00017855372206117062
0,0,0.0002134203150704551
0,0,0.00018871355212651895
0,0,0.005827168535038319
0,0,0.09354843265213733
0,0,0.028410160173370166
0,0,0.00022400870066041842
0,0,0.10620157789219133
0,0,0.09966889279271897
0,0,0.0007553619903475242
0,0,0.00034308208720885074
0,0,0.00012150066709408532
0,0,0.000134118416201397
0,0,0.00015262834327763318
0,0,2.8111006365703892e-05
0,0,0.33037428784704187
0,0,0.0005371634157593168
0,0,0.01137436501325417
0,0,0.0017270659553503096
1,0,0.27870175019371785
0,0,0.0002766406564320465
0,0,0.009351897735643122
0,0,0.0001474636468771344
0,0,2.8661985493539566e-05
0,0,0.0002493295040857047
0,0,0.0002757401425770595
0,0,0.041972157613398765
1,1,0.998105422853218
0,0,0.00029603326566689
0,1,0.5149840736176431
0,0,3.425699137997759e-05
1,1,0.6215843827454302
0,0,0.021317110865764828
1,1,0.9992996138822929
0,0,0.006863944944941836
0,0,0.0027634810876698414
0,0,0.014650747266980776
0,0,0.000462619935385176
0,0,2.4960716474969544e-05
0,0,0.001427313023477458
0,0,0.0010409282962408693
0,0,0.0004964657527141771
0,0,2.9022725496717736e-05
0,0,0.0003653789876101614
0,0,0.3884538973932692
0,0,0.027540914311248128
0,0,0.00037446404733687674
0,0,0.0021434582967469625
0,0,0.02134409081095047
1,1,0.9958375756919401
0,0,0.0015506290975076632
0,0,0.0003349666276062491
0,0,3.060409900206374e-05
0,0,1.6229887686887033e-05
0,0,0.0001416088475169285
0,0,0.0004660571994103962
0,0,0.00029143714582844635
0,0,0.0003601764968187169
1,1,0.9987520722263228
0,0,0.0004159689318547276
0,0,0.005474638184175788
0,0,0.00011477344506615267
0,0,0.008023427572469332
0,0,0.0004646092499391876
0,0,0.0009483694848959269
0,0,0.0022842328697968883
0,0,0.00022316105452099098
0,0,0.00010656482036881175
0,0,0.0010355898986399183
0,0,0.009692048785519393
1,1,0.9998625805166367
0,0,7.021251026909573e-05
0,0,0.12953985736720935
0,0,0.000269788921323673
0,0,0.0006847480512617794
0,0,0.016688108332020377
0,0,1.30347043522607e-05
1,1,0.9993240372270021
0,0,0.00012779690610095803
1,0,0.056808720985863884
1,0,0.3085425972940407
0,0,0.0003472523721696016
0,0,0.0008909701464582041
0,0,0.00027785580289998573
0,0,0.00031333837649852515
0,0,9.278243290469058e-05
0,0,0.00794617116281066
0,0,0.0004575555209627081
0,0,0.008914225729401832
0,0,0.001725864059618544
0,0,0.02444990469428653
0,0,0.00017588248138453708
1,0,0.3972931558378468
0,0,0.0002606651473509947
0,0,6.402258444788063e-05
0,0,0.15531848140512547
0,0,0.06225120896276517
0,0,0.16587027579450003
1,0,0.038524429170846045
0,0,0.0003782097747816316
0,0,0.02291452153576714
0,0,0.00021345039109995606
1,1,0.995740673901508
0,0,0.0714068439562878
0,0,0.00026108002124364667
0,0,0.0001001130555972631
0,0,0.011362004768267011
1,1,0.9999806398048672
0,0,0.00025491445690498484
0,0,0.0002062286867571751
0,0,0.0008232808973209789
0,0,0.002566904872580992
0,0,0.03729659331097012
0,0,0.0015278374266307084
0,0,0.002086101972298382
0,0,0.001139054549598035
0,0,0.12637532388062084
0,0,0.03734111004084272
0,0,0.00011277666988779853
0,0,0.0003950999759354685
0,0,0.0007176794583291852
0,0,0.0003266972502168273
0,0,1.8729608227525443e-05
0,0,0.00015009107867210633
0,0,3.762693737354092e-05
0,0,2.3738205848465567e-05
0,0,7.246901845884727e-05
0,0,0.0003386897462902679
0,0,3.902694027039568e-05
0,0,0.0025007818865547555
1,1,0.9999664190238019
0,0,7.246901845884727e-05
0,0,0.057022827407529925
0,0,0.00010936970784340546
0,0,0.06805434478273709
1,1,0.9946470942806116
0,0,0.11368100977376158
0,0,0.0004186085920359416
0,0,0.03585279069452686
0,0,4.87809074243997e-05
1,1,0.999990927757308
0,0,0.0005444789748127196
0,0,0.0005327202579796186
0,0,0.003824030713771461
0,0,0.004464435995420021
0,0,0.0014300663067682374
0,0,0.000202207493403627
0,0,3.724477637281972e-05
1,1,0.9999919327665863
0,0,0.03100462814880056
0,0,0.004380016167493793
0,0,0.0001994286338451376
0,0,1.7425678551452135e-05
0,0,7.423998833651498e-05
0,0,0.00014347663413384647
0,0,0.010219423742144029
0,0,0.1453130117694721
0,0,0.05331503773848096
0,0,0.0018251595041256544
0,0,0.0006395683438876474
0,0,8.40080734499606e-05
0,0,0.00026220660812924305
0,0,0.007245599891535853
0,0,0.00018896376946543977
0,0,6.517555534306555e-05
0,0,0.0001404418707243567
0,0,0.0005095387998879295
0,0,0.030603069297243282
0,0,0.2822306696943252
0,0,0.0004883752076346192
0,0,0.32601818978364827
0,0,4.5651270016012635e-05
0,0,0.11764504845974307
0,0,0.0002894536621623773
0,0,0.010371990813266225
0,0,0.0001855384275102595
0,0,0.01323815500430716
0,0,0.0002197186110342095
0,0,0.0001009342040986579
0,0,0.0001533429245107975
0,0,0.0002908508884634226
0,0,0.3420873760836626
0,0,6.093196757855745e-06
0,0,0.05779143867969123
1,0,0.033260514043976584
0,0,4.956053913581116e-05
0,0,0.0437493905119666
1,1,0.6094567844103438
0,0,0.03192648306695953
0,0,0.05550081781597218
1,1,0.9977416845221802
0,0,0.0015644137605342974
0,0,1.95986169835773e-05
0,0,6.724517026029046e-05
0,0,3.354705013804213e-05
0,0,1.7411931545898545e-05
0,0,0.19766669456159877
0,0,0.006687261713487526
0,0,0.11300233303792795
0,0,0.0007328403816267641
0,0,0.00013691605342864264
0,0,0.0009140271272227677
0,0,3.496680625870736e-05
0,0,0.001323860326800899
0,0,0.0008316754946460649
0,0,0.00038020318874840635
0,0,0.020684555092628468
0,0,0.00012203748420162266
0,0,6.951321029035477e-05
1,1,0.9816397735620489
0,0,0.2758414556553616
0,0,0.002958882511278573
0,0,0.05023228491290324
0,0,0.03700636484913724
0,0,0.0005677895984885486
0,0,0.0002397275336490391
0,0,0.0047527666453190025
0,0,0.00046079279334534256
0,0,0.00022684771378505802
0,0,0.00043269831631589765
0,0,0.000420728923310753
1,1,0.9993481389986647
0,0,0.03832882776852929
0,0,0.00035632561410044384
0,0,0.00010370899177534493
1,1,0.9999194073245523
0,0,0.22353956825501964
0,0,0.0006068714357266006
0,0,2.5062425784221633e-05
0,0,0.0023966552750696343
0,0,0.008727286492589637
0,0,0.00013691605342864264
0,0,0.0004887323659401384
1,0,0.2236774954034424
0,0,0.11359498947539963
0,0,0.00040256715925293
0,0,5.4479077273291645e-05
0,0,0.0011190320355450585
0,0,1.9482822631778493e-05
0,0,0.00032194437262685977
0,0,0.0005772488671847958
0,0,0.00014283134516944836
0,0,7.164148047741216e-05
0,0,3.8335124320244425e-05
0,0,0.006337984789585564
0,0,0.08709873809262698
0,0,0.0017305540240190023
0,1,0.6002274098469456
0,0,0.027296696843585697
0,0,0.0005611762117620879
0,0,1.4846888355327039e-05
0,0,0.0020267677880974463
0,0,0.007104444760981224
0,0,0.028541273706854418
0,0,0.00013661236336112506
0,0,0.03335699826178457
1,0,0.12275656516085752
0,0,0.013086546505601024
0,0,0.10742570563455921
0,0,2.9840069744377583e-05
0,0,6.080101828219136e-05
0,0,2.1286201377290947e-05
0,0,0.015690654016687105
0,0,0.1475610816118917
0,0,0.005988388149392945
0,0,0.01214529048673654
0,0,0.0002085748937923875
0,0,0.0001241812854091121
0,0,0.0026694306861139486
0,0,1.5343561819021297e-05
0,0,7.611823740411844e-05
0,0,0.0003279978754790749
0,0,0.0013631216638742055
0,0,0.023834278466676913
0,0,0.00011584128350014914
0,0,0.24174712274876803
0,0,0.00035580496685621123
0,0,0.013596978104832314
0,0,0.0002491699063129343
0,0,0.06204622581375073
0,0,2.8184873324971093e-05
0,0,3.023870853454445e-05
0,0,0.38733947198585456
0,0,0.0005466892903938033
0,0,0.00011340086471451606
0,0,0.00014585821735736871
0,0,2.7109348511934017e-05
0,0,2.3614112806657534e-05
0,0,5.1005956289795625e-05
0,0,0.10774417193521588
0,0,5.395153403750887e-05
0,0,2.0272111227322568e-05
0,0,0.0004176566888572411
0,0,2.1357836389480056e-05
0,0,0.0015442468700215832
0,0,7.112073868855758e-05
0,0,0.012477233605508958
0,0,0.009537198673580622
0,0,4.0220064092348194e-05
0,0,3.8278578183715296e-05
1,0,0.13202359446209191
0,0,2.7553088020257785e-05
0,0,6.077177265523275e-05
0,0,0.03728349332760528
0,0,0.00010589868193736642
0,0,5.980982542848777e-05
0,0,0.0002854764755855687
0,0,0.023566625667458475
0,0,0.0017110368882823873
0,0,0.0010957758190201093
0,0,0.00014329558586821347
0,0,0.16409192383730933
0,0,0.0012380306796455534
0,0,1.9622477110816685e-05
0,0,0.04972016203127483
0,0,0.009776351023749647
0,0,0.09451082726731937
0,0,0.24002083483526407
0,0,0.09749538798452938
0,0,4.776417998455925e-05
0,0,0.00011331833607567485
0,0,0.00016541180921003304
0,0,0.006861301501544199
0,0,0.0031324881269626506
0,0,0.0006499751603019907
1,0,0.11640879207619295
0,0,1.9612474451362985e-05
0,0,0.10150016076447566
0,0,0.001212782794852107
0,0,0.015357487963212745
0,0,0.0008275336906835976
0,0,0.0001751828978046168
1,1,0.9957179732194852
0,0,2.1878202789746966e-05
1,0,0.40883988841488705
0,0,4.0220064092348194e-05
0,0,0.00044133160675088477
0,0,0.3891078465569126
0,0,0.0020258919590666097
0,0,0.00027193295957235003
0,0,0.025889040306389603
0,0,0.00012845874470119082
0,0,0.0005192205320472421
0,0,0.00016753031015003347
1,1,0.9956436799216534
0,0,0.023654761626607013
0,0,0.005898208087951656
0,0,0.0870369637166198
1,1,0.9999893547329097
0,0,3.143651849395631e-05
0,0,0.0001916335719383624
0,0,0.16385342136331374
0,0,0.1604166102734056
0,0,0.0003022246503200083
0,0,0.13214902802606449
0,0,0.016917874621692232
0,0,0.00030574108254828185
0,0,0.0002586941695426838
0,0,8.095626279968397e-05
0,0,0.0006166148835375056
0,0,0.0035816957958816897
0,0,0.00037094509701521576
0,0,4.145566905875888e-05
0,0,0.005534141945398613
0,0,0.000370664667367635
0,0,0.30834742920851593
0,0,0.05104858648279988
0,0,5.414730221767501e-05
0,0,0.0003619047077939833
0,0,0.019003163516788685
0,0,8.787143024635373e-05
0,0,3.370105509446505e-05
1,1,0.99795035567731
0,0,0.0005569459148813386
0,0,0.00020240244517421885
0,0,0.00012028406988086728
1,1,0.9969895637120062
0,0,0.11703834093729781
0,0,2.3032712520077684e-05
0,0,0.0007167914190305624
0,0,4.749541860840234e-05
0,0,0.0008708132178102234
0,0,0.0009735219653173837
0,0,0.19199714801403112
0,0,0.018991428651532142
0,0,0.06374569682617398
0,0,8.336922685159356e-05
0,0,0.00028055726652701933
0,0,0.00016691375880652283
0,0,0.00011634846921374242
0,0,0.0006509081621486883
0,0,8.238693638525644e-05
0,0,0.006600020719594782
1,0,0.12728718976137188
0,0,0.0009894474034193384
1,1,0.9991337583785809
0,0,0.00047391159447833037
0,0,0.023079079660733224
0,0,0.0002942096888203259
0,0,0.005236422645101407
0,0,0.00047771941596302513
0,0,0.02392782377009142
0,0,0.15736917127859815
0,0,0.10568576680116887
0,0,0.00023790125782973166
0,0,0.02114059030321225
0,0,0.00012394917463579185
0,0,0.00010485596495187124
0,0,2.8014050002676987e-05
0,0,6.933594694051115e-05
0,0,2.7903905769100816e-05
0,0,3.4110284560182794e-05
0,0,0.0001501082192022272
0,0,0.150729675397662
0,0,0.09654412101798299
0,0,0.032660170081551115
0,0,0.0004201397616895029
0,0,0.004308766213914672
0,0,0.0002033048938605154
0,0,0.09154063201291791
1,1,0.9985230619377948
0,0,0.26585020780089114
0,0,0.03920262507917092
0,0,6.651605730920136e-05
0,0,7.343989221021245e-06
0,0,0.08771916773244277
0,0,0.00013686775132137956
0,0,5.488205700278276e-05
0,0,9.183421083414625e-05
0,0,0.1110039310352953
0,0,0.00509893181984564
0,0,0.04726222756143342
0,0,6.019027934960915e-05
0,0,0.00014474386851931782
0,0,0.1799983022969454
0,0,0.06118349257891964
0,0,0.0027321499447916344
0,0,7.082254897956035e-05
0,0,0.3231293095475652
0,0,0.00013743341991038444
0,0,0.16024218439656945
0,0,0.007594644025013662
0,0,0.00017633075177675726
0,0,0.0005468444122575976
0,0,4.0768172211631294e-05
0,0,0.021887756478782442
0,0,0.00024627290491264874
0,0,0.0003976343129701546
0,0,0.0812204702047786
0,0,0.00011447412531715635
0,0,7.672842847297974e-05
0,0,0.0005677367548774333
0,0,0.1443131663556448
0,0,0.041026371404449
0,0,7.61548685777535e-05
0,0,3.909396131677894e-05
0,0,0.00024975019998369115
0,0,0.0004816035134820745
0,0,0.09206448358100092
0,0,0.003182926891435622
1,1,0.9999667876525641
0,0,0.00017528720957364112
0,0,0.016355606410191775
0,0,2.4252886401657587e-05
0,0,3.75421189091002e-05
0,0,0.16745861045924948
0,0,0.000254354099314996
0,0,1.1880833057921284e-05
0,0,2.0272111227322568e-05
0,0,3.467948260159176e-05
0,0,0.0002461594069105146
0,0,0.00625882766970045
0,0,0.000349754864842452
0,0,0.0005926001146708866
0,0,0.0003252536315734532
0,0,0.2948869650097819
0,0,0.0009842869784082592
0,0,0.019594374888509934
0,0,0.0003920975445524679
1,1,0.9999807534441061
0,0,5.5555552635606926e-05
0,0,0.0018451270028812126
0,0,0.0007840536339672051
0,0,3.580968188456155e-05
1,1,0.9972199441244638
0,0,0.0001319148989619704
0,0,0.0006408990274973858
0,0,0.11425236862401542
0,0,0.21164187867149123
1,1,0.9990021797359817
0,0,2.2525382180837506e-05
0,0,2.3738205848465567e-05
0,0,0.02005120623434038
0,0,0.04128085808563301
0,0,0.08310883806083405
0,0,0.0033022660743140513
0,0,0.00012923598578697915
0,0,0.2793652477887433
1,0,0.005456934117273797
0,0,4.530349613747381e-05
1,0,0.3897428855977883
0,0,7.61548685777535e-05
0,0,0.00010948023443821499
0,0,0.06977832635150698
0,0,0.000820109024594483
0,0,0.000134118416201397
0,0,0.0010174477905324627
0,0,3.0471757049554864e-05
0,0,0.0009631316915157394
0,0,5.249529422839324e-06
0,0,0.1555617547537678
0,0,0.00020449240345596286
0,0,0.0009497488900914009
0,0,0.3830165001400466
0,0,0.0016043115564827553
0,0,0.00018728580680418906
0,0,0.0002869758031804634
0,0,2.971502041808988e-05
0,0,7.856225913399386e-05
0,0,0.373425169338383
0,0,5.224192980934642e-05
0,0,0.15548086837623973
0,0,0.021620282062060597
0,0,0.195385723563659
0,0,0.008444847024870457
0,0,0.0009831852894164176
0,0,7.246901845884727e-05
0,0,0.000408124627276427
0,0,0.002489788092239974
1,1,0.9999694513862513
0,0,0.0005922047485966764
0,0,0.15698027786983568
0,0,0.0008820701962673255
0,0,4.722413711600809e-05
0,0,0.01705981457931154
0,0,0.011692561179581333
0,0,6.249542334131902e-05
0,0,5.024084566447291e-05
0,0,0.006502181320986804
0,0,0.0005510053862599747
0,0,0.0002620897908429653
0,0,0.04832041452949223
0,0,0.0001473920072999819
0,0,0.0001518891025366996
1,1,0.9993892145354376
0,0,0.0073495517026737935
0,0,0.16604223413998648
1,1,0.998578851146022
0,0,0.00016988637267142373
0,0,0.0005117478738033659
0,0,0.07100508680463308
0,0,5.8761905752393364e-05
0,0,0.41350162421294184
1,1,0.9999506383591373
0,0,0.006806211337618125
0,0,0.00013518703464569272
0,0,0.05212690083114618
0,0,0.0001867201114700464
0,0,0.00019715050361026324
0,0,0.0001844250020156374
0,0,0.008967501571453328
0,0,3.5845427755637565e-05
0,0,0.18755008727800446
0,0,0.00024829512888325687
0,0,0.18564545528498777
0,0,0.0033740228137215723
0,0,8.759951225068019e-05
0,0,7.760193402669375e-05
0,0,0.0012332051580814791
0,0,0.0001363951270561016
0,0,0.0003044698645269775
0,0,0.0002533509070317745
0,0,0.00024484654900681923
0,0,3.9796327291555304e-05
0,0,8.97848927152306e-05
0,0,3.1498064078309935e-05
0,0,0.0004269899188414898
0,0,0.0005006779994199407
0,0,0.020465990467090293
0,0,0.0003781727121777946
0,0,0.0011032555855317516
0,0,1.1262941268338829e-05
0,0,0.00031065544237538026
0,0,1.981232376827514e-05
0,0,0.11195713118725181
0,0,0.21572335878089385
0,0,0.0005498541104360875
0,0,0.008232205283963269
1,1,0.999279829229095
0,0,0.0005648498387159133
0,0,0.1554913578536839
0,0,0.007096916996070722
0,0,0.00012715392971788953
1,1,0.5570445411655358
0,0,0.4322839652678122
0,0,0.0003132251694388722
0,0,0.058708066335030985
0,0,0.0007553619903475242
0,0,0.0005802110162843307
0,0,9.793435402174324e-05
0,0,0.0038940180794402104
0,0,8.972055204333605e-05
0,0,3.183084715896714e-05
0,0,0.00034378100786032614
0,0,0.00010604998890267683
0,0,0.15100532774017716
1,1,0.9985905769252452
0,0,0.0007866455277919323
1,1,0.9990921986617071
0,0,0.0006219073349099359
0,0,0.008580927407024682
0,0,0.0002486879834132224
1,1,0.9984088175514002
0,0,0.2181398785241773
0,0,0.00033864518640118875
0,0,0.00036651448595346423
0,0,0.06041671334619563
0,0,0.00033406203126470425
0,0,0.00048592024388711096
0,0,0.00016373444657339706
0,0,0.00011168653274273009
0,0,0.000533483401836065
0,0,4.201004951974661e-05
0,0,0.00014835286896211473
0,0,0.03707172140970999
0,0,0.06347749398708173
0,0,0.07732140738465684
0,0,0.000167498168395126
0,0,0.00013990268483977876
1,1,0.9987799197075605
0,0,0.00038496631207115417
0,0,0.05126341958103929
0,0,3.925202207942844e-05
0,0,0.0004752762171664958
0,0,0.00016466397708704388
0,0,0.003978972823498203
0,0,0.001034789439517041
0,0,0.0011738129362998157
0,0,0.21584009735127305
0,0,0.0005161529332371394
0,0,0.000420576577046303
0,0,0.00040723669665390975
0,0,0.00011488556844141199
0,0,0.3792354070560684
0,0,0.00021139303070038523
1,1,0.9999536592455016
0,0,8.309241672546935e-05
0,0,0.0003676195792426812
0,0,0.0007448936383217265
0,0,0.0007210594913003266
0,0,0.0005676611751394336
0,0,0.00013743341991038444
0,0,0.006185904502626426
0,0,0.03089114308844161
0,0,0.2662933806349525
0,0,0.14824150593998286
0,0,0.0011307275346873022
0,0,0.042862772142392834
0,0,0.0014780247673143016
0,0,0.0017516063051016988
0,0,0.217638719631281
0,0,0.1986016428974319
0,0,1.7513378349523962e-05
0,0,0.0005796280018994966
0,0,0.0005533443631435484
0,0,6.493799864657667e-05
1,1,0.9964841947662381
0,0,0.00048056714769440916
0,0,2.7109348511934017e-05
0,0,3.045390329058622e-05
0,0,0.0004371119048956001
0,0,0.006709473958816573
0,0,2.407972425731972e-05
0,0,0.0005689121280828788
1,0,0.3429105730874389
0,0,2.7011770711988332e-05
0,0,0.0009191235319733702
0,0,0.0001994531127905304
0,0,0.0818312280572279
0,0,0.0195791831387767
0,0,0.00017868496141382108
0,0,0.0016167052468828767
0,0,0.0007208746045016164
0,0,0.00030687896315533377
0,0,0.00023915799455207813
1,0,0.053191719466302065
0,0,0.06280296105793906
0,0,0.00012090955258618446
0,0,4.934484329703255e-05
0,0,0.000407855872580473
0,0,0.03632319183605449
0,0,0.00021490571922972996
0,0,0.001738348847083463
0,0,0.1336612306316892
0,0,0.0001795663288828755
0,0,0.0910261228768393
0,0,1.8662030499627274e-05
0,0,9.388923171557711e-05
0,0,0.007057679877831505
0,0,0.00037873980342341266
0,0,0.27495935279215244
0,0,0.03065198704950143
0,0,0.0008298847673893911
0,0,0.00020928085344340414
0,0,0.00014636593081061017
0,0,0.002167094060317554
0,0,0.00017161773226386328
0,0,0.1315896652254506
0,0,0.0006469808374640351
0,0,0.0001267852584947536
0,0,0.12042925157938586
0,0,0.00020866421214028833
1,1,0.9972384505928891
0,0,0.00027399859792535963
0,0,6.628428321160763e-05
0,0,0.1023241313105025
0,0,0.00012668221825452698
0,0,0.000518937638360496
0,0,0.00013619829637518245
0,0,0.005047142682669671
0,0,0.00038171290644947416
0,0,0.0017359040827065108
0,0,0.0008007520438342691
0,0,4.126238849013274e-05
0,0,2.7109348511934017e-05
0,0,0.000514866408540288
0,0,0.1573966303636434
0,0,0.0005003687081435634
0,0,0.002263359433292031
0,0,0.0013653595860620505
0,0,0.00019817958995203082
0,0,0.0001900061132871085
0,0,0.015578050532307663
0,0,0.0006821978152712073
0,0,0.00017583377676303513
0,0,0.008743623162720869
0,0,0.00032911618618709017
0,0,0.0007603032960596992
1,1,0.9987181755571155
0,0,0.000250162287269877
1,0,0.34723799516048176
0,0,8.307976319061544e-05
0,0,2.04244813004694e-05
0,0,0.0009699465975260217
0,0,0.020086223720935784
0,0,9.245147942139525e-06
0,0,0.04740699985876373
0,0,7.843496014557214e-05
0,0,4.5427077497346245e-05
0,0,0.010485634694661287
0,0,0.102311683089732
0,0,0.003592931690047292
0,0,0.0002900033652591871
0,0,0.00019891239578143734
0,0,0.00012135340625175155
0,0,7.739957221638472e-05
0,0,0.13473893380027543
0,0,0.09555280993491487
0,0,0.0005545188364052791
0,0,0.00012425310158501701
0,0,0.0004592867327305196
1,0,0.053666978283828146
0,0,0.0003627883945148228
1,1,0.997757567980867
0,0,0.44579366884509025
0,0,0.0002179312421453798
0,0,0.00040865915561647263
0,0,0.0017361201438910558
1,1,0.9994168207308567
1,0,0.19547061501003168
0,0,0.0012597997598976752
0,0,0.00012411144269408597
0,0,0.0001533493240162372
0,0,0.22793359634480634
0,0,7.015044491100101e-05
0,0,0.00022827368026737425
0,0,4.177798135036184e-05
0,0,0.023517976134057834
0,0,9.3558890166354e-05
0,0,0.0012296453002382972
0,0,0.06983521881883194
0,0,5.2951503092648306e-05
1,1,0.9980536852595179
0,0,0.00026887844552279727
0,0,0.00010151237378498576
0,0,0.0003145782152620252
0,0,0.2645180783886264
0,0,0.0004671914047888695
0,0,5.370934867811469e-05
0,0,0.31457515428361116
0,0,7.361936665036595e-05
0,0,0.12258713143370245
0,0,7.021608628672373e-05
0,0,4.6349845083444635e-05
0,0,0.1128626279839643
0,0,0.07238562124510262
0,0,0.00013743341991038444
0,0,0.00020337767783163194
1,0,0.2492363882698778
0,0,0.018374027413770328
0,0,0.12671725249130938
0,0,0.0003524454567073201
0,0,0.007161254128043134
0,0,0.00010101232725663313
0,0,0.00010172207305343822
0,0,0.0003596905356146239
0,0,0.0001503026917995484
0,0,0.036850064667877734
0,0,0.005236365125002317
0,0,0.0001901241375144324
0,0,0.1329146557183088
0,0,0.0006325539574006699
1,1,0.9865479499346747
1,1,0.9976701557516371
0,0,0.01715802714535665
1,0,0.07685411521071286
1,1,0.9939109457040194
0,0,0.0004324734825680947
0,0,0.00011462075555139601
0,0,0.00015677911019915575
0,0,0.00015335488343290587
0,0,0.006276873724050969
0,0,0.07013708421672432
1,1,0.9982963178136653
1,1,0.9835259976295179
0,0,0.0005078994851714751
0,0,2.454801894706394e-05
0,0,2.0267150457981646e-05
0,0,0.3744181627022376
0,0,0.000567581177440062
0,0,0.002002361899361548
0,0,0.0006370567854074805
0,0,0.05486277409606953
0,0,0.0005252107233174344
0,0,0.00029668588230260504
0,0,0.049850476467843484
0,0,0.0008846146778365223
0,0,0.00023754488565924312
0,0,0.0007825872274657041
0,0,0.0002830374220142807
0,0,0.021806185416966786
0,0,0.0015713818444398752
0,0,1.95986169835773e-05
0,0,3.8113986207560514e-05
0,0,0.007647739273115791
0,0,7.814447116777395e-05
0,0,0.002873714976297133
0,0,0.028343554645755543
0,0,0.025571814591025276
0,0,0.0024177728560415817
1,1,0.9949219875026315
0,0,1.4423360855882428e-05
0,0,0.0003405842830032097
0,0,0.21307980841282215
0,0,0.0005987272516022867
0,0,0.00010553159004272299
0,0,0.00029806866205408573
0,0,9.74952054760531e-05
0,0,0.00033821970128448074
0,0,0.0011193555768329525
0,0,0.0011172543738065142
0,0,0.0002774977250832899
0,0,0.0007158304782145172
0,0,6.517555534306555e-05
0,0,2.5244445282368616e-05
0,0,0.005908514396383211
0,0,0.00011235317659041312
0,0,0.05759399987983098
0,0,0.009578548327350226
0,0,0.0008793391318911401
0,0,0.0004813836874061661
0,0,0.013271231746562666
0,0,0.00024379780596988694
0,0,0.03708688033627305
0,0,0.0003044430474330019
0,0,0.0003770275641134744
0,0,0.06524843003106885
0,0,5.5572386619570996e-05
0,0,0.00012080854757762823
0,0,0.00010577715482029505
0,0,6.469765247069918e-05
0,0,0.00018751020147219236
0,0,0.0004663691610545496
0,0,0.0006952968628303639
0,0,0.003826762025927507
0,0,0.0002084768135423421
0,0,5.5827810204109714e-05
0,0,0.006976479498170742
1,0,0.16064193489806636
0,0,0.0007380125606714927
1,1,0.9969388153352677
0,0,0.00014616074095880773
0,0,0.00011907044303817323
0,0,0.00013765358807875906
0,0,0.001094192301267907
0,0,0.09119537743210762
0,0,0.0006106283675659678
1,0,0.22530968311256816
0,0,0.09955958547987082
0,0,0.0012270110007483338
1,1,0.999991647634169
0,0,0.14732476130983294
0,0,0.0930028226594746
0,0,0.0004917655121579674
0,0,0.006588141041477486
0,0,0.00048285104218530697
0,0,0.000593032156064573
0,0,0.018499671091665455
0,0,0.00956980639990116
0,0,0.17122294295784274
0,0,4.6119800394855466e-05
0,0,0.00045351652407856684
0,0,0.00980318162302985
0,0,0.0015607735474784717
0,0,0.00020200754341113898
0,0,0.0003194680498856858
0,0,0.07201348247192949
0,0,0.0005255406395788491
0,0,0.0006842194428907711
0,0,0.004815875996331236
0,0,0.0008027321081936147
0,0,0.005626877369909173
0,0,0.007477592547594336
0,0,6.189777201450896e-05
0,0,0.00012411584609840109
0,0,0.0016167052468828767
0,0,0.0005608711063131836
0,0,0.01043755261720076
0,0,0.0002745114629294348
0,0,0.0004663691610545496
0,0,5.947787611982857e-05
0,0,0.016077505161747104
0,0,0.03476370506123735
0,0,0.0006541038478047422
1,1,0.9990980869382459
0,0,0.00013072835685219735
0,0,0.0005283550739504506
0,0,0.0002862597324288715
0,0,2.128626218519313e-05
0,0,6.696417685434324e-05
0,0,0.003791728849167579
0,0,0.0003371440537431101
0,0,0.0011024992975068074
0,0,0.00043180346396636096
1,1,0.9985403410676666
0,0,0.176938255687033
0,0,0.00011550738117512581
0,0,9.223907752136198e-05
0,0,9.157578111994092e-05
1,1,0.9962182927254154
0,0,0.0007878240714921771
0,0,0.00030485029728084313
0,0,0.00015677911019915575
0,0,3.929325950462825e-05
0,0,0.0016226664159548208
0,0,0.026851484606416214
0,0,9.329887450990146e-06
0,0,0.00021042056869731066
0,0,0.1319594560583226
0,0,0.04729290297443197
0,0,0.00033215025605757393
0,0,0.04563296546104566
1,1,0.9999744689939384
0,0,0.2495962163603202
0,0,0.00034169728662697055
0,0,3.7420465706623314e-05
0,0,2.3334037011862356e-05
0,0,0.006815428436977435
0,0,0.00022925455354179755
0,0,0.1967149717567055
0,0,7.956352857713535e-05
0,0,0.024169616388299436
0,0,0.0010351183838297195
0,0,0.03550248373299187
0,0,0.00037696351525678544
0,0,0.08390341989641402
0,0,0.00018235341564020867
0,0,3.736535054212454e-05
1,0,0.4548850397272352
0,0,0.3176770582689594
0,0,0.04255396815415807
0,0,0.1933811071724875
0,0,2.6551417714094136e-05
0,0,7.408123514570816e-05
0,0,3.261362294259627e-05
0,0,0.008124773135024695
0,0,0.00019624645564067644
0,0,9.864150577892103e-05
0,0,0.04784476330403567
0,0,0.0013551623478433013
0,0,3.682107438214877e-05
0,0,0.21486813684853012
1,1,0.9985959759036108
0,0,0.0001520970380317272
0,0,0.0005637572881812957
0,0,0.00012445217136419597
0,0,7.970130148043048e-05
0,0,0.036875732437191514
0,0,0.00418830007373946
0,0,0.02488349806759939
0,0,5.123284620779895e-05
0,0,0.007084190683474874
0,0,0.0017589422235991768
0,0,0.0006006927983698186
0,0,2.476481902581672e-05
0,0,0.009692772754015302
0,0,0.03212314546247796
0,0,5.24297828508176e-05
0,0,0.033248331550456284
0,0,0.0012530267347946734
0,0,0.0008925227685301775
0,0,0.0012337515097295723
0,0,0.002207886329817172
0,0,0.00023977104264730288
0,0,3.460242262373387e-05
0,0,2.550357070127373e-05
0,0,0.16347645803990113
0,0,6.050555673277642e-05
0,0,4.191954515944949e-05
0,0,0.00011758650036992691
0,0,0.013118109913256246
0,0,3.052404916792896e-05
0,0,0.2552041695199367
0,0,0.0005676319579186313
0,0,4.94052302191997e-05
0,0,0.0001247025576576062
0,0,0.0045427542722011076
0,0,0.00018912216425813697
0,0,0.025210025314765933
0,0,0.0003698512713243226
0,0,0.00024604538907692684
0,0,4.1649989529021514e-05
0,0,5.799397324786362e-05
0,0,0.001373046057974978
0,0,8.40080734499606e-05
0,0,0.03929979386197272
0,0,0.0005849828114644361
0,0,0.00017229768639762504
0,0,0.0003854207691652958
0,0,0.11448778359811614
0,0,0.0067047017672031825
0,0,0.19426609552158888
0,0,0.0002754382844678194
0,0,0.0004455552970681037
0,0,0.026828490692297518
0,0,0.0001678450948088952
0,0,0.0005562769126415961
0,0,0.0004740385685908106
0,0,8.713073678075706e-06
0,0,0.00021227144914982997
0,0,0.0002359218761556159
0,0,1.2626660304706904e-05
0,0,8.095626279968397e-05
0,0,0.01675675147623975
0,0,0.0016716312921870539
0,0,7.021608628672373e-05
0,0,0.0007268051012041841
1,1,0.999992739659727
0,0,0.0006892937702586875
0,0,5.0343159484994054e-05
0,0,0.02396972660408941
0,0,0.006366644542567464
0,0,0.010029325712099874
0,0,7.504703453832886e-05
0,0,5.257228962119511e-05
0,0,0.029528399786715412
0,0,0.18104490576436252
0,0,0.003100060019418185
0,0,6.282333086499296e-05
0,0,0.00010019532495938634
0,0,0.00022179891249679678
0,0,2.83655072106407e-05
0,0,0.008991116634461402
0,0,0.0001855384275102595
0,0,6.632103800685563e-05
0,0,0.015222329439555137
0,0,0.00012301417690784486
1,1,0.9944886543417396
0,0,0.00034127829772974904
0,0,0.06412025431642498
0,0,0.0003744128567719636
0,0,0.0012446294484730373
0,0,0.010871809228653842
0,0,9.62947425741858e-06
0,0,0.0022979231369889383
0,0,0.00023918211234807364
1,1,0.9959815569875743
0,0,0.0429727373505286
0,0,0.00021557657915560497
0,0,0.00010219624787884986
0,0,0.0001334336570975469
1,1,0.999879717425287
0,0,5.316917586231017e-05
0,0,0.000601463746772174
0,0,6.980531623175315e-05
0,0,0.15135052950063566
1,1,0.9995254418820142
0,0,0.0007198248829376716
0,0,0.05308827022485228
0,0,0.00040724894009768625
1,0,0.13137833014666467
0,0,0.04623192142292629
0,0,0.00010462848580382614
0,0,0.00022948140074117797
0,0,0.00010679548384665761
0,0,0.00010730054704426544
0,0,0.018084972568468253
1,0,0.2706360757581453
0,0,0.06336625667743204
0,0,0.0027871377711831636
0,0,0.00031234486612903074
0,0,0.022962766023729365
0,0,2.3738205848465567e-05
0,0,0.00013691605342864264
0,0,0.0003455391153382185
0,0,0.00012106598900512864
0,0,0.0021211438680518503
0,0,0.0006590346318494124
0,0,0.0001682477693797185
0,0,0.000134118416201397
0,0,3.678788542074413e-06
0,0,0.0002153636559675425
1,1,0.9999917030178163
0,0,4.9267882051751845e-06
0,0,0.0003815967080478133
0,0,0.0012693392787756692
0,0,4.0080649908659315e-05
0,0,0.0002850723309109842
0,0,2.8492063409665286e-05
0,0,0.005040185283910223
0,0,3.385045246728777e-05
0,0,0.0003285290170432903
0,0,0.061432332428964606
0,0,2.4730470482487623e-05
0,0,0.0005605875946293801
0,0,0.0046913870983204126
0,0,0.0013153630564930639
0,0,0.2257102938068858
0,0,0.03089114308844161
0,0,2.3738205848465567e-05
0,0,8.667289710343538e-06
0,0,0.08531797040391187
0,0,0.002311891990080833
0,0,0.0006693902546637086
0,0,0.0009997368872736675
0,0,0.0003830218046861033
1,0,0.21777386132828983
0,0,0.0001962609074116386
0,0,0.008979559796189036
0,0,0.0006413496394830427
1,1,0.9999865426072424
0,0,0.00010555250775366643
0,0,0.03958488477996102
0,0,1.9536650068618175e-05
0,0,0.006454561781442915
0,0,6.263288490029833e-05
0,0,0.00015964396672542132
0,0,0.002962371959887694
0,0,0.00041183921888657244
0,0,8.231049598555721e-05
0,0,0.010526445557898355
0,0,0.2073610068438166
0,0,0.38993963851508173
0,0,0.014450633001188238
0,0,0.09480122916582308
0,0,0.00017378296619804313
0,0,5.390795973664758e-05
0,0,7.044736800710581e-05
0,0,0.00028096737177124174
0,0,0.2242190323805147
0,0,0.1811961176887489
1,1,0.9999790067105496
0,0,0.0002873591155873835
0,0,0.25419272969364165
0,0,0.0003192415694329622
0,0,0.0005154493426209227
0,1,0.5879705484201153
0,0,9.467120771615877e-05
0,0,0.013128073152162368
0,0,0.13242036361664755
0,0,2.9482170005079635e-05
0,0,0.00037967117210532374
0,0,0.012514824478565357
0,0,0.0003164549295690451
0,0,0.2313799677039925
1,1,0.9999911902304469
0,0,0.04858374199940199
0,0,0.00021011734091990784
0,0,0.01673796118829204
0,0,0.04139150625457037
0,0,0.001907187781110395
0,0,5.946940523019309e-05
0,0,0.00045647500255444675
0,0,0.002756157072803908
0,0,9.330177389059251e-05
0,0,0.0067661473360345475
0,0,0.03791154866966951
0,0,0.00038159495709362876
1,1,0.9983022138402345
0,0,0.00024015936042657838
0,0,2.2244328794239044e-05
0,0,0.018646879321099697
0,0,0.18412010725968253
0,0,0.019129709722219935
0,0,0.000597986091568587
0,0,0.09595898764680195
0,0,0.00690127809740892
0,0,2.3738205848465567e-05
0,0,0.0005068847968658749
0,0,0.0007536335831577097
0,0,6.178164667773817e-05
0,0,0.00014095154464824323
0,0,0.04817712542459391
0,0,0.00011212789005551183
0,0,0.04511263232790839
0,0,2.1580235236188323e-05
1,0,0.47401966071171625
0,0,0.0008384034184009145
0,0,5.8761905752393364e-05
0,0,0.17371880121492048
0,0,0.006388735580723256
0,0,0.005924303147094333
0,0,0.13250235395006196
0,0,3.915796854514584e-05
0,0,0.0004968544110453918
0,0,0.0010980053159829026
0,0,0.1942272025100748
0,0,0.00023186565945012148
0,0,0.009488757248222575
0,0,0.024140884152385515
0,0,0.0007863005360160375
0,0,6.818632773162827e-06
0,0,0.013400148288335053
0,0,0.07490945784921907
0,0,0.0005524997303852544
0,0,0.04693006116983783
0,0,1.5572383557071676e-05
0,0,0.01137436501325417
0,0,9.329887450990146e-06
0,0,0.0001645967501893932
0,0,5.088322074623883e-05
0,0,0.0001300973697116751
0,0,0.0005623842450324558
0,0,0.0056493584769810095
0,0,0.0008819980714258523
0,0,0.0017079874363342973
0,0,0.049175255519814325
0,0,4.357165683633785e-05
0,0,0.0003372709445653523
0,0,7.82142724219457e-05
0,0,8.855758789460683e-05
0,0,0.09583705514215234
1,1,0.9999732035890069
0,0,4.6870784404049185e-05
0,0,0.0015223709344890177
0,0,7.246901845884727e-05
1,0,0.02254020646292973
0,0,0.00010906538665565864
0,0,0.00014765794031836876
0,0,6.883149696202496e-05
0,0,0.00013836149591767226
0,0,0.23344416619794736
0,0,1.2788428968628819e-05
0,0,0.00027356770875364
0,0,0.00046696688921028757
0,0,0.06076822927687302
0,0,0.00020639222069260898
0,0,4.853724280150876e-05
1,1,0.9992017119203755
0,0,6.292053506571675e-05
0,0,0.0014417909841846664
1,1,0.9999287539249289
0,0,0.026007851891110555
0,0,0.0031056096738738097
0,0,0.0006195609448653698
0,0,0.20474709198883165
0,0,0.0003475187213895935
0,0,5.5867278601829004e-05
0,0,0.0002153248139621653
0,0,0.0002851121230818583
0,0,5.042334942069494e-05
0,0,0.0005098304287587268
0,0,0.0002588548519257036
0,0,0.004033445155056954
0,0,0.00039298397039622904
0,0,0.0012171947558600633
0,0,0.18669695404084136
0,0,1.395392380518499e-05
0,0,0.27899215255695553
1,1,0.9976625962837238
0,0,0.11439029852336183
0,0,0.022150407682661837
0,0,0.0005371634157593168
0,0,0.010039576672463918
0,0,4.0120014415616245e-05
0,0,0.002557924576193191
0,0,0.028993109399679518
0,0,0.0003914304594519536
0,0,0.05464779376700232
0,0,0.04718453674632843
0,0,6.398348339425778e-05
0,0,7.760193402669375e-05
1,1,0.9999441849036769
0,0,0.00044875149249859995
0,0,0.00012928671125226647
0,0,4.6843945528966956e-05
0,0,3.851773356550696e-05
0,0,6.630027642340703e-05
0,0,0.00016131097141821202
0,0,0.00014035896408285618
0,0,0.10762766207526524
0,0,1.5862455527631164e-05
0,0,4.441847668297627e-05
1,1,0.9953736724062837
0,0,0.00011344090249820502
0,0,0.0005145358537328325
0,0,0.02660694587133927
1,1,0.9988387541337664
0,0,0.00031636498507709403
0,0,0.0007902011574380049
0,0,0.003045981069651975
0,0,0.0005214173145789657
0,0,0.06667675145964605
0,0,0.0008415034628446438
0,0,0.0005862117970416306
0,0,0.0005646291707842108
0,0,8.903329665474882e-05
0,0,0.006775709088733042
0,0,0.00025080407573774705
0,0,0.00011825878704764393
0,0,0.00029961251042285106
0,0,0.0006611065224811552
0,0,0.07005306905068381
0,0,0.00018701488841996473
0,0,0.0004208203906770583
0,0,0.0001474465245362356
0,0,0.0001322597384096478
0,0,0.00013691605342864264
0,0,0.005899959423570779
0,0,2.3540915391174707e-05
0,0,0.04096945876741434
0,0,0.14394951372092815
0,0,6.92292546523921e-05
0,0,0.0036615491579319224
1,1,0.9999570703669575
0,0,0.0002692145485034694
0,0,0.022163843746951375
0,0,0.0427681428745484
0,0,0.07623357604145713
0,0,0.01893204638336917
0,0,0.00035612947851358244
0,0,0.00020487488422469915
0,0,0.0001547188386650355
0,0,0.03718204304526443
0,0,0.013439137648742133
0,0,0.0024418270675409114
1,1,0.9999787019283363
0,0,0.1193727562985163
0,0,0.0013166786480969864
0,0,0.00013823045459086374
0,0,0.000204954313673288
0,0,3.372338530821581e-05
0,0,0.0002449304952861767
0,0,0.013170009962248156
0,0,0.00010266002799214805
0,0,0.03972391129838063
1,1,0.9988166976727645
0,0,0.00034645851463452505
1,0,0.4056392908731119
0,0,0.0008730734100606064
0,0,0.0487584022826993
0,0,0.0012383213481583942
0,0,0.10631718515434727
0,0,0.0018785571731830852
0,0,5.1005956289795625e-05
0,0,0.022938803909172457
0,0,0.0002283562771362738
0,0,0.1737653416941288
0,0,0.01750629381590611
0,0,0.0037310165956562784
1,0,0.3462414036564717
0,0,0.0002023177876923868
1,1,0.9955393514917166
0,0,0.00039482201204843866
0,0,0.0003651990328288003
0,0,0.07748799367937419
0,0,0.00012080854757762823
0,0,0.00046426544132544976
0,0,0.0051458307907279776
0,0,0.25692645952910625
0,0,1.3208877819387191e-05
0,0,0.0009900081875768303
0,0,0.0060076690723010265
0,0,0.02527149061532578
0,0,0.00010266002799214805
0,0,0.007864923486823942
1,1,0.9978749898899295
0,0,0.003693178608442578
0,0,3.206974359502902e-05
0,0,0.4183568277004216
0,0,0.12579841801134348
0,0,8.994191782640567e-05
0,0,0.015401091993592025
0,0,8.903878373079063e-05
0,0,0.0003209507125948194
0,0,0.12217584394617581
0,0,0.0025789394094032536
0,0,4.880600274379321e-05
0,0,0.0023918639748467235
0,0,0.0008711423781056268
0,0,0.23882671650447662
0,0,0.00015677911019915575
0,0,0.0009205193486717425
0,0,0.001276729292059568
0,0,0.0023310069581853237
0,0,0.0010174053546624102
0,0,0.03315314345624758
0,0,0.0010612985637890964
0,0,0.08835174197406853
0,0,0.0006481151678886041
0,0,0.0011805124920044087
0,0,8.778968763815855e-05
0,0,0.18698388080194392
0,0,0.0024334726727511424
0,0,0.0011760652977111576
0,0,0.00010001298950448619
0,0,0.08057219940693339
1,1,0.9999751628089526
0,0,9.364879753803522e-05
0,0,0.00013040037167258659
0,0,0.0006822795062941554
0,0,0.000584465438169656
0,0,0.0004807746115806015
0,0,0.00016994742889278318
0,0,2.3738205848465567e-05
0,0,0.00029212704604775246
0,0,0.00014625905453070272
1,1,0.9957109608570454
0,0,0.01028050949738048
0,0,3.774012324709164e-05
0,0,0.21431384783723167
0,0,0.0005858598113424224
0,0,0.15467651008136304
0,0,0.017344436055341875
0,0,0.0010240481312340528
0,0,0.008203524665878299
0,0,0.0018317803085084428
0,0,2.0948061277027567e-05
0,0,1.3421512329275854e-05
0,0,0.034806458888143973
0,0,0.19023189804834664
0,0,4.65848850521216e-05
0,0,3.260213007315491e-05
1,0,0.22859729956512823
0,0,0.02874928437196627
0,0,6.238401821821711e-05
1,1,0.9982972759704885
0,0,0.014348776588022763
0,0,7.063732842106093e-05
0,0,0.00011495975292248439
0,0,0.3492886070543967
0,0,0.0010312603683630245
0,0,0.0015894016945614197
0,0,0.0006394623284147594
0,0,0.10915641243469384
0,0,0.0007801756887233378
0,0,3.874432749085527e-05
1,1,0.9983812927837799
0,0,0.14306846044288324
0,0,0.0006489950807921818
0,0,0.0005463020439296718
0,0,0.0003062728627943159
0,0,1.683818910837979e-05
0,0,0.00018473479705348998
0,0,0.01587570171522684
0,0,0.0003149512295701241
0,0,0.0005885083275220482
1,0,0.15315631406999197
0,0,0.15014172543842533
0,0,0.0019030989938367596
0,0,0.009604892485355095
0,0,0.0007051963627978785
0,0,1.5975436753095494e-05
0,0,0.00021352570746938868
0,0,0.00037149725948516506
0,0,0.0003470595550347545
0,0,9.664322341191645e-05
1,1,0.9972332600314802
0,0,0.00018454052823942978
0,0,0.01655292993429429
0,0,0.05631279555186576
0,0,0.016016763963175907
0,0,0.11315415566067513
0,0,0.0001727930944181539
0,0,0.1451091033824222
0,0,4.6158754583623146e-05
0,0,0.0005337475473535329
0,0,0.0004827409246550605
1,1,0.9981399392843462
0,0,0.0006573262952762968
0,0,0.0001416980098643362
0,0,2.8009344866618172e-05
0,0,0.00016709676512921168
0,0,0.0008491909304101298
0,0,8.918801824965289e-05
0,0,0.00028092124724847067
0,0,0.002343875935061555
0,0,0.00012389027871132662
0,0,0.001849184102005335
0,0,0.09738427370403958
0,0,9.223907752136198e-05
0,0,0.0007815804151349521
0,0,0.014464805123057875
0,0,0.11330369669319539
0,0,0.006962741739924534
0,0,0.002312414181379362
0,0,0.011842504633470924
0,0,0.11504738421053463
1,1,0.9994194523155178
0,0,9.868563830026469e-05
0,0,0.10301939152878825
0,0,0.007884374283057955
0,0,0.0006958933224377627
0,0,0.013883393602980168
0,0,0.4426788196163986
0,0,0.00017946688984694519
0,0,0.002449633628822414
1,1,0.9996063179987655
0,0,0.00580784021146603
0,0,3.10772070082779e-05
0,0,0.000604750575029647
0,0,1.694760285550975e-05
0,0,0.00010936970784340546
0,0,0.0009945280745927018
0,0,0.008389150065136288
0,0,0.0012033270245678355
0,0,0.0004022439405294241
0,0,6.875024915418988e-05
1,1,0.9981229607737636
0,0,0.4040879190528407
0,0,0.0007601122906429009
0,0,0.0017253456175362072
1,0,0.3670013452917204
1,1,0.9987134756870026
0,0,0.1578343598305827
0,0,2.52993495665708e-05
0,0,0.005344792916807371
0,0,0.0007939314294921456
0,0,2.3738205848465567e-05
0,0,0.008081896345230686
0,0,0.0005071660516573045
0,0,0.00014455451407525619
0,0,0.00043859403894286596
0,0,0.005805232199351966
0,0,0.000544279257731358
0,0,3.73997259796421e-05
0,0,0.00016773703695722864
0,0,0.38936321046546946
0,0,2.096192682269903e-05
1,1,0.9999842999160916
0,0,0.00011137545239391852
1,1,0.9975667974495227
0,0,2.550357070127373e-05
0,0,0.0005571062735802879
0,0,0.00014783888103190617
0,0,0.16840833459602614
0,0,8.193468611475865e-05
0,0,0.0001946796828273904
0,0,3.55849917459093e-05
0,0,0.007782998282791075
0,0,3.7550265895804226e-05
0,0,0.00047864702683007024
0,0,0.00043813528623128155
0,0,0.0001769487668540259
0,0,0.0003584644712291461
0,0,0.014962391742693319
0,0,0.0001530384677770994
0,0,0.0009814526049484323
0,0,0.00026453903161946865
1,0,0.1774850778586656
0,0,0.012972578187775448
1,0,0.41281549210269247
0,0,0.0003881594035509256
0,0,4.39397249864154e-05
0,0,0.00025175411009368
0,0,0.4665453954791646
0,0,0.0010862970378906329
0,0,0.006135013826930103
0,0,0.03354762791662837
0,0,0.03393756513045099
0,0,0.00026222839110045355
0,0,0.004198219025102713
1,0,0.14084118871101023
0,0,0.0016441080464866331
0,0,0.03189834457046494
0,0,3.7787031900071386e-05
0,0,0.008622622955341913
0,0,0.00037903556635980325
0,0,0.001863536000414176
0,0,4.635174894499103e-05
0,0,0.056221142757844844
0,0,0.00038755379911661084
0,0,4.7736322913846716e-05
0,0,0.00034161164873666
0,0,1.022462338489487e-05
0,0,0.036875732437191514
0,0,0.0004159689318547276
0,0,0.00010563138925977264
0,0,0.002270992629571645
0,0,0.3262802386624135
0,0,0.0005378202825526275
0,0,5.633926937039376e-05
0,0,0.0001181028624363437
0,0,0.00013361484614216607
1,1,0.997605717769884
0,0,0.037550731644231235
0,0,9.677972063759216e-05
0,0,0.03597487751404259
0,0,5.7143793607808374e-05
0,0,0.0007001371242788995
0,0,0.00019312215946792324
0,0,0.002524822246210057
0,0,0.0001668375986253987
0,0,2.9864342759094894e-05
0,0,0.000515367621543507
1,0,0.35914448892018314
0,0,0.00012622173877532763
0,0,0.00675368638377064
0,1,0.5614562226951648
0,0,0.1200782567343487
0,0,0.0003983756185130751
0,0,2.5795875785642398e-05
0,0,0.0002941730336632988
0,0,0.0005116255590361452
0,0,0.0005062377761368304
0,0,0.010888065574286475
0,0,7.578248549863058e-05
0,0,0.08708395555887756
0,0,0.001427313023477458
0,0,0.0003029806117357793
0,0,0.00010044151279330304
0,0,0.0011184437593205604
0,0,0.16103251342352823
0,0,0.0013949277984795527
0,0,0.004652493972436663
0,0,0.00025701074280675014
1,1,0.9999907515696547
0,0,0.02579925916576635
1,1,0.995086399156611
0,0,0.1673151683361275
0,0,0.0005527882061657403
0,0,0.0009768905658643961
0,0,0.0005111919948290914
0,0,0.00025779811802613064
0,0,0.1104770974027479
0,0,0.1263578451473238
0,0,0.00025135666159473884
0,0,8.202971811446942e-05
0,0,0.005135936950251939
1,0,0.07574113806661871
0,0,3.271064256070462e-05
0,0,0.00010177098815416704
0,0,0.0030792029429816026
0,0,0.0008525558249630183
0,0,0.02501018648543014
0,0,2.600606705662236e-05
0,0,0.03926475921452706
1,0,0.3243393253556772
0,0,0.00015525197608817976
0,0,0.06035366228364716
0,0,0.0003294173492721962
0,0,0.05772936888749265
1,1,0.9952981009645391
0,0,0.00041036177729622157
0,0,0.12207774859841372
0,0,0.00021113547623628195
0,0,0.00032765021801587935
0,0,9.865602796751984e-06
0,0,0.0017079874363342973
0,0,2.4871961493079852e-05
0,0,0.0001583133200796709
0,0,0.0003917903615143369
0,0,1.95986169835773e-05
1,0,0.23530472479356812
0,0,0.007587456310004095
0,0,0.00020927631656578462
0,0,0.08234703039773014
1,1,0.9961417234067844
0,0,0.024816874093907242
0,0,0.03760824547682865
0,0,3.455857641182689e-05
0,0,2.7109348511934017e-05
0,0,0.00026780185609923617
0,0,0.000914103587058401
0,0,0.03223451911806237
0,0,0.0013816328612080225
0,0,0.0006802125622912801
0,0,0.00054078376234414
0,0,0.05272952760434044
0,0,0.09209532804837973
0,0,3.665797909828729e-05
0,0,0.025709882108315665
0,0,6.457174190741926e-05
0,0,0.00039786223333590536
0,0,0.00017917216398943855
0,0,0.004576263875546487
1,0,0.3011617600977589
0,0,3.2186804783891316e-05
1,1,0.9950339422656624
0,0,0.004477456135304051
0,0,0.03253682479218359
0,0,0.28666022183740325
0,0,0.024438221859470106
0,0,0.0001485943414321765
0,0,1.8081254766317172e-05
0,0,0.000134118416201397
0,0,0.0006333136636647509
0,0,0.0004360832750857517
0,0,0.015571906056405509
0,0,0.00012342635013729656
0,0,0.00018916429165532464
0,0,0.0003722508235568159
0,0,7.044736800710581e-05
1,0,0.0979019250612739
0,0,0.03142289011304596
0,0,0.1149818272911997
0,0,0.00116769625989867
0,0,9.843583212536498e-05
0,0,7.550271392626065e-05
0,0,0.0002541748759062535
0,0,7.559536721265638e-05
0,0,0.1401949625606423
0,0,9.267848841435056e-05
1,0,0.37364805964295406
1,0,0.036411686278280064
1,0,0.1637530094260204
0,0,0.00023554041453399495
0,0,0.0628582940760715
0,0,7.356824529841495e-05
0,0,0.005827168535038319
0,0,1.255538119708878e-05
0,0,0.0002371002995522013
0,0,0.009263040968013708
0,0,0.0015511964889878634
1,0,0.04310919540653264
0,0,0.0058447613487865235
0,0,0.008434305673851568
0,0,0.014348776588022763
0,0,0.0003754368510873875
0,0,3.286741194252934e-05
0,0,0.025531771695068563
0,0,0.00010147211012240007
0,0,9.242313308381352e-05
0,0,0.0005957164681408133
0,0,0.0005535342751539204
0,0,0.06891501901391009
0,0,9.525347175718231e-05
0,0,0.0002913294206331255
0,0,1.2906967789296271e-05
0,0,0.0535170420390954
0,0,0.01942594940381548
0,0,0.009987552208822598
0,0,0.00015305406542339483
0,0,8.970191789785339e-05
0,0,2.2785807882814052e-05
0,0,0.03085046867837274
1,1,0.9957952194222192
1,0,0.12637550468446304
0,0,0.00011721221966931472
0,0,0.0003337994720177775
0,0,0.0004114091363275815
0,0,2.3738205848465567e-05
0,0,0.03137031803624694
0,0,0.00639367498383366
0,0,0.00010025547544222934
0,0,0.11553119916498372
0,0,0.14420155311167104
0,0,0.003626259327632593
0,0,0.012897144391750916
0,0,0.00010888422968253773
0,0,0.0022089670307839835
0,0,0.0006771763786805106
0,0,0.025693526334864724
0,0,0.00029035621544340674
0,0,0.03290374518242689
0,0,0.11119661963478272
0,0,0.00011741844959277643
0,0,0.0006408126924989099
0,0,0.0003534664629671227
0,0,0.00040842553290706594
0,0,0.002665861371779101
0,0,0.12339837659532993
1,0,0.19967844070085095
0,0,0.0003056557620657466
0,0,0.004779758902057965
0,0,0.00020568226374060282
0,0,3.3780864201025484e-05
0,0,0.0001696321165358966
0,0,2.857981503193486e-05
0,0,8.497541297990237e-05
0,0,0.0019910895310726413
0,0,0.014981520657984535
0,0,0.0007736162868288045
0,0,0.04945372058803988
1,0,0.2899575039226126
0,0,0.0007073076471055377
0,0,0.1950434296428052
0,0,0.0002203001752927551
0,0,0.02277619146400968
0,0,3.2091667005478995e-05
0,0,0.00021785525562208826
0,0,0.0001363951270561016
0,0,0.00013442491747093425
0,0,0.00045669518064949804
0,0,2.9864342759094894e-05
0,0,0.00046849602617595674
0,0,2.158059084005851e-05
0,0,0.00019758148093323421
0,0,0.05549901022013748
0,0,0.00045684302398602054
0,0,0.0002694609198004719
0,0,0.000708774690535388
0,0,0.0003410834461880263
1,0,0.15946914511889254
0,0,6.121371028652401e-05
0,0,0.0004029453535129752
0,0,0.08428096392623628
1,1,0.9988005461977525
0,0,0.00011355690989880286
0,0,0.000596958977240791
1,0,0.31577600054959326
1,0,0.2146182482025492
0,0,0.0001907551989612301
1,1,0.9978355802767608
0,0,0.0010005611827126049
0,0,0.000267677872210852
0,0,0.00030552924927586354
1,1,0.9976646588644523
0,0,8.584081119715859e-05
0,0,0.00657672824625259
0,0,0.00010610788411023968
0,0,6.941146771490599e-05
1,1,0.9989336510582171
0,0,0.0029027084462666638
0,0,8.582523799851418e-05
0,0,0.09172865938837287
1,1,0.9999689658000331
0,0,0.013894743200418348
0,0,0.009872543967173153
0,0,6.0831652015861144e-05
0,0,0.00018113819289316185
0,0,2.1126910411091706e-05
0,0,6.182924501876933e-06
1,1,0.9999827001342075
0,0,0.009566070735779428
0,0,0.00010079953266307028
0,0,0.0015401259349958503
0,0,0.0023531089748939148
0,0,0.3611646122573599
0,0,0.0010741646948036645
1,1,0.8400499180458258
0,0,0.00023299992282520087
0,0,2.2884120766249577e-05
0,0,0.0015085763107941113
0,0,0.0003042089129051759
0,0,0.007893359080993699
0,1,0.6410730631182759
0,0,0.0005436897560754467
0,0,0.0001848549475686856
0,0,0.0005375200649920023
0,0,8.097346138716879e-05
1,0,0.09845762663216213
0,0,0.000272618612404808
0,0,8.554768585290667e-05
1,1,0.9999831827994538
0,0,0.00024262134275995938
0,0,0.06442576418673701
0,0,0.00019161906116154054
0,0,0.00030860900417646023
0,0,0.0005232853091317941
0,0,7.469642295637974e-05
0,0,9.658812358493365e-05
0,0,0.0003252729121142911
1,1,0.9999945772983394
0,0,0.00015181821886117367
0,0,0.00012944819016955656
0,0,0.23783519537634393
0,0,0.000396450191753631
0,0,0.0012630607498169285
0,0,9.700448836977226e-05
0,0,0.00013863957312562432
0,0,5.1139024992501964e-05
0,0,2.7109348511934017e-05
0,0,0.0003059233358570843
0,0,0.00010460731589394839
0,0,0.37317534052192586
0,0,0.00012227158310112307
0,0,0.11517227489152153
0,0,8.33500073510182e-06
0,0,0.00048081626190757675
0,0,0.00022743201950189366
0,0,7.745595648879582e-05
0,0,0.0003610866932669226
0,0,0.00010079953266307028
0,0,0.021563588900607267
0,0,0.0013285693844399594
0,0,3.413161119748013e-05
1,1,0.9961899957675305
0,0,0.0005010474664514011
0,0,0.00019011470493971678
0,0,0.00566878118103666
0,0,0.0017011046459236546
0,0,0.0004835987403975468
0,0,0.00428216357784539
0,0,4.0648344315397856e-05
0,0,0.08381095452940919
0,0,0.005482778347974662
0,0,0.018788897896337323
0,0,0.000516869433729166
1,0,0.21224927564582072
0,0,0.00030249426401147316
0,0,0.0006425001866611167
1,1,0.999549123029455
0,0,0.01949469990478203
0,0,0.019495621851027517
0,0,0.000382407480100999
0,0,0.09627485946069662
0,0,0.0025399310366936707
0,0,0.00021692115477594924
0,0,3.144699477312027e-05
0,0,0.0004023177274777299
0,0,0.00030957131889572837
0,0,1.95986169835773e-05
0,0,3.563717143346049e-05
0,0,0.0003483021835294356
0,0,0.0006374965930083237
0,0,0.0006577193113979629
1,1,0.9999706681062811
0,0,6.039869170662144e-05
0,0,0.1369731904078134
0,0,0.01751547220120172
0,0,0.01273464636427933
0,0,0.17925914966375275
0,0,0.00032032142753239245
0,0,0.00011137545239391852
0,0,0.0005804232224894465
0,0,0.00011044589373172593
0,0,0.0006705347104726359
0,0,0.0001542324152305244
0,0,0.033867469093556354
1,1,0.9963535718705648
0,0,0.00011331833607567485
0,0,0.0007247990828715735
0,0,0.0002476090579982126
0,0,3.8278578183715296e-05
1,0,0.18875472881512964
0,0,9.306957161648555e-05
0,0,0.0001279463990350207
0,0,3.8183020478668874e-05
0,0,0.0009325935813047897
0,0,0.0003426704409022766
0,0,0.0007972946645001191
0,0,4.863990883633181e-05
0,0,0.0001910042365854447
0,0,0.3828968959035918
0,0,0.00948873006990624
0,0,2.493295458057948e-05
1,0,0.04530963494284466
0,0,0.000451949415452281
0,0,0.13199751925743475
1,1,0.9965153523284432
0,0,5.2813105281352854e-05
0,0,0.00025658578827868976
0,0,0.007892224255533981
0,0,0.05196096492881518
0,0,0.0014589920003415604
0,0,0.0001228299672894254
0,0,9.530439905763918e-05
0,0,0.00031090184852294644
0,0,6.722693919235608e-06
0,0,0.0009597309821937194
0,0,0.0021002189373558237
0,0,0.002496277299964168
0,0,9.355071465442895e-05
0,0,9.712271782426335e-05
0,0,0.00010202559827936062
0,0,0.000975332413343011
0,0,0.0001583620736872081
0,0,0.0017336902124262996
0,0,0.011025329793128707
0,0,0.013956847748147034
0,0,6.614383825193559e-05
0,0,0.00027923014129116794
0,0,0.00010380076010965037
0,0,0.0010831195057485368
0,0,2.7528504559023324e-05
0,0,4.0456548473653654e-05
0,0,0.0075150836162468
1,1,0.9981403264624652
0,0,6.658486082739988e-05
0,0,0.0002839413083844661
0,0,0.0006641705704199884
0,0,0.000525592107238515
1,1,0.9998847701241401
0,0,3.699163413145287e-05
0,0,0.0002517763459141076
0,0,0.14283990415517367
0,0,0.0007965203329610101
1,1,0.9976218061071538
0,0,0.00855406020727327
0,0,0.00020142648148850753
0,0,0.009998940351446937
0,0,6.072585513821108e-06
0,0,0.0004628843905848141
0,0,0.0020866206313493165
0,0,3.8278578183715296e-05
0,0,0.00010936970784340546
0,0,0.16657407390488388
0,0,0.017326847952709553
0,0,0.00020945455541044106
0,0,8.453100353786362e-06
0,0,4.131548613111735e-05
0,0,0.005229691924719265
0,0,0.015852276642110055
0,0,5.553253100890857e-05
0,0,0.00010837234640563954
0,0,2.550357070127373e-05
0,0,2.7109348511934017e-05
1,1,0.9984392909861527
0,0,0.01077553364148228
0,0,0.00023768314394916214
0,0,0.004901337511594686
0,0,0.042066058082160664
0,0,0.00757173505046286
0,0,0.0014294991796371353
0,0,0.06064853990327219
1,1,0.9996262518023332
0,0,0.0005062503137563659
0,0,8.516323972111904e-05
0,0,9.94694614365415e-05
0,0,0.0004425844483124258
0,0,0.0002551874029476629
0,0,0.00021820046406882565
0,0,8.216177494793194e-05
0,0,0.00011415937200909019
0,0,0.00042007856439335074
0,0,0.009699466681386455
0,0,0.0003675319798652012
0,0,0.00022793466207624043
0,0,0.00024771469558082905
0,0,0.00010361664599500244
0,0,0.0008162035632143449
0,0,0.00016548664968615642
0,0,0.00018751020147219236
0,0,0.17709485096726274
0,0,2.8434137777333134e-05
0,0,0.00047975070157694626
1,1,0.9962294652184046
0,0,0.0001266376565119153
0,0,0.006258639508831039
0,0,1.95986169835773e-05
0,0,0.01603959263462431
0,0,0.0003294642386838253
0,0,0.014107089278917654
0,0,0.00028093706530213266
0,0,0.029573182867368604
0,0,0.0005058632183871343
0,0,9.513975942069618e-05
0,0,0.002136600032097637
0,0,1.8662030499627274e-05
0,0,0.06820682950388152
0,0,0.001957430967447212
0,0,0.00012411584609840109
1,1,0.9999951131320115
0,0,0.00011174758137689572
0,0,0.010808093031028245
0,0,0.060677899314961925
0,0,9.457444688153948e-05
0,0,0.14771017269747735
0,1,0.5345242453798608
0,0,8.307976319061544e-05
0,0,0.024849650375473403
0,0,7.558558444121046e-05
0,0,0.00011562967032085922
0,0,0.04421197355591863
0,0,0.00032452760624475553
0,0,0.0022097408826154473
0,0,1.3224229226080948e-05
0,0,2.470670344267612e-05
0,0,0.00019622451923055257
0,0,0.00012447728677558544
0,0,1.3941768475917957e-05
0,0,0.0003953298074480269
0,0,0.15164093491657202
0,0,0.00015540101215821375
0,0,0.0004625778570051286
0,0,0.001445554531190139
0,0,0.00039671672478084735
0,0,0.0004613736310803609
0,0,0.038934294451139426
0,0,0.0005736412129875107
0,0,0.00044231101231966956
0,0,1.0017172621867564e-05
0,0,0.018842980459748714
0,0,0.0003048999045301366
0,0,0.03212621185312897
0,0,0.00021061780932982014
0,0,0.00010498348583696625
0,0,4.843688347227256e-05
0,0,1.0035278600647345e-05
0,0,8.520956636025468e-06
0,0,0.14698253673798836
0,0,0.002489788092239974
0,0,0.01836418687115166
0,0,0.00020012335017155277
1,0,0.1267985004674514
0,0,0.0009617918209839856
0,0,0.0005999337140318656
0,0,0.05243645434428862
0,0,7.970130148043048e-05
0,0,0.12243166343518977
0,0,0.09446924877845461
0,0,0.00028041900158671347
0,0,0.18486359754130077
0,0,0.00029150127393996517
0,0,0.14366114938713814
0,0,0.027382518278691252
0,0,0.2596638504663836
0,0,0.00023320698699175727
0,0,0.000667087636471586
0,0,0.23686797041115287
0,0,0.04590660457515553
0,0,0.000152020376261456
0,0,0.0003287329981449044
0,0,0.0004504353671600943
0,0,0.000688294679894733
0,0,0.00026405939076252024
0,0,0.0003730263188789564
0,0,0.0003706163241585767
0,0,0.00024401340476832455
0,0,6.881704900351129e-05
0,0,0.000681646030720258
0,0,0.0006468264465816292
0,0,0.0012891724101156852
0,0,0.00024888470148718664
1,1,0.9990034576783567
0,0,0.0016475321784888734
0,0,1.2906967789296271e-05
0,0,0.00011851187438640972
0,0,0.00665988086902246
0,0,0.0004064698104867177
0,0,0.26723950066498176
0,0,9.330177389059251e-05
0,0,0.11674953526034082
0,0,0.024890513052745464
0,0,0.010564736503159505
0,0,0.0005315502595815826
0,0,0.02960586682558399
0,0,0.08810336198296918
0,0,0.00040739086575739285
0,0,0.0005434701932270756
0,0,0.0004518330066384225
1,1,0.9953932978873014
1,0,0.09018052616348557
0,0,0.03442398421354339
0,0,0.0005066281080528115
0,0,0.0002710310104376783
0,0,0.0005662265928236908
0,0,0.01587967604157029
0,0,0.03575658952937343
0,0,0.00032845027637007
0,0,0.00010577715482029505
0,0,0.06084279263062141
0,0,0.002177707843372497
0,0,0.0031389863342949527
0,0,0.02476366364296205
0,0,0.07168816276848956
0,0,0.00010266002799214805
0,0,0.00031721023653946944
0,0,0.0004385921266993625
0,0,0.00029816589585251405
1,1,0.9999680389254889
0,0,0.0015841068161707814
0,0,0.0002020451973227135
0,0,0.0004396180008768834
0,0,1.9550726708494688e-05
0,0,0.02849182334245411
1,0,0.16275864307025834
0,0,0.0021599673013467796
0,0,9.536233619133349e-05
0,0,0.0002052235669572907
0,0,0.00010089564507737386
0,0,0.00010862624467561199
0,0,0.010086733993492572
0,0,0.00019879786996151484
0,0,0.019987355790765646
0,0,0.00024955911890120485
0,0,0.0006557893882935443
0,0,8.951682624431883e-05
0,0,0.003920504751531939
0,0,2.2568027279580584e-05
0,0,0.0016331288527480937
0,0,0.00016889181802605424
0,0,0.0065604861575271406
0,0,0.04121704145802822
0,0,0.00011183919475542287
0,0,8.846834824477562e-05
0,0,0.002779346059087592
0,0,0.00042713146204111584
0,0,0.010022530864068133
0,0,0.007420557027560777
0,0,0.00032059707450496914
0,0,7.021251026909573e-05
1,1,0.9996898507625818
0,0,0.00016685058762779228
0,0,0.0005741917835494429
0,0,0.08220439725157964
0,0,0.0003878261152652332
0,0,0.00010610788411023968
0,0,0.0003642000018295447
0,0,0.003529272907016908
0,0,0.14086685257866738
1,1,0.9988046303261684
0,0,5.2308872436477873e-05
1,0,0.06933094739980916
0,0,0.010989644524379916
0,0,7.685314266813257e-05
0,0,0.0003718234363967386
0,0,0.00554005315339987
0,0,3.698392204430673e-05
0,0,0.017832271993957444
0,0,0.00021891863337378177
0,0,0.0004552336589519344
0,0,2.6437583226426682e-05
0,0,0.004750986852583079
0,0,0.1470699793881137
0,0,0.16845620288359897
0,0,0.00010648040989414107
0,0,0.4361847999334592
0,0,0.006923380462844876
0,0,8.567118870421577e-05
1,1,0.9970946816332105
0,0,0.00016130867183003101
0,0,0.0004169564519507607
0,0,0.023496320033582402
0,0,0.0004769832696228085
0,0,0.00018923343103991104
0,0,0.07038548297115801
1,0,0.4411114892311123
0,0,0.0005514338556266111
0,0,0.0021175589879426464
0,0,2.046376243907813e-05
0,0,0.00026294833501647815
0,0,0.0024866198531711724
0,0,8.778968763815855e-05
0,0,0.06482813201859677
0,0,7.333184830143008e-05
0,0,0.020705962205727835
0,0,6.194920770202634e-05
0,0,0.00015956284974511558
0,0,0.022724936013119028
0,0,0.15098630449726902
0,0,0.2786605221428529
0,0,0.0006960110808024474
1,0,0.3517141799927387
0,0,5.034819125181607e-06
0,0,0.0004384013287580471
0,0,0.0004170075460538745
0,0,0.000434821051017451
1,0,0.1522408299741175
1,0,0.028854526166634153
0,0,0.2719371646276588
0,0,0.00028128793998250033
0,0,0.0016722066562740066
0,0,0.04119239255452779
1,1,0.9986782120249341
1,0,0.19990642532342895
0,0,0.00022552196527072664
0,0,0.017720033260297235
0,0,0.001329320522882294
1,1,0.9999815236239978
0,0,0.006595558063450605
0,0,0.07262204929017918
0,0,0.0006410414720414922
0,0,0.024683657534466108
0,0,0.00027972372594741346
0,0,7.843496014557214e-05
0,0,0.008451556335523008
0,0,8.352323358977528e-05
0,0,4.460804835021314e-05
0,0,0.00010656482036881175
1,1,0.9986931265983059
0,0,0.00012779690610095803
0,0,0.018043609803317706
0,0,9.419576886149667e-05
0,0,0.0005689051394232899
0,0,7.297779403992519e-05
0,0,0.00019392798722705308
0,0,5.6906935556568014e-05
0,0,4.8916611925724526e-05
0,0,0.00016562773367215046
0,0,0.3549454152239872
0,0,0.00025177999976429424
0,0,0.0007713310271888488
0,0,0.14572060424224703
0,0,0.00012515967179219047
0,0,0.0002103827945380805
0,0,0.0002107047111298325
0,0,0.00025275470348396753
0,0,1.026576342081388e-05
0,0,7.567416897714529e-06
0,0,0.00023518957141773123
0,0,0.0004142722131154175
0,0,0.0026046034690591665
0,0,0.0013135500698257176
0,0,0.16610551942720064
0,0,0.08704002056389405
0,0,3.8945747661372254e-05
0,0,0.0006052890370769117
0,0,0.00014392372051383185
0,0,0.0756264185781652
0,0,0.3657190218586881
0,0,0.1235906455554513
0,0,0.00044427953834129413
0,0,0.08614629564945622
0,0,0.00036344558031836037
0,0,0.006799261295720599
0,0,0.0005579913746414943
0,0,0.00011069449726699322
0,0,0.0007216720518543939
1,0,0.04309974988355755
0,0,0.0012503450372471784
0,0,1.2626660304706904e-05
0,0,0.0001013091697525516
0,0,1.5517840066538306e-05
0,0,9.257024409551723e-05
0,0,0.00045403140089527545
0,0,0.00019728709521877602
0,0,0.009509516380489516
0,0,0.00023514712513979754
1,1,0.9982433825477021
0,0,0.14490050355077105
0,0,0.000542943462048874
0,0,0.0011633924473685472
0,0,0.0003884080073198729
0,0,0.0007198508901039432
0,0,0.00027646973040616003
0,0,0.046761432866778314
0,0,0.00026720141359421617
0,0,0.0011976272242105756
0,0,3.104302773560127e-05
0,0,0.0034679033946636217
0,0,0.01680163022826356
0,0,0.000512505016910358
0,0,0.0006431730800420279
1,1,0.9999966390084742
0,0,0.02865197993251138
0,0,0.044968934343350524
0,0,0.15109166903841434
0,0,0.004618456813526968
0,0,8.844180157307853e-05
0,0,2.3738205848465567e-05
0,0,6.945330392657203e-05
0,0,1.960727300130518e-05
0,0,0.25511699368768687
0,0,0.0011496875109190234
1,0,0.13592096398044815
1,0,0.2255202303626072
0,0,2.0114070382293768e-05
0,0,1.6008721720576534e-05
0,0,8.527562276567726e-05
0,0,3.1743419315432187e-05
0,0,0.0006925080717479187
1,1,0.9911324070801898
0,0,3.892013496005084e-05
0,0,0.0017390250902617685
0,0,0.0001546280204780479
0,0,1.247471361225337e-05
0,0,4.905290868174747e-05
0,0,2.7109348511934017e-05
0,0,0.003566993742557974
0,0,0.0020217067894184163
0,0,0.00012077465399319371
0,0,0.0002958782118510228
0,0,0.0008967034263815721
0,0,1.905903220069385e-05
0,0,0.2644395356196278
0,0,4.24574132793172e-05
0,0,0.00017258473119009454
0,0,4.126014640742082e-05
0,0,0.15128080789749843
0,0,0.0001501738751922701
0,0,3.0663477497534515e-05
0,0,0.00016799469178532396
0,0,8.080382356567836e-05
1,1,0.9967216569048796
0,0,0.0007328741916952031
0,0,0.0008472371782611326
0,0,0.2025996497958747
0,0,6.070394857340897e-05
0,0,0.00018637101090265764
0,0,0.0017336902124262996
0,0,0.005463065539541075
0,0,0.009461069942497752
0,0,0.002177694583072601
0,0,0.08128282855990118
0,0,0.010992309436281582
0,0,1.95986169835773e-05
0,0,2.3738205848465567e-05
0,0,0.06649441869799655
0,0,0.0018360395863012747
0,0,0.09843102925273112
0,0,0.041973898959326614
0,0,0.0002693008788277949
0,0,1.2906967789296271e-05
0,0,0.00025782638732883324
0,0,0.0007048246918804454
0,0,0.20132343505445582
0,0,0.0004344297734909927
0,0,0.0005649350097977
0,0,0.09838811369038708
0,0,0.0007869423136729182
0,0,0.00024593706356117537
0,0,0.0003962374264359395
0,0,0.04703858331211663
0,0,0.22111219249951547
0,0,0.00012411584609840109
0,0,0.2037610822695765
0,0,0.0005531012856672907
0,0,0.00043285327129702973
0,0,0.13514032525785613
0,0,1.2906967789296271e-05
0,0,0.004056237659336248
0,0,0.0003599904836727331
0,0,0.08924272421278741
0,0,0.0001691229866997074
0,0,0.02501204098897137
0,0,0.01673492971875411
0,0,0.00019026486031135302
0,0,0.07830717946373093
0,0,0.00030397224304527673
0,0,5.0331911514406567e-05
0,0,0.0007996613735821974
0,0,0.0012744484631738533
0,0,6.827673139800325e-05
0,0,0.03466219050785715
0,0,0.00027636180227830415
0,0,0.00045986558203262804
0,0,6.160741990825233e-05
0,0,0.10031690906935294
0,0,9.194919591279314e-06
0,0,9.223907752136198e-05
1,0,0.035364891056334856
0,0,0.0004731186584676412
0,0,0.25942392741201104
0,0,4.788572946205984e-05
0,0,0.07388307113284528
0,0,3.2117326860402606e-05
0,0,0.006085067407691783
0,0,0.0005741981051576658
0,0,0.0004594176632248415
0,0,0.0005409473641132233
0,0,0.0006331751208554218
0,0,0.09187475607856468
0,0,0.18817555197244523
1,0,0.497428485751506
0,0,0.0020002535092604637
0,0,0.00017847623305546507
0,0,4.94052302191997e-05
0,0,0.00016804233852479527
0,0,0.028585319663629868
0,0,1.1819212589440619e-05
0,0,0.0006976751582059418
0,0,0.0002950702313618801
0,0,0.0008298847673893911
0,0,0.0006817609263309941
0,0,0.001470769200968723
0,0,0.00043305147968374834
0,0,0.005098817167005935
0,0,7.336441622539596e-05
0,0,0.05397036792763545
1,1,0.9999875270390775
0,0,0.00013050270781610714
0,0,2.8098915998668515e-05
0,0,0.00044656145953627676
0,0,0.009045076803277364
0,0,0.0007378300925124936
0,0,2.3738205848465567e-05
1,1,0.9981176603561724
0,0,0.008451289657817197
0,0,0.06634939189232014
0,0,0.06154727489034017
0,0,0.005928891211987899
0,0,0.00023491101493206256
0,0,8.078423488179734e-05
0,0,0.12498146122870646
1,1,0.9986729786526846
1,0,0.24820004860068878
0,0,0.0007269771208129498
0,0,0.000345189813662572
0,0,0.0001717938414908413
0,0,0.00020906975248563648
0,0,6.630845926290507e-05
0,0,0.0002252801160992693
0,0,4.216341907493617e-05
1,0,0.0005888266331930723
0,0,0.06960328549317034
0,0,0.00013227447284541936
0,0,0.0001862019431952628
0,0,0.0014776287309850096
0,0,4.9688953919375934e-05
0,0,0.0004888637137354149
0,0,6.450841916648491e-05
0,0,0.00021134625623445185
0,0,0.00013611877170314582
0,0,0.21544377196264886
0,0,0.0003936832235259755
0,0,0.02137315695298812
0,0,0.0007071421991245717
0,0,0.0009788651336680493
0,0,1.95986169835773e-05
0,0,0.0011839102409221505
0,0,0.17637557146528812
0,0,0.00012403538885509506
0,0,0.008310184092645794
0,0,0.00025701074280675014
1,0,0.3092083107973642
0,0,0.08888162659822996
0,0,0.0005335662306884933
0,0,0.1922437701976058
0,0,0.0005360505581376872
0,0,0.14903815314520474
0,0,5.44079065707592e-05
0,0,7.745595648879582e-05
0,0,0.0004209057941658396
0,0,0.00012080854757762823
0,0,0.046211864131825
0,0,1.0035278600647345e-05
0,0,6.469765247069918e-05
0,0,0.00024012378146607047
0,0,0.00013784986998874985
0,0,0.0002908391401548621
0,0,1.5789972977299746e-05
1,0,0.1577205912511073
0,0,0.00592057382913187
0,0,0.013187948065371168
0,0,0.0018506824450146443
0,0,0.018262351067481825
0,0,0.35953956892766026
0,0,0.00015677911019915575
1,0,0.16538378625614703
1,1,0.9974072049636178
0,0,0.021571324755261953
0,0,0.11896228952358542
0,0,0.0001974018689528144
1,0,0.30452525800366925
0,0,0.003420753443687562
0,0,0.000379719935567626
0,0,0.00010423537990965946
1,0,0.05227497252099477
0,0,0.0001598784010405618
0,0,0.00034328863828130614
0,0,0.011168182205413577
0,0,0.00023593703234110432
0,0,0.02335199854163048
0,0,1.301005532924811e-05
0,0,0.008528346782335808
0,0,0.0001315127663220307
0,0,0.034388767036922695
1,0,0.38118749804040847
0,0,0.00020062068839229368
0,0,0.11237568008200037
0,0,0.014708186636704198
0,0,0.00020661329489330083
1,0,0.025167641188705844
1,1,0.9975903566468809
0,0,0.00020639940023558462
0,0,0.0002022885145701371
0,0,0.00010298930428486893
0,0,0.0019259016475846101
0,0,0.00010166508414410467
0,0,0.01302370956492211
0,0,0.013952522737415983
0,0,0.0003128218570659733
0,0,9.197681657676168e-05
0,0,0.0004411523810596927
0,0,0.0015342780488331149
0,0,0.0004937517558118744
0,0,0.0066650042454128545
0,0,0.0005511563481174989
0,0,0.013077341721104016
0,0,0.024250343500975713
0,0,0.0001504859017277555
0,0,0.0009545781984914973
1,1,0.9981604450891302
0,0,6.335874905458004e-05
0,0,0.0001299466247906049
0,0,6.318895067107621e-05
1,1,0.9999851461874971
0,0,0.009757424453084203
0,0,0.027629090930512763
0,0,0.007192966151858095
0,0,1.4945560127160628e-05
0,0,0.0002506415289762084
0,0,0.11127851855731982
0,0,0.04660702786181266
0,0,2.7035588450834085e-05
0,0,0.0004130436239715524
0,0,0.0033900725193295616
0,0,0.0004387581458270287
0,0,1.95986169835773e-05
1,1,0.9987388832001217
0,0,0.02827553492998201
0,0,0.0008176426690439945
0,0,0.16811307001131376
0,0,0.00020500135537153936
1,1,0.9985376001172535
0,0,0.0005178323894513395
0,0,0.00029573647827921067
0,0,6.569923249240306e-05
0,0,0.00044042115427108763
0,0,0.0023847448120910973
0,0,0.00011829361841874227
0,0,0.00010577715482029505
0,0,0.00013362060852271557
0,0,0.00014778434921291556
0,0,0.0003012930635609556
0,0,0.03174506134626278
0,0,7.364945029352194e-05
0,0,0.0007620596584284815
0,0,0.0013030167218878392
0,0,0.08719909016523424
0,0,0.03267498915472074
0,0,0.0002831138803841446
0,0,0.00035630159981393984
0,0,6.870158081033188e-05
0,0,0.001856117508164331
0,0,0.000554813989823627
0,0,0.0001019799550002244
0,0,0.0031800419356142525
0,0,0.40878711720624666
0,0,0.00012135340625175155
0,0,0.0005066809566263076
0,0,0.009530153775586657
0,0,0.00012115913796306321
0,0,0.00043623556268843685
0,0,0.0019194554818004134
0,0,0.005744581803485003
0,0,2.4411486733142717e-05
0,0,0.0020236174734186187
1,1,0.9943822978069424
0,0,1.4275136381492377e-05
0,0,6.2648957576280365e-06
0,0,0.00032179429195617216
0,0,0.03346406342576183
0,0,0.05154087849557895
0,0,7.382318046867383e-06
0,0,0.08057795911487613
0,0,0.02610875865416393
0,0,0.03881372716672176
1,1,0.9972727968278771
0,0,5.390795973664758e-05
0,0,0.00025233018930587376
0,0,0.12552303484558788
0,0,0.00010609445878513485
0,0,0.03819576791311846
1,0,0.4265149417791292
0,0,0.0035767629729951656
1,0,0.2357416651042468
0,0,0.0011836893523824057
0,0,0.00017537265947178008
0,0,0.0006024523630698693
0,0,8.40080734499606e-05
0,0,0.04010172282220396
0,0,0.001645620763681418
0,0,7.121454031441459e-05
0,0,0.00022525786360411484
0,0,0.0002759862808127988
0,0,0.108050813553206
1,0,0.343818951590953
0,0,0.002499301877479477
0,0,0.20671919825684085
0,0,2.0498225867068632e-05
0,0,0.33450711218561113
1,1,0.9963568878014132
0,0,0.00023770904927483485
0,0,0.00013344544232567917
0,0,0.00030670244959630865
0,0,2.413043108662993e-05
0,0,0.25854925993445493
0,0,2.8138121669300283e-05
0,0,0.0023918639748467235
1,0,0.03089114308844161
0,0,0.005918760254917788
0,0,0.0017389546811587193
0,0,3.104302773560127e-05
0,0,0.000335879811695647
0,0,0.0005130918230061777
0,0,0.014684115403777327
0,0,0.00011775230022440761
0,0,0.05149659340300767
0,0,9.04813336465568e-05
0,0,0.010244943989748585
0,0,7.179911026920999e-05
0,0,5.6681729613226676e-05
0,0,0.0008219664340656602
1,1,0.9849854360061667
0,0,0.004789679501769033
0,0,0.0003055114820634448
0,0,0.3269238045888536
0,0,0.0012159748784715072
0,0,0.007127088569093155
0,0,0.20863937411046032
0,0,0.0005354432703799657
0,0,0.3537257732829991
1,0,0.08818055295157613
0,0,0.0018406583995268632
0,0,0.00011120800861381905
0,0,0.0004601449338120575
0,0,0.001128423105687115
0,0,0.2873136609011113
0,0,0.0008907114332784028
0,0,5.16626084477641e-05
0,0,0.13883776913972626
0,0,0.0006884085136585144
0,0,0.08568507228599145
0,0,2.3247525736955695e-05
0,0,0.0006069948414443699
0,0,0.00017724805127230522
0,0,0.00029440799230001093
0,0,0.0002736522895496157
0,0,8.84206417768838e-05
0,0,0.00021217517119116112
0,0,0.0004707761775979046
0,0,2.7711121542099792e-05
0,0,0.0001789699606651212
0,0,0.00024626146120902204
1,1,0.9994937057147141
0,0,5.630567536641701e-05
0,0,0.0005867306889106478
0,0,1.95986169835773e-05
0,0,0.0005703254287482627
0,0,0.000588909843655631
1,1,0.9863555097961001
0,0,0.0006934552869883965
0,0,7.966992520678986e-05
1,1,0.9999000207323306
0,0,0.014001230354017869
0,0,1.8716913851538318e-05
0,1,0.5030765339607493
0,0,0.009953895496617692
0,0,0.012296221053113544
0,0,0.08957732928528689
0,0,6.625747548714849e-05
1,1,0.9987848735950704
1,1,0.9969749354161258
0,0,8.441725638096774e-05
1,0,0.20100542143901823
0,0,0.00039266356730236905
0,0,0.0007239912371305217
0,0,0.0001852693033473554
1,1,0.9989781744236298
1,1,0.9983766983802524
0,0,1.222124419572621e-05
0,0,7.80851991000776e-05
0,0,0.09338735567792508
0,0,0.0007767853417525499
0,0,0.00037090890842255363
0,0,4.8319511451453674e-05
1,1,0.9959401379688217
0,0,1.6516400197387635e-05
0,0,0.022652622775396303
0,0,2.5159716440590025e-05
0,0,0.00039353156665690697
0,0,0.00012617304096718606
1,1,0.5757322958840901
0,0,0.00017772221600129254
0,0,0.0012647310122846584
0,0,0.001359744874332485
0,0,0.4334343653631056
0,0,0.00018277263920006383
0,0,0.00027018611472845867
0,0,0.05802334251415901
0,0,0.03234486272874682
0,0,0.02713877897839746
0,0,0.2760505552871996
1,1,0.9999923036156904
0,0,0.00011194527608802182
0,0,0.05235073761968299
0,0,0.0018317803085084428
0,0,0.00013913481510304253
0,0,0.04587838016999467
0,0,0.00030670946092814483
0,0,0.00023343542281959356
0,0,0.0004025466381465992
0,0,0.25131485313342045
0,0,8.240435606677527e-05
0,0,0.00015603525411201537
0,0,0.07979294024708802
0,0,0.0003252536315734532
0,0,0.05067940272104077
0,0,0.06593689055821486
0,0,0.016770569777362285
0,0,0.0002248567671923484
0,0,0.0002129340309504559
0,0,0.0001116579376834925
0,0,0.00032547417896899904
0,0,0.00020991230978342028
0,0,0.02489125018507155
0,0,0.000729775176192142
0,0,2.0495192524445994e-05
0,0,8.483526593759995e-05
0,0,0.02033513047154324
0,0,0.061172045016718135
0,0,0.0021672450936237116
0,0,0.00018971618426361452
0,0,0.00025048156329863673
0,0,3.736535054212454e-05
0,0,0.0016121105719330323
0,0,0.0002705929783249025
0,0,0.24880482940447635
1,1,0.999764423014538
0,0,0.0022152229619352834
0,0,0.0025913682077976508
0,0,0.0007962529349601399
0,0,0.0798225624764125
0,0,0.000912159125785397
1,0,0.1392490094655567
0,0,0.00030449735422868136
0,0,0.00011853008298273445
0,0,0.08393719698250979
0,0,8.051068316125679e-05
0,0,0.0010692588626806132
0,0,0.0012103479466341407
0,0,0.00020416716145040908
0,0,0.048381470680823005
0,0,0.00018537210828810277
0,0,0.00042452581276482217
0,0,0.00013276387801400283
0,0,0.09373668865764637
1,1,0.9936225103646354
0,0,0.0003668046903152084
0,0,0.03598728523228361
0,0,0.001289379804404841
0,0,5.600559662523568e-05
0,0,0.00019413509556547086
0,0,9.837505222307747e-05
0,0,0.0001369296026029984
0,0,0.029121392216050413
0,0,7.61548685777535e-05
0,0,0.004823167626380004
0,0,0.0005340172687184756
0,0,0.00035253480627391287
0,0,6.743379243807896e-05
0,0,0.000288854227683335
0,0,0.04654843881732756
0,0,0.012103948876545539
0,1,0.7851123951235661
0,0,0.0008967034263815721
1,1,0.999480090119922
0,0,0.00016895162540919026
0,0,0.00014311629554748453
0,0,0.00010963384062612773
0,0,0.0003192090729868926
0,0,0.016634764301879133
0,0,0.000698957612142859
0,0,0.1897940348186841
0,0,0.00023085577201536336
0,0,5.956320893913084e-05
0,0,0.16470746055101224
0,0,8.553728671830309e-05
0,0,6.282333086499296e-05
0,0,0.0002415577964275739
0,0,0.00018975225324126778
0,0,0.010591425485092459
0,0,0.04333362840860942
0,0,0.0070159102346539605
0,0,0.00020874637814204754
0,0,0.0004348602981934508
0,0,0.0003347651345601811
0,0,0.0007907029127888167
0,0,0.0019982763262766717
0,0,0.0003439928173909573
1,1,0.99707634865751
0,0,0.033902043587619834
0,0,0.21700913555900112
0,0,4.556213555311104e-05
0,0,0.00038774977150528403
0,0,0.0003196258246207431
0,0,0.000130351898942811
1,1,0.9990659736569104
0,0,0.00016854121657894886
1,1,0.9995460498721428
0,0,0.0001399599372385724
0,0,0.00011546222636191672
0,0,0.014079166739512409
1,0,0.24862618454522387
0,0,0.0002567818184148399
1,1,0.9999581117252698
0,0,0.00027185414005846106
1,0,0.20459429164828682
0,0,0.00013691605342864264
0,0,2.9864342759094894e-05
0,0,0.056636795458491165
0,0,0.016082222701254024
1,1,0.999974595943461
0,0,0.00023942810629790613
0,0,0.0025534156656408925
0,0,0.11790569214385542
0,0,0.07420622131025761
0,0,0.00038733228003204497
0,0,0.03418714322242209
0,0,0.0028752282151266
0,0,1.95986169835773e-05
0,0,0.03408194706193008
0,0,0.002656419775007529
1,1,0.9999551364445224
0,0,0.0006607510957052431
0,0,0.0011790566853023114
0,0,0.0003890144834146926
0,0,0.0002003615101187506
0,0,0.0026342860648054587
0,0,0.04388910227596003
0,0,0.00028349185500284286
0,0,0.010908799857865425
0,0,0.0007352307660296986
0,0,0.16705798192868226
1,1,0.9988583010090949
0,0,0.0008896112468937806
0,0,0.0010678694435538524
0,0,0.010220886516177047
0,0,0.0006193653923557911
0,0,0.0007288226980949092
1,1,0.9986909542083588
0,0,5.144849654615813e-05
0,0,0.000515807560482657
0,0,7.364945029352194e-05
0,0,0.010976080978246034
0,0,0.00012210840045772745
0,0,0.0008890026266106737
0,0,0.028157728448613653
0,0,0.004924307931278325
0,0,0.00015896962484411985
0,0,0.0011477701089520117
0,0,0.01238250261303291
0,0,8.538453253362482e-06
0,0,0.02090542139801828
0,0,0.0011063507152072752
0,0,0.06839064868017125
1,0,0.30279333615282494
0,0,8.846834824477562e-05
0,0,0.07682870477367333
0,0,0.00031696344996523724
0,0,0.0003351345998190503
0,0,0.2015349343620455
0,0,0.0038726378832723983
0,0,0.0004928500391778118
0,0,0.0004716422838305337
0,0,0.00032152336751146906
0,0,0.0006414034629994605
0,0,0.00010609445878513485
0,0,0.013110478897284835
0,0,0.05460843522201195
0,0,0.00018105012567353653
0,0,0.037495160981831595
0,0,0.029208332583837253
0,0,0.14999112325115446
1,1,0.9933135757536026
0,0,0.00016788549214861572
0,0,0.0011559489794240273
0,0,0.0004354781698176388
0,0,0.00012342635013729656
0,0,0.00035116574108503537
0,0,0.3391265128631681
0,0,8.095626279968397e-05
0,0,0.00016047824138714265
0,0,0.00012411584609840109
0,0,0.0011500514680477722
0,0,0.020944526097614963
0,0,0.004489159460186655
0,0,0.00017231851790305337
0,0,1.022462338489487e-05
0,0,0.013128073152162368
0,0,0.04718453674632843
0,0,0.0020680094451420747
0,0,0.0010483717427106256
1,1,0.9975990374750924
0,0,0.029382637497482312
0,0,0.016964240969632883
0,0,6.657317584923229e-05
0,0,0.0003654851564735437
0,0,0.3062082043395989
0,0,0.001714564326467998
0,0,0.0006205458074040664
0,0,0.00945780350513554
1,1,0.9957275252493041
0,0,7.338489449764757e-06
0,0,1.022462338489487e-05
0,0,0.11586517208538556
0,0,0.0005238130611854522
0,0,0.04960250719633709
0,0,0.03702088733839527
0,0,0.000620371093624637
0,0,0.38043397952403657
0,0,4.987941982245394e-05
0,0,0.0003314072974488997
0,0,0.17623356656555672
0,0,5.7442671528361194e-05
0,0,0.0032876105672963564
0,0,0.2980045560744813
0,0,0.00013341786885344634
1,0,0.03289289472153317
0,0,0.014224867724878439
0,0,3.7242544227942734e-05
0,0,0.00042892575567291577
0,0,0.14769204671492853
0,0,0.0016976335123604022
0,0,0.00037438641893986526
0,0,0.00038035291175344345
0,0,7.065199827327871e-05
0,0,0.002119220139313649
0,0,6.0831652015861144e-05
0,0,0.00044181699378029816
0,0,0.06510115996620489
0,0,0.00010646438028028079
0,0,0.07123412336740477
0,0,0.0997295903310743
1,1,0.9982669824938202
1,1,0.9994090818185319
0,0,0.0002802944544586148
0,0,0.009065186118017321
0,0,0.010846406842170685
0,0,6.469765247069918e-05
0,1,0.5539048565121678
0,0,0.14674177111173148
0,0,0.0003532568876782819
0,0,0.0006845297287357239
0,0,2.7108768568593762e-05
0,0,1.95986169835773e-05
0,0,0.0003524454567073201
0,0,0.00277184026748674
0,0,0.00010266605754363585
0,0,0.00012440493817766083
0,0,8.231049598555721e-05
1,1,0.9939284880722974
0,0,0.0008795480199133185
0,0,7.843496014557214e-05
0,0,1.7150610739608165e-05
0,0,0.0454908892038264
0,0,0.04002860376763631
0,0,0.034962303463713235
0,0,0.002270992629571645
0,0,0.0011004853438622616
0,0,6.734337869572943e-05
0,0,0.0003366799442986289
0,0,0.0008712365643199256
0,0,0.00505141083803952
0,0,5.596697326255039e-05
0,0,8.208275526468905e-05
0,0,0.0003524454567073201
0,0,0.09929093936085746
0,0,0.00022200861951588292
0,0,1.103724292214089e-05
0,0,0.024463712165301382
0,0,0.0003798835951308608
0,0,0.00029815915953100575
1,1,0.9999838149033191
0,0,0.002105146110800642
0,0,0.20503684628544286
0,0,0.04537079363934789
0,0,3.406464640061813e-05
0,0,6.077177265523275e-05
0,0,6.218557287264753e-05
0,0,0.06557810751809795
1,1,0.9924042294706638
0,0,0.21694655128311965
0,0,0.0016167052468828767
0,0,0.041627159557542134
0,0,9.022855298529044e-05
0,0,0.000404792337633948
0,0,0.06640131513977268
0,0,0.0001363951270561016
0,0,9.632959756990898e-05
0,0,0.0007709262727816095
0,0,0.00014035389641115753
0,0,0.00013618676062554993
1,0,0.2148379951850439
0,0,0.0004734922125223688
0,0,7.595325591084394e-05
0,0,0.07268216486488688
0,0,0.00033202168068973797
0,0,0.02021165880122046
0,0,0.00048595409330240067
0,0,0.017068791754465136
0,0,2.9481191279076577e-05
0,0,3.1388823441145326e-05
0,0,3.3999521824713036e-05
0,0,0.027429327595112057
0,0,0.00024253088216475883
0,0,0.0005052513443800756
0,0,0.0028746237918404536
0,0,0.005167117940087144
1,1,0.9991371972159487
0,0,0.00031155853693829507
0,0,0.008975615424166165
0,0,0.04942865691904762
0,0,0.04501988145620431
0,0,0.017886535622295925
0,0,6.881704900351129e-05
0,0,2.8661985493539566e-05
0,0,0.0005665029135664306
0,0,0.0003052725702384341
0,0,0.061327480878737836
0,0,0.0012481394585318385
0,0,0.0005090575907796863
0,0,0.00010555250775366643
0,0,0.0005182342325734899
0,0,0.0035629747071416334
0,0,0.00011346663491723519
0,0,0.00026253245081539
0,0,0.0004453118457415376
0,0,8.435393588188387e-05
0,0,0.00036835171984264756
0,0,0.0771995854365253
0,0,0.0024866198531711724
0,0,0.21514097127625473
0,0,0.00016685286649029113
0,0,0.05543678456070829
0,0,0.014790338100017892
0,0,0.001082984240162791
1,1,0.9967653704999674
0,0,2.7109348511934017e-05
0,0,0.00010500304137511155
0,0,5.075786733860266e-05
0,0,0.025201176935715826
0,0,3.4630926765940695e-05
0,0,0.00236442081360514
0,0,0.1425585617581337
0,0,0.0001311494706119294
0,0,0.0018035375545198023
0,0,0.04521164150570418
0,0,3.444434503013458e-05
0,0,0.00010609445878513485
0,0,2.3738205848465567e-05
0,0,0.00044349549375812653
0,0,0.33856783123480705
0,0,0.00023902354289559877
0,0,2.5144295973813473e-05
0,0,0.0001067005155758175
0,0,0.14980414171629455
0,0,0.00022749480093472104
0,0,0.0002905354182053371
0,0,0.13077613563680393
0,0,0.0131117667536271
0,0,0.00039906525604775525
0,0,0.0002679715696615755
0,0,7.2053151955978736e-06
0,0,0.0003214739337524059
0,0,0.01138055149573462
0,0,0.00014724492503904017
0,0,0.00013743341991038444
0,0,0.031119173025015278
0,0,0.0011049019707062146
0,0,0.00294263948790654
0,0,0.014883306322724138
0,0,0.4727083702548842
0,0,0.0005773198680846303
0,0,0.0001870346657697918
0,0,0.00014416972262552583
0,0,4.3865173339419635e-05
1,0,0.1963775509330087
0,0,0.00043898040565307813
0,0,0.06682096183812872
0,0,0.06528193319169025
0,0,0.00045151629894256694
0,0,0.00015714438569193906
0,0,6.270247803648264e-05
0,0,0.0003908372448052053
1,1,0.9986391619384823
0,0,1.0271039052742447e-05
0,0,0.000286886973684677
0,0,2.460449706428586e-05
0,0,0.000523942140826682
0,0,0.0046220261106988516
0,0,0.3321546564815865
0,0,0.02007447008536642
0,0,8.508772034223122e-05
0,0,0.00017987515856232185
0,0,0.00018444074976106212
0,0,0.005973414908622581
0,0,7.246901845884727e-05
0,0,0.01043764359246518
0,0,0.020593372305656422
0,0,0.2788423343220612
0,0,6.876410805344776e-05
0,0,3.327133064285968e-05
0,0,0.01599980772064279
0,0,0.18700347764277447
0,0,0.00042494957753530467
0,0,0.0004629915817884798
0,0,3.876956708309493e-05
1,1,0.9971661063632787
0,0,0.12467546906218348
0,0,0.00044103765880134857
1,1,0.9958135497711416
0,0,4.7745732321025345e-05
0,0,0.00045156832102044353
0,0,0.0002520017984804644
0,0,0.0002538602138473128
0,0,0.09152767243091967
0,0,3.116073941357259e-05
0,0,0.0022424987504922563
0,0,0.015154352387321362
0,0,0.0012049776555214469
0,0,0.013145580240564636
1,1,0.999963372977207
0,0,0.014262950854779376
1,1,0.9993085325130298
0,0,0.00013349328020774954
1,0,0.21067919689717182
1,1,0.9993751143333887
0,0,0.005824173849735412
1,1,0.9984227441527923
0,0,5.593124553026587e-05
0,0,1.8672493007193318e-05
0,0,4.673650716622458e-05
0,0,7.430073845051969e-05
0,0,0.0007596842718594723
0,0,0.00029852508296008396
0,0,0.0006129736808683418
0,0,0.0007684237829901407
0,0,4.557039658335158e-05
0,0,1.8662030499627274e-05
0,0,3.2815733200347505e-05
0,0,0.23994304758936502
1,0,0.07489767875326568
1,1,0.999406109352846
0,0,0.033072101897438935
0,0,0.0007969443103636656
0,1,0.647113168979474
1,0,0.3068590369240345
0,0,0.002895945176186089
0,0,0.015209907732562583
0,0,0.01195215859399595
1,1,0.9985575143779831
0,0,0.04143809077824121
0,0,8.430413360788784e-05
0,0,0.00028514933207797054
0,0,0.0005731735549362945
0,0,0.0004256507873474412
0,0,0.00022752010934408095
0,0,0.00025369150244655404
0,0,0.008943921582058317
0,0,0.04912476279037929
0,0,0.00017161773226386328
0,0,0.006450055547577112
0,0,0.2965940306169055
0,0,1.2626660304706904e-05
0,0,0.0850932683178754
0,0,0.17999731206794137
0,0,0.0005464026874056572
0,0,0.0004906438595540289
0,0,0.00011492619022042092
1,1,0.9984945022354522
0,0,0.0010404788538291015
0,0,5.2968291729692065e-05
0,0,2.2838293510880047e-05
0,0,0.00015254273315077813
0,0,0.0013451662087049989
0,0,0.003498008133683769
0,0,0.0007328403816267641
0,0,0.06579930266418826
0,0,0.0006470391999667229
0,0,0.00014962500211636746
0,0,0.01407000613701714
0,0,0.004718978280372782
0,0,0.00014724492503904017
1,1,0.9979175983954433
0,0,0.001863536000414176
0,0,8.456152716553034e-05
0,0,0.07431144723261611
0,0,0.000603865851563306
0,0,4.3472219151694174e-05
1,1,0.9970333010398389
0,0,0.00024779430034279563
0,0,3.4421007267159755e-05
0,0,0.026435738010526087
1,1,0.9984940691813285
0,0,0.00046481101495007084
0,0,6.0181208613183896e-05
0,0,0.06687759062144376
1,0,0.20463652370905208
0,0,5.427084816888065e-05
0,0,0.03702088733839527
0,0,0.026472336584240745
0,0,0.11734493237340682
0,0,0.025897764513566224
0,0,0.008974975519736354
0,0,0.0001318312934137748
0,0,0.00016621881383956175
0,0,0.0005455362800338666
0,0,0.022080854992706542
0,0,0.41034190992664005
0,0,0.01941239853539534
0,0,0.08047880888951142
0,0,0.00048391693797531946
0,0,0.3868676360298672
0,0,0.09336762888624328
0,0,0.0005813733381680242
1,1,0.9975270152043405
0,0,0.042605720284014305
0,0,0.00024122307311657184
0,0,0.0003570557547885189
0,0,8.89767177882208e-05
0,0,0.0003562244730881088
0,0,0.013339633088044615
0,0,0.0027230326286150686
0,0,3.0044861327606903e-05
0,0,0.001413795722502523
0,0,0.0839353397774796
0,0,0.0009894474034193384
0,0,0.0004917015910169318
1,1,0.9999061333298829
0,0,0.00013712144788742545
0,0,0.00013355334354612765
0,0,9.609901233196899e-05
0,0,0.00027018611472845867
0,0,0.00030338419837245206
1,1,0.9999446316506295
0,0,6.858503009435948e-05
0,0,0.0003631033138808621
1,1,0.9987961395381029
0,0,0.07176436500245441
1,0,0.32869887043007634
1,1,0.9976539695609484
0,0,0.01881191684211149
0,0,1.3627820604731105e-05
0,0,0.000134118416201397
0,0,4.984209980131315e-05
0,0,0.02099984288143516
0,0,0.00026671828771103657
0,0,0.002095855793965397
0,0,0.0002715635875864112
0,0,0.010016902251948734
0,0,0.0003883532684074768
0,0,0.0002772978540488258
0,0,0.22879530300712925
0,0,0.07015924233970093
0,0,1.4107408394440536e-05
0,0,0.0007633412944709869
0,0,0.00035317204871307184
0,0,0.0008106440458548768
0,0,6.307582063162464e-05
0,0,7.133002199164368e-05
0,0,0.00032527824293669254
0,0,0.00021007655942021286
1,1,0.9967368660567595
0,0,0.05709916815928495
0,0,0.0026904441141620446
0,0,0.19853548153225217
0,0,9.298540220489767e-05
0,0,0.0040915620389164395
0,0,0.00016200288337051382
0,0,5.609249689353636e-05
0,0,0.05605314259026403
0,0,1.6072912383454566e-05
0,0,0.00024908442671070036
0,0,1.4976830222774396e-05
0,0,3.2942123055425195e-05
1,0,0.19776503594775766
0,0,0.00019022071271985991
0,0,0.002958720403044629
0,0,0.0024288707282980196
0,0,0.0013387482620487998
0,0,3.5899323727198066e-05
0,0,0.05991631160663431
0,0,0.01145681276538411
1,0,0.01873286317535564
0,0,0.0015251278612284241
0,0,0.0006319699631833609
0,0,0.00017847407054624606
0,1,0.500679042161704
0,0,3.120028051085248e-05
0,0,0.004183238621757959
0,0,0.007549804506639733
0,0,0.0029502458827280393
0,0,0.00020338298125571234
0,0,0.00014698775176483588
0,0,0.0015675686576460492
0,0,0.00010886585144759515
0,0,0.00020672317400130115
0,0,0.0007350894053214776
0,0,0.0005023138486900961
0,0,0.023762146291718356
0,0,0.00011712375956178188
0,0,6.557347463401779e-05
0,0,0.0003332882163399214
0,0,0.010158217896291804
0,0,0.0009298551854310184
0,0,0.0001279493628629475
0,0,7.814447116777395e-05
0,0,0.016951245812470855
0,0,0.18029097083799447
0,0,0.0012042102700406852
0,0,0.06778840413889158
0,0,2.753297875780534e-05
0,0,0.00015963017108379022
1,1,0.9997553918629675
0,0,0.0003603225290726908
0,0,0.007449749531480284
0,0,1.0035278600647345e-05
0,0,0.0008122731571382837
0,0,2.2310931039414423e-05
0,0,0.013375149152619949
0,0,0.02658877372691216
0,0,1.558792796340394e-05
0,0,2.9067070249352577e-05
0,0,0.00851399688630903
0,0,5.3162438489328916e-05
0,0,7.179083078340164e-05
0,0,0.002173371398676325
0,0,0.00013181412497053488
1,0,0.422558981605214
1,1,0.9987860127636845
0,0,0.013367631182332546
0,0,0.026565882845128782
0,0,0.00020777074768515622
1,1,0.9990719997998957
0,0,0.00034370054331413533
0,0,9.643866191679122e-05
0,0,0.00015703721230847384
0,0,0.00011644120384462279
0,0,0.11678668540106611
0,0,0.0005194562648879385
0,0,8.353440964888739e-05
0,0,0.0006187188753438643
0,0,8.806685450804143e-05
0,0,0.002385448146185081
0,0,7.632985939787098e-05
0,0,0.00022171338885619378
0,0,0.0003389087095899038
0,0,0.0031535648289398805
0,0,9.079605439858133e-05
0,0,0.0011336502214752352
0,0,0.00017752752485448656
0,0,0.1158207476666027
0,0,0.0002561845751771377
0,0,0.37537014069933794
0,0,0.0008752571310006908
1,1,0.999783959901306
0,0,0.00088846864304947
1,0,0.258356289445343
0,0,0.0002177650931402393
0,0,0.0454581762601199
0,0,0.00011526652112876932
0,0,0.0003103462572830729
0,0,5.1374659104990245e-05
1,1,0.9986606111683765
0,0,0.01877431473626068
1,1,0.9988456090673972
0,0,0.00032531513524356847
0,0,0.05622091619399097
0,0,1.558792796340394e-05
0,0,0.1170905033124259
0,0,4.158218842124759e-05
0,0,0.03242610110374768
0,0,0.000813208100749137
0,0,0.00010859933248580197
0,0,0.0005773272474630369
0,0,0.0896599263194755
0,0,0.28055447363002867
0,0,0.0005180184095969375
0,0,0.00028708464476514563
0,0,0.00010627947461681658
0,0,0.0002623728655904345
0,0,0.12243166343518977
0,0,0.00015650488434809404
0,0,0.00023059773797856227
0,0,0.00047971839421799366
0,0,0.0008934530899187723
0,0,0.00014377917201792025
0,0,0.0002576352048191896
0,0,0.00020484436411055242
0,0,0.0005740409572268234
1,1,0.9999810587254968
0,0,5.2395375358466615e-05
0,0,0.0020723925556712583
0,0,0.005560560518501102
1,0,0.002008010729593507
0,0,0.036033687139724616
0,0,0.0004009134722498916
0,0,0.0013608511445355996
0,0,0.00010360143197242736
0,0,0.00019786751829565984
0,0,0.00010818928858500074
0,0,0.00034892437494069364
0,0,9.424848200020155e-05
0,0,0.24724201418985473
0,0,0.003292167017195877
0,0,0.001246361603683211
0,0,0.0009478673362610865
0,0,5.989225644460572e-05
1,1,0.9999360789627046
0,0,0.0003839484977661039
0,0,0.03526576590972871
0,0,0.010234805214309316
0,0,0.00013092112368176862
0,0,0.2525580694345994
0,0,0.21915797516885455
0,0,0.00017431639181790247
0,0,0.3324754072510234
0,0,0.09677278769349423
0,0,8.231049598555721e-05
0,0,0.0005999265438325854
0,0,2.4946817580944668e-05
0,0,0.12972407262822325
0,0,0.00021894159195324684
0,0,0.1577205912511073
0,0,0.03589532354007535
0,0,0.19031556200787048
1,0,0.40889251566137946
0,0,0.00038662885777654226
0,0,1.0288298837341891e-05
0,0,0.0007694936482072526
0,0,0.0001858921112943596
0,0,0.0001682477693797185
0,0,0.0011790566853023114
0,0,5.5833995140473496e-05
0,0,0.0005004113541841153
0,0,0.0014300663067682374
0,0,0.017873901756913092
0,0,0.1810938511363446
0,0,0.0005480781369046983
0,0,8.555702477994892e-05
0,0,0.031595109494204875
0,0,0.17370229897422462
0,0,0.008202131924144089
0,0,0.0002614913504777962
0,0,0.050747483634171926
0,0,0.00030308305742755495
0,0,0.006065038042788255
0,0,0.005543579157890084
0,0,0.010888065574286475
0,0,0.0003601764968187169
0,0,0.0007553619903475242
0,0,0.05835619018150604
0,0,9.04813336465568e-05
1,1,0.997813260725648
0,0,8.536990320450575e-05
0,0,0.000721941504780483
0,0,0.00013743341991038444
0,0,0.00040356919823790005
0,0,0.021290639443831774
0,0,0.0004475696175798208
0,0,0.018670767810518456
0,0,0.0001698483162385438
0,0,0.018433340499469573
0,0,0.00018379923149540857
0,0,0.017936756509215564
0,0,0.00016608079452167993
0,0,0.0007723346768518721
0,0,0.0006247849846201597
0,0,0.000272601231107911
0,0,0.00010897754219945074
0,0,0.10086983572826315
0,0,0.0012459293941896954
0,0,3.735849287797724e-05
0,0,0.20132855093293747
0,0,0.0567278120431255
0,0,0.028958118533905158
0,0,0.0009839206266429906
0,0,4.453369601877814e-05
0,0,0.00018129974359615291
0,0,0.1018819317851187
0,0,0.00019367001616928223
0,0,0.009287517600135053
0,0,0.00010555250775366643
0,0,0.017806790564514605
0,0,0.0005874328577018768
0,0,7.745595648879582e-05
0,0,0.0006865281069252452
0,0,0.0002892703227900843
0,0,0.0002472420249013369
0,0,0.001047037822515768
0,0,0.11236909868560555
0,0,7.044736800710581e-05
0,0,0.00043813528623128155
0,0,4.351749241613553e-05
0,0,0.03333065211349033
0,0,0.0016008428779720404
0,0,0.033376047422659254
0,0,0.0016883299511548137
0,0,0.00034081908699931315
0,0,0.26393341824961264
0,0,4.531740710754529e-05
0,0,3.337724361171593e-05
0,0,0.046346423412212574
1,0,0.038773245494846294
0,0,9.267848841435056e-05
0,0,2.0664878643432816e-05
0,0,0.014600645572162074
0,0,0.0011591312794512155
0,0,0.00675368638377064
0,0,0.0005810594206456256
1,0,0.11956016946731758
0,0,7.786545718925438e-05
0,0,0.0060399381437014725
0,0,0.10965166215046249
0,0,0.00022109485022899013
1,1,0.9979509598543719
0,0,8.268819294021787e-05
0,0,0.0006832464913324027
1,1,0.9999696703763044
0,0,0.02006184854913251
0,0,0.004293052140779376
0,0,0.00044000562340865287
0,0,0.0005056104470686797
0,0,0.08621660297560196
0,0,0.00027906262768342266
0,0,0.08977199186664024
0,0,0.005326105887347991
0,0,0.0011568308575837663
1,1,0.9989851327027092
0,0,8.051533847223744e-05
0,0,0.0004045909452270476
0,0,0.00027487651239326797
0,0,0.006125624217463533
0,0,6.458943537558353e-05
0,0,0.01847979232949953
0,0,0.0007117706256609264
0,0,0.003991626757266765
0,0,0.00033820130734630346
0,0,0.0002587571599252268
0,0,6.881704900351129e-05
0,0,0.03252487108482235
0,0,0.027890743116532564
0,0,0.028357074162135846
0,0,9.329887450990146e-06
1,0,0.05597866268447928
0,0,0.015443129801933532
0,0,0.0006573262952762968
0,0,0.12187024053776276
0,0,0.18587271663271457
0,0,0.000605130065323504
0,0,0.00014495348913442436
0,0,0.0001836551040665042
0,0,0.09056529233388776
0,0,1.824628221321274e-05
0,0,8.659727054372169e-05
0,0,0.0005359103594153692
1,1,0.9997349644370624
0,0,0.00016235849578145458
0,0,0.00044629358742979286
0,0,0.11826404652434014
0,0,0.0001886240144483805
1,0,0.01844274033505021
0,0,0.0002398976558151818
0,0,0.08409410321167604
0,0,0.00035206469624425883
0,0,0.10495516735039526
0,0,0.00010789731465772758
0,0,0.0009673994554387751
0,0,0.00018979896509788686
0,0,0.004071161311804374
0,0,0.0001485716751163303
0,0,0.021503726323535224
0,0,0.00031795045580697176
0,0,8.051068316125679e-05
0,0,0.1181317470191825
0,0,0.0009304835542164627
0,0,9.649760349507968e-05
0,0,0.0980443074182673
0,0,0.00014055938036609846
1,1,0.999947701335033
0,0,0.08812110989743871
0,0,0.00043210196378843133
0,0,0.00020710660283623482
1,0,0.17190498910630542
0,0,0.008137284504653656
1,1,0.9957140590268997
0,0,0.00035593466772466085
0,0,2.0056705384175853e-05
1,1,0.9934930485016652
0,0,0.000617460253149941
0,0,0.11629949793260178
0,0,0.15409702226139668
0,0,0.07583538170202354
0,0,0.011185959633794295
0,0,9.609901233196899e-05
0,0,0.0017809011599010675
0,0,9.582058344377143e-05
0,0,0.0001930188990905406
0,0,0.027964075999445975
0,0,1.822442137328062e-05
0,0,0.0001059106675310939
0,0,0.00034470344158628487
0,0,3.8278578183715296e-05
0,0,0.0004162108899808313
0,0,0.24327402628634598
0,0,2.7109348511934017e-05
0,0,0.0266998044931665
0,0,0.000295532833813164
0,0,0.00017161773226386328
0,0,5.316917586231017e-05
0,0,0.13148040532659908
1,0,0.04145012869858737
0,0,9.223907752136198e-05
0,0,2.217243779719754e-05
0,0,0.00018998097550951105
0,0,4.979887862569603e-05
0,0,0.0005944099070066625
0,0,0.06362433004745349
0,0,0.00016171357340629926
0,0,0.0007608964214785379
0,0,0.000999352826294331
0,0,0.2502963577338313
0,0,0.00010589868193736642
0,0,9.572312583556604e-05
0,0,0.00043813528623128155
1,1,0.9975506452823641
0,0,5.55407827627178e-05
0,0,0.14027748656835662
0,0,0.014399266136998922
0,0,0.028916749576553998
0,0,0.14224928462049757
0,0,0.05615224634218414
0,0,0.022270574625288746
0,0,0.00022153833737863178
0,0,0.00019960612000196365
0,0,0.14722431370737804
0,0,8.699708950751757e-06
0,0,0.00047716871540770317
0,0,7.150827340899913e-05
0,0,0.00034013794493101393
0,0,0.05024371026435845
0,0,0.00022166668751948508
0,0,0.0017962741689476786
0,0,0.0003181442472350118
0,0,0.0002966931516673805
0,0,0.0002627351789304022
0,0,0.0006992659397811185
0,0,0.27495280078043205
0,0,0.0011832969509740672
0,0,0.09061021000502702
0,0,0.020577674650385826
0,0,4.8319511451453674e-05
0,0,0.0003501983130279367
1,0,0.16215179755351872
0,0,0.00033402947743130663
0,0,4.9009845944581676e-05
0,0,0.0005071664230723623
0,0,2.9864342759094894e-05
0,0,0.010028829336352123
0,0,0.005960703151915432
0,0,0.00010726005268127098
0,0,0.0004158896097321072
0,0,0.011003720427113095
1,0,0.23197585815893368
0,0,0.15757892520243644
1,0,0.14117811731673896
0,0,5.316917586231017e-05
0,0,0.041732441709265586
0,0,8.322908533365429e-05
0,0,0.16483610642723004
1,1,0.9876099871325287
0,0,9.804214677840628e-05
0,0,1.2906967789296271e-05
0,0,0.00010609445878513485
0,0,0.25714209588559683
1,0,0.32190779942838676
0,0,0.0005293006198422376
0,0,3.970506794696292e-05
0,0,0.013546397189660763
0,0,0.05971262181500447
0,0,0.0002009066995485631
0,0,0.006149951910030094
1,1,0.9985165480673286
0,0,8.051068316125679e-05
0,0,0.0004346981874242911
1,1,0.9999887374391825
0,0,0.036508774055410066
0,0,4.473100221503477e-05
0,0,0.0006058827620419589
0,0,0.02458748152428677
0,0,0.003006184661190438
0,0,0.0072284011505280065
1,1,0.9999831227779765
0,0,0.00021339317042707033
0,0,0.12292255660711304
0,0,0.005321918280158552
0,0,0.006081310846556499
0,0,0.002683041940038994
0,0,0.007019902407589484
0,0,0.0006298087486874211
1,0,0.12514530266654464
0,0,2.6321818427513282e-05
0,0,0.012422097567130115
0,0,6.836858847725975e-05
0,0,0.002490065782302757
0,0,0.0015800944976565219
0,0,0.0003743503251091652
0,0,0.00034536226564931395
0,0,0.26568043685000736
0,0,0.2066950145906173
0,0,2.2104002572558395e-05
0,0,8.863420336309749e-05
1,1,0.9999703459629373
0,0,0.005241538039445945
0,0,0.0016103516453289638
0,0,0.00025534490673076324
0,0,0.00046269430009176
0,0,0.1762059747518243
0,0,0.0016915555347334279
0,0,0.023742981497739544
0,0,0.0002742619991942598
0,0,0.0001178066319681206
0,0,6.453985027595743e-05
0,0,0.0001855384275102595
0,0,0.0007965203329610101
1,1,0.9946905065198494
0,0,0.07963011230075613
0,0,0.0004792256636613943
0,0,0.0002580637697927614
0,0,0.07300677957979776
0,0,0.0003859477302488063
0,0,0.0005955206343967299
0,0,0.00031224313988141697
0,0,1.8417434192860058e-05
0,0,0.0004571743252717129
0,0,0.00024417529133479235
0,0,0.010965697275334862
0,0,0.0004822494980731453
0,0,0.00933757227947561
0,0,1.6114360677583928e-05
1,1,0.9984003119947022
0,0,4.585482221763894e-05
0,0,8.463816068314731e-05
0,0,0.010379230701976272
0,0,0.0006085252988026176
0,0,0.004632445957952009
0,0,0.18081550184523612
0,0,0.00035987732249900903
0,0,0.04441708185152828
0,0,0.00018587841575231335
0,0,0.0013294592934261428
0,0,0.003657307353709802
0,0,0.1068109603679183
0,0,5.636508178084315e-06
0,0,0.00036106606600970546
0,0,0.01174062142816099
0,0,0.0010135680873202887
0,0,5.920908119892079e-05
0,0,2.2241135969007357e-05
0,0,0.00027186498949689867
1,1,0.9983286429608824
0,0,2.0541005513845415e-05
0,0,0.0006230466343273446
1,1,0.9999862997549759
1,1,0.9984970071218825
0,0,0.01671127842320118
0,0,0.00010896324151611184
1,1,0.9993391089634378
0,0,0.00028081074774880595
0,0,6.494377907431097e-05
0,0,8.778968763815855e-05
0,0,0.19807856922563583
0,0,4.789783377143853e-05
0,0,0.0001922432673915683
1,1,0.9999758532728236
0,0,0.00011068520020793244
0,0,0.0014121596781618477
0,0,0.0001376266300168087
0,0,9.411326274734334e-05
0,0,0.038483668626716816
0,0,0.00010742313132933292
0,0,0.0015069198109547717
0,0,0.0729376732644445
0,0,0.0020512502719768895
0,0,0.012811917543680282
0,0,6.0831652015861144e-05
0,0,0.00014653035882720462
0,0,0.0014766297533059139
0,0,0.1575191516169145
0,0,2.4088196867730878e-05
0,0,0.0013014451144781152
0,0,0.03937786478955124
0,0,0.002339113049239292
1,1,0.9973622671318132
0,0,0.0004739956700586206
0,0,0.038191257210178096
0,0,5.803655406696945e-05
0,0,0.00030916154959992695
0,0,0.0023602799341545457
0,0,0.001215673853247315
0,0,0.08255968145641643
0,0,0.00011524538860102108
0,0,7.970130148043048e-05
1,1,0.9999907660884947
0,0,3.782285364086038e-05
0,0,0.00031392167022718846
0,0,0.0003807327080837134
0,0,0.02669741034350781
0,0,0.00031929213436408165
0,0,0.00036508170035809466
0,0,0.0005025115868477537
0,0,0.00025836280200736486
0,0,0.0002317127120442216
0,0,0.0001150386024715913
0,0,6.302004606396592e-05
1,1,0.9999757818422962
0,0,7.10801752550147e-05
0,0,2.6598395929942235e-05
1,1,0.9997691443877956
0,0,5.1005956289795625e-05
0,0,0.00017679308916592883
0,0,5.2394321048265826e-05
0,0,0.022574767571456406
0,0,0.00012864995813455533
0,0,3.328378707694147e-05
0,0,0.012182514781042094
0,0,0.0001520811337729551
0,0,0.4029235939124545
0,0,0.00017444411961767788
0,0,0.15000723284657067
0,0,0.00017999104320564255
0,0,0.0007813233228499098
0,0,0.02944270382517022
0,0,0.0008816229486678121
0,0,0.0009371289257017995
0,0,0.02712294028027724
1,0,0.09432557145822529
0,0,0.01503778433042113
0,0,0.11278860931604609
0,0,0.00019683916471015668
0,0,0.0004935024735728096
0,0,0.00042671550835110506
0,0,0.0004439567441029115
0,0,0.00042494957753530467
0,0,0.00498872357266348
0,0,6.579020325286951e-05
0,0,0.00013200607433669345
0,1,0.578179980228664
0,0,0.00018575713740248424
0,0,0.10521653644987942
0,0,0.0008593712317020542
0,0,0.14884365458211543
0,0,0.00012986716229243246
0,0,7.71361672984052e-05
0,0,0.000904037564478925
0,0,0.0004348216632876983
0,0,0.00045862204251335135
0,0,0.0009945280745927018
0,0,0.23751124759786446
0,0,1.1583107156038672e-05
0,0,2.0479879957063672e-05
1,0,0.33881567914674326
1,0,0.008022034363982673
0,0,0.0005650243127783127
0,0,1.622482125991722e-05
0,0,0.00019891239578143734
0,0,0.00013181412497053488
1,1,0.9999604871325145
0,0,0.004018084483286086
0,0,0.19467876972483922
0,0,0.004368580621319492
0,0,5.169055895845697e-05
0,0,0.009464704801416547
0,0,4.711953972452875e-05
0,0,0.0001778426904376569
1,1,0.998941418047275
0,0,0.00018185327330338635
0,0,0.00017756002638114532
0,0,0.015455329833031096
0,0,1.255538119708878e-05
0,0,5.1725120354184874e-05
0,0,0.0004183640070438239
0,0,3.1556910961047854e-05
0,0,0.05889312173272026
0,0,0.0010005611827126049
0,0,2.9864342759094894e-05
0,0,0.00025634747216115325
0,0,0.00026441205531876525
1,1,0.9974815944805304
0,0,0.024188971189492352
0,0,0.0003723465387503547
0,0,0.00012685495580985892
1,1,0.9988548692465008
0,0,0.016880838776042555
0,0,0.014985344593978593
0,0,0.007436230699024478
0,0,0.0001751223456726297
0,0,0.00018727568816932953
0,0,0.0007387246902622698
0,0,4.606080476116355e-05
0,0,3.804057796149404e-05
0,0,6.193448582001987e-05
0,0,0.037020691569135955
0,0,0.00011176954254224848
0,0,0.0011193555768329525
0,0,0.06589843099624897
0,0,0.026765235127739453
0,0,0.011987951558346263
1,1,0.990488449117119
0,0,1.2986804932713291e-05
0,0,0.00013597871650183158
0,0,0.00023418410356180536
0,0,8.548276527549515e-05
0,0,0.37934089485152866
0,0,0.0007171132762995805
1,1,0.9974489420094417
0,0,0.00037135008818517206
0,0,0.0017590538234745947
0,0,0.0006746052680877683
0,0,0.22441222248957818
0,0,0.001856117508164331
0,0,0.025586430591600873
1,1,0.9999725613232576
0,0,8.516323972111904e-05
0,0,0.0008296005777993824
0,0,0.00018393322014956405
0,0,0.00023284796231748465
0,0,0.0003343453418400104
0,0,0.0003369448301031156
0,0,0.000281152360005329
0,0,6.851202239220377e-05
0,0,0.3663115504753273
0,0,0.18132429025812571
0,0,8.268497401374887e-05
0,0,2.2741923922437748e-05
0,0,0.0001678337163934924
0,0,0.00040883838655101246
0,0,3.238430711654773e-05
0,0,3.3150277341650276e-05
0,0,0.0002651505181572173
0,0,0.31151657647846676
0,0,0.006867523969210134
0,0,0.0002341158791864696
0,0,0.00035471916168808754
0,0,0.34068392658980373
0,0,0.0006079990654648975
0,0,0.00044063751841044436
0,0,0.098785031146223
0,0,0.01438509552285584
0,0,8.683251807739969e-05
0,0,0.0005644658485057204
0,0,8.872797087925951e-06
1,1,0.999988705362823
1,1,0.9968763475778243
0,0,8.659727054372169e-05
1,1,0.9986895075250584
0,0,6.410258544063223e-05
0,0,0.0009140271272227677
0,0,3.18173733469323e-05
0,0,0.06865140439936551
0,0,0.00021969481590609655
0,0,0.014573932897445805
0,0,0.00016539381013588056
0,0,0.18685802915475028
0,0,0.0002718236047297333
0,0,2.9864342759094894e-05
0,0,0.00013429538721693304
0,0,8.541565948503901e-05
0,0,0.014177668869911477
0,0,3.887292675096031e-05
0,0,0.00041524701698477154
0,0,2.4474543009811903e-05
0,0,0.012812287910340187
1,1,0.9982895227515256
0,0,0.0005072521641198843
0,0,0.00029397859003123136
0,0,0.006113233939408211
0,0,0.37239005545264997
0,0,0.0002210254423985613
0,0,0.023870351764684418
0,0,0.06248963405456643
0,1,0.5585463220204218
0,0,0.00015304218315886719
0,0,0.0017890631385515119
0,0,2.7768871165718816e-05
1,1,0.9937829091847131
0,0,0.00014246683259258643
0,0,0.001064103546895038
0,0,0.006165058077628759
0,0,9.515406876479204e-06
0,0,1.95986169835773e-05
0,0,0.0002136669971484671
1,1,0.9991076620675745
0,0,0.00023592678700622743
0,0,3.181042324870064e-05
0,0,0.0005252834493220519
0,0,0.032625936488989656
0,0,0.00024779430034279563
0,0,0.0022507829618885066
0,0,0.0001932567285340245
0,0,2.1592024427004062e-05
0,0,0.029298282663768674
0,0,0.0003662572312176011
0,0,0.039073712529546535
0,0,3.140291356992075e-05
0,0,0.0010500197906442902
0,0,0.2144961438736425
0,0,3.71891870720591e-05
0,0,0.0004201397616895029
0,0,3.212684422928893e-05
0,0,0.061526386113234924
0,0,0.13357188869999412
0,0,0.032228234047999904
0,0,0.00010538580368230461
0,0,5.502036208216869e-05
0,0,4.956053913581116e-05
0,0,1.9617225092550703e-05
1,1,0.9984201133986055
0,0,0.00027993855820945883
0,0,0.19965728039015088
0,0,0.00014210841628276217
0,0,0.006168865267599773
0,0,0.01324290783178067
0,0,0.0004980131540386038
0,0,0.07444909596269689
0,0,0.0003021747473515244
0,0,0.045801961622366
0,0,0.0034534260243358488
0,0,0.356217665451372
0,0,0.006872046740629005
0,0,0.03958723993434462
0,0,6.805461327149439e-05
0,0,0.14017327016129533
0,0,0.008663437616692577
0,0,2.7875050125178107e-05
0,0,0.014441483028738433
0,0,0.15259464086258456
0,0,5.8426355035254017e-05
0,0,0.00021666167853366544
0,0,1.2626660304706904e-05
0,0,6.851202239220377e-05
0,0,0.039631356824485604
0,0,0.00019700027203246057
0,0,0.019229669641427784
0,0,9.329887450990146e-06
0,0,1.2233195632309722e-05
0,0,1.38538402311989e-05
0,0,0.00014928945915272513
0,0,0.0004700179205515045
0,0,0.0004709103127102889
0,0,0.0002106159974964179
0,0,0.0004711853748641351
1,1,0.9999780301398659
0,0,0.10444915642037629
0,0,0.0012750770793617
0,0,0.09175646805848173
0,0,0.0004301108364031472
0,0,1.287726483205478e-05
0,0,0.0006434917749148492
0,0,0.0001836551040665042
0,0,0.0937060604418956
0,0,0.00012537435590762497
0,0,0.00020235726664663035
0,0,0.00010646816321374643
0,0,0.11129659037030136
0,0,0.000319957365511711
0,0,0.0002051287202487497
0,0,9.74675209424979e-05
0,0,0.360653685032539
0,0,0.00012402459114145057
0,0,0.11741332056214944
0,0,0.020944428409753777
0,0,0.005758044112385967
0,0,0.0002336736171681887
0,0,0.00012122174263290871
0,0,0.018710212862847513
0,0,0.02775007902567132
0,0,0.006456515249182467
0,0,0.009883418463265084
0,0,0.011373401525162278
0,0,7.251814685466782e-05
0,0,0.00015358803645588363
0,0,0.0001241812854091121
0,0,0.00021294362800209789
0,0,0.004330091808816053
0,0,0.004319916010920485
0,0,0.00011148344478952309
0,0,5.395153403750887e-05
0,0,0.023979123446082856
0,0,0.0002611933377483615
0,0,0.0007948257529441928
1,1,0.9999842618172046
0,0,0.388106911355301
0,0,0.00012236482074479005
0,0,0.0755029788085829
0,0,2.5692957767219918e-05
0,0,0.012466338205862798
0,0,5.946940523019309e-05
0,0,0.005834654781697714
0,0,0.001773744550840249
0,0,8.516323972111904e-05
0,0,0.0005555803759356036
0,0,0.001906920253561131
0,0,0.08335178971118444
0,0,0.00022079847023796916
0,0,2.8727931318551386e-05
1,0,0.12147841031146722
0,0,0.39411919955338703
0,0,0.0007739077361722075
0,0,0.09591897461521452
0,0,0.00027320902285122103
0,0,0.0006865833623840799
0,0,0.0005357366816816919
1,1,0.9970264200732851
0,0,0.00028164054019474743
0,0,0.0005108145924059452
0,0,0.001261508145541805
0,0,0.012005003196851976
0,0,0.00017709177986322995
0,0,2.6559501737037254e-05
0,0,0.0003003280102067716
0,0,0.023627205900429177
0,0,0.015643564525542927
0,0,0.035915368090430486
0,0,3.6606841761518224e-05
0,0,0.0002872699116917007
0,0,0.23309853660757832
0,0,0.00194744657397047
0,0,0.0005435136193845131
0,0,0.0003740632847879119
0,0,0.004155321351840196
0,0,0.12423649120570067
0,0,8.785620769380539e-05
0,0,0.00021743827640729823
0,0,0.000254252860215157
0,0,0.06421653099028464
0,0,0.004060875333694406
0,0,3.1689572809517e-05
0,0,7.246901845884727e-05
0,0,0.00020991230978342028
0,0,0.028156045378748943
0,0,0.00032733341460165023
1,1,0.9999603587919091
1,1,0.9989586975336089
0,0,0.15274221663231072
0,0,0.07361982599649294
0,0,0.00017547605679707218
0,0,0.0023438071272340187
0,0,0.11175954293376152
0,0,0.004240541649787169
0,0,2.4608564761954686e-05
0,0,0.0008285689996476453
0,0,0.0027747117666786047
0,0,0.005662842977334485
0,0,0.0027859691926244217
0,0,0.00023466189463200557
1,0,0.3588506890872774
0,0,0.0003772514563471388
0,0,0.0006079242758874496
0,0,0.0002773393474417324
0,0,6.63894853361579e-05
0,1,0.5617079400531367
0,0,0.40455453371682487
0,0,0.10039829246036755
1,1,0.9999858751875722
0,0,0.052153730453734094
0,0,0.0014078716943408936
0,0,0.03442398421354339
0,0,0.12525923750160275
0,0,0.00013200796255459992
1,1,0.9999680414924933
0,0,0.29705700415696884
0,0,0.00036783305018511423
0,0,0.0007588623139800027
0,0,0.0005890799145750229
0,0,0.0003152784283954026
0,0,3.6186890709264e-05
0,0,0.11152043504364892
0,0,0.0001828890240879269
0,0,7.607931739347867e-05
0,0,1.2146762711590915e-05
0,0,0.0003715629928431564
0,0,0.17827339205472809
0,0,0.3142439282732994
0,0,0.1329722684164202
0,0,0.00025543396621284097
0,0,0.031663021012931655
0,0,0.00023917246341623494
0,0,0.00033836795786558064
0,0,0.012445087824992379
0,0,0.0019455867052257344
0,0,0.000485022196659722
1,1,0.9999768644376091
0,0,3.262406232886491e-05
0,0,6.472234772374342e-05
0,0,0.009135822971600377
0,0,7.984755221120745e-05
0,0,0.011216867343042999
0,0,0.4449535163841783
0,0,0.02526013111032726
0,0,0.0001758927823175254
0,0,0.0016915555347334279
0,0,0.027963996185070155
0,0,0.014107089278917654
0,0,0.06213961834647596
0,0,0.0002971298183165374
0,0,0.05361449543948542
1,1,0.9992311500190102
1,0,0.08440121603832053
0,0,0.0432038805162992
0,0,0.00018899469075664714
0,0,4.2183066555934035e-05
0,0,0.00032940722847062066
0,0,0.0005419575204430221
0,0,1.8867925655756104e-05
0,0,2.7910122366068096e-05
0,0,0.09984909251338438
0,0,0.020229785024307088
1,1,0.999964143206894
0,0,0.020122265951784703
0,0,0.05526365200220106
0,0,7.769358932573859e-05
0,0,0.00038143004689936486
0,0,7.702544003229728e-05
0,0,0.04108942652952884
0,0,0.00015873159824811
1,1,0.991972192457079
0,0,0.00019619215884512532
1,1,0.9988640021518145
0,0,0.02453499053664539
0,0,0.00028730532090986825
0,0,0.0005658910778394432
0,0,0.007798741988754749
1,1,0.9948518306059829
0,0,0.0005399318917178555
0,0,0.0001234799582137761
1,1,0.9992043658334632
0,0,0.00032396109286227375
0,0,0.0002592476207633569
0,0,0.26201341291341007
0,0,0.0001901241375144324
1,0,0.1969621931661307
0,0,0.00010044621794064049
0,0,0.00042494957753530467
0,0,0.007049414229288723
0,0,6.376441693833779e-05
0,0,7.607931739347867e-05
0,0,0.02770408419390739
0,0,0.00027956734393936493
0,0,0.00039318990754993175
0,0,0.0002528157753135235
0,0,0.001187221336897487
0,0,0.0017884999110194305
0,0,0.0015763131655388435
0,0,0.0016140619670242265
0,0,0.00016634583164083728
0,0,0.00024653220421242756
0,0,0.00021896687890502386
0,0,5.3035624343912795e-05
0,0,0.15369061814157448
0,0,0.007892224255533981
0,0,3.3594864540586145e-05
0,0,5.038305986546763e-05
0,0,0.00027694072280920365
0,0,0.00014699094105308686
0,0,0.00021832305087703455
0,0,2.226005993362193e-05
0,0,0.0010830620634612817
0,0,0.00010609445878513485
0,0,0.053428483064013495
0,0,0.0015690430637050944
0,0,9.525347175718231e-05
0,0,0.00027268883936534523
0,0,0.00032588837017345177
0,0,4.776417998455925e-05
0,0,0.00020224522548816502
0,0,0.0010733003380139665
1,1,0.999995084920862
0,0,0.0009545358027075238
0,0,3.604661285503373e-05
1,1,0.9859092826436032
1,1,0.9999273875834723
0,0,0.00012637880742736573
0,0,6.306453229886337e-05
0,0,0.00014588266864748705
0,1,0.8473622942428729
0,0,0.0023858154842747495
0,0,0.00013138196820967982
0,0,7.239814741404769e-05
0,0,0.0039044354480473127
0,0,0.042879663614092685
0,0,0.06589843099624897
1,1,0.9999711551586945
0,0,5.583603518009676e-05
0,0,0.0012437022950738518
0,0,0.005025663283225558
0,0,0.0005803562287773444
0,0,0.000519084439035156
0,0,6.469765247069918e-05
1,0,0.16825779873652855
0,0,0.0001212392533930085
0,0,4.600348135587477e-05
0,0,0.002164289344846427
0,0,5.752133516357067e-05
0,0,0.00020223988608899943
1,1,0.9909111724648934
0,0,0.00010235043432717825
0,0,0.21399652044525927
1,1,0.999051817926501
0,0,0.00017431639181790247
0,0,0.00011183919475542287
0,0,0.0012791019268316793
0,0,0.00011465670308688943
0,0,0.00022452930549910936
0,0,8.604008651644941e-05
0,0,0.11654613296776674
0,0,0.03702350959094858
0,0,0.016845297178944084
0,0,8.575169210654526e-05
0,0,0.4854257843695393
0,0,3.703802759822264e-05
0,0,0.0002356456007733702
1,1,0.9948181002073406
0,0,0.001095657489027632
0,0,7.279282660644458e-05
0,0,0.0006792919270942503
0,0,0.00015867310470377038
0,0,0.3900955776528443
0,0,0.016228956056574588
0,0,5.989225644460572e-05
0,0,0.0219499366841524
0,0,0.0001710947713475704
0,0,0.004929924279313361
0,0,0.0026324359417740596
0,0,0.0015477409570168984
0,0,0.0004408686145250908
0,0,4.182695670787057e-05
0,0,0.3143925822196769
1,1,0.9978725268228203
0,0,8.159374380928984e-05
0,0,0.14940358101837056
1,1,0.996714753869135
0,0,0.011158460926631041
1,1,0.9999283874361269
0,0,0.04340433615581213
0,0,0.02458723313670874
0,0,0.00044146331546631487
0,0,0.03960071460948659
0,0,0.027176328540467046
0,0,0.0011108120375567653
0,0,0.00010066094590518223
0,0,0.00037317606492633684
0,0,0.00868733909336783
0,0,0.08315108004260947
0,0,0.0781779564732838
0,0,0.01611256201283885
0,0,0.06697710914732329
1,1,0.9925186864138807
0,0,0.03425969823074952
0,0,0.005176773145978743
0,0,0.12272816731338392
0,0,0.0003675813744303621
0,0,0.0003982907900267772
0,0,0.00030442233489724014
0,0,0.002364765463984793
0,0,0.020505936802020577
0,0,2.7029898590394464e-05
0,0,5.999498896442482e-05
0,0,0.0002942540969762552
0,0,0.02055724370634382
0,0,0.00024358751645467717
0,0,0.0015194600197484945
0,0,0.0003333701249328552
0,0,0.0003221343040564857
1,1,0.999146594084062
0,0,0.11400276637300016
0,0,0.12903172155914705
0,0,0.0004792256636613943
0,0,0.03820669109681362
0,0,0.05525902800462644
0,0,0.13045128093443467
0,0,2.2525382180837506e-05
0,0,0.1100234643823645
0,0,0.008847517325304274
1,1,0.9974306040280925
0,0,0.0003579303798561737
0,0,0.0002052235669572907
0,0,0.23442425971227468
0,0,0.008035938619428628
1,0,0.2558453158804134
0,0,0.00033469068135939014
1,1,0.9999766504118582
0,0,0.05991631160663431
0,0,0.00013618676062554993
0,0,0.0005995906180991641
0,0,0.02378369324933731
0,0,9.267848841435056e-05
1,1,0.9999648900987322
0,0,6.851202239220377e-05
0,0,0.015767038112997393
0,0,0.0003573306075598272
0,0,1.1612600044301591e-05
0,0,0.001038904043804551
0,0,0.0001325513597114444
0,0,7.861038100073974e-05
0,0,0.10225227848439657
0,0,0.06600074126619608
0,0,0.003953196471361251
1,1,0.9986219463306509
0,0,0.014551160835364015
0,0,5.7493542620186014e-05
0,0,0.0006592271239461718
0,0,9.864150577892103e-05
0,0,0.0008261194871331209
0,0,0.31480185255035553
0,0,0.001201735327526826
1,1,0.9982388079972457
0,0,6.701006100356961e-05
0,0,0.00014908180898981586
0,0,8.328503828200005e-05
0,0,0.00046735230359243644
0,0,0.0006732032446480387
0,0,2.099799268508356e-05
0,0,0.00014724492503904017
0,0,0.0007574677369311911
0,0,0.00013227447284541936
0,0,0.0006784991321773102
0,0,0.014853559796176542
0,0,0.0002192042209901809
0,0,0.08019483927240459
0,0,3.858257794570689e-05
0,0,0.043270932397851736
0,0,0.0001369522323556167
0,0,2.3499998740722076e-05
0,0,0.00030560899740303974
0,0,0.2029812849218652
0,0,0.011615694060035358
0,0,0.00010818928858500074
0,0,9.135031636560096e-05
0,0,7.197782036167919e-05
0,0,0.0005294965586246777
0,0,0.02223383136116821
0,0,0.0059769441657501286
0,0,0.02656861092385845
0,0,0.0002346957560773148
0,0,0.0025007818865547555
0,0,0.0005888266331930723
0,0,0.33325066422630367
0,0,7.753365734158637e-05
1,1,0.9999393564974258
0,0,0.015074417540316564
1,1,0.9981862528734713
0,0,0.0021704610205673844
0,0,5.395153403750887e-05
1,1,0.9994789348117769
0,0,7.257512674484968e-05
0,0,0.0003070878902920639
0,0,0.06555433485149637
0,0,0.00013618676062554993
0,0,8.051068316125679e-05
0,0,0.21168843260622605
0,0,0.0006265212743555028
0,0,0.00011170526977642619
0,0,0.00039492195709270225
0,0,0.00019642501787217929
0,0,0.0024218857111064193
0,0,0.014421867434688112
0,0,0.03425656534387619
0,0,0.00033310652723631364
0,0,0.000520303874475592
0,0,2.5923514347236723e-05
0,0,0.025384419397751573
0,0,0.0007225547260411238
1,1,0.9984409384084878
0,0,0.0018317803085084428
0,0,0.0005531012856672907
0,0,0.12205804651487186
0,0,0.011249975626036326
0,0,0.0011760652977111576
0,0,0.00014314128231223344
0,0,0.0019431370652291749
0,0,0.09130240325650534
0,0,0.0001581912008393086
0,0,0.00027591980050690714
0,0,0.00016998974156015226
0,0,0.20413488303791727
0,0,0.06558021806905817
1,1,0.9950450218558683
0,0,0.0007462081676943935
0,0,0.0002915097590979945
0,0,2.925575958366441e-05
1,1,0.9977196127132494
0,0,0.00025298021625542067
0,0,0.013688505828468775
0,0,0.00010135583444131302
0,0,0.006861611705378779
0,0,0.0003292407306038222
0,0,0.0006230466343273446
0,0,2.9863703880629382e-05
0,0,0.20025999161847396
0,0,0.011469886079422027
0,0,6.917892917716931e-05
0,0,0.001110128166142567
0,0,0.0027230326286150686
0,0,0.00023727277562418192
1,0,0.4351274933856283
1,0,0.08281223496463685
0,0,0.00021001126059615508
0,0,0.03089114308844161
0,0,0.00020224522548816502
1,0,0.1745153810194675
0,0,0.028506306654114674
0,0,0.015851294549994913
0,0,0.00048688274320621256
0,0,0.00016099255726666805
0,0,0.0006178582277043998
0,0,0.0006555530252789985
0,0,4.810568083589652e-05
0,0,0.0006497850379502878
0,0,0.0003467653296248973
0,0,0.0005587786798077833
0,0,1.672011415612172e-05
0,0,4.3659768481744545e-05
1,0,0.22309356760659643
0,0,0.0003031699531045738
0,0,0.03082570377299315
1,0,0.0938801091355964
0,0,0.00010799011235078924
0,0,0.0015424240594863723
1,0,0.13107263497067523
0,0,0.009164519925918296
0,0,0.00011070442952256804
0,0,2.6559501737037254e-05
0,0,0.009531178970449765
0,0,0.00018337936406818083
0,0,0.01264422047893514
0,0,0.0017022861518208579
0,0,0.0016915555347334279
0,0,0.0027637488292353374
0,0,0.0004260790667598492
0,0,4.769329169222642e-05
0,0,0.0005708719632755979
0,0,9.330177389059251e-05
0,0,0.00046082875695446405
0,0,0.24085773329049803
1,1,0.9989712699760386
0,0,0.0002545539556595003
0,0,2.2440731889592224e-05
1,0,0.3035584244277366
0,0,0.0236233001557774
0,0,0.0003853587162015472
0,0,0.00016383496855548846
0,0,0.0005034558216221594
0,0,0.0020144665985895966
0,0,0.16756391088555492
1,1,0.9972873518678697
0,0,3.1693603096825555e-05
0,0,0.09411228286774784
0,0,0.03241841225115478
0,0,0.00039485504175002444
1,1,0.9970681229205378
0,0,0.00038517954658372216
0,0,0.00024417482347954345
0,0,2.41916094194674e-05
0,0,0.00036349080712497987
0,0,8.572923062388725e-05
0,0,0.00531837508160227
0,0,0.11409082400906864
0,0,9.187380436537881e-05
0,0,0.04144431131748861
0,0,0.00028230019656109735
0,0,0.0006681176608623807
0,0,3.10468771441724e-05
0,0,0.009689394898472346
0,0,4.581142259354287e-05
1,1,0.9941356070158012
0,0,0.006276605736506342
0,0,0.00015949849198282088
0,0,2.0499435084469806e-05
0,0,0.01991142935964307
0,0,0.04000173918313225
0,0,9.226167099485722e-06
0,0,0.02290030693711689
0,0,0.00011564410194738928
0,0,0.000264080688321048
0,0,6.0738849659985124e-05
0,0,0.08151675597920155
1,1,0.9990154769602264
0,0,2.2440731889592224e-05
0,0,0.0060261820317723275
0,0,3.045390329058622e-05
0,0,0.1361127375485291
0,0,0.016900104906171436
0,0,0.0036204337092827473
0,0,0.09145473540948247
0,0,3.474949260380446e-05
0,0,0.00018914477151508977
1,1,0.9935516665555165
0,0,0.00010270839239687765
0,0,1.95986169835773e-05
0,0,0.07857434112543396
0,0,0.08440121603832053
0,0,0.004347426465914844
0,0,0.0005686833518057966
0,0,0.00028041435395754035
0,0,0.039215573044424114
0,0,0.000652051309570381
0,0,0.00017417918341100275
0,0,2.0522258990298328e-05
0,0,0.00021001271147965002
0,0,0.0348565308406497
0,0,0.008528457254249642
0,0,0.00040709547650673447
0,0,0.00038121932000656863
0,1,0.5105489173368034
0,0,1.95986169835773e-05
0,0,0.00032783115146041273
0,0,7.114501208947028e-05
0,0,0.0036301747772820346
0,0,0.0014040167937021165
0,0,0.0006953746408423879
0,0,0.001061559232751047
0,0,0.29444984422281656
0,0,0.005298346423868501
0,0,0.0003968719340901253
0,0,3.8552063142147624e-05
0,0,0.0015156515024695575
0,0,0.002665861371779101
0,0,3.4158303688625944e-05
0,0,0.03751656597239355
0,0,0.0005366070692825592
0,0,5.366226652403526e-05
1,1,0.9980667857336802
0,0,0.0022496708431468675
0,0,9.712015816355798e-05
0,0,0.026913212613800634
0,0,8.643899467974882e-05
1,1,0.9977029676328487
0,0,2.453522170510636e-05
0,0,0.21908188787151298
0,0,0.0001884481262792738
0,0,0.0002758792655711527
0,0,0.0006029729058413936
0,0,0.0003160416768409731
0,0,2.7109348511934017e-05
0,0,0.006721411604820637
0,0,0.00015388806121171674
0,0,0.024147148607109287
0,0,0.00022765412871743554
0,0,0.00017091839454700603
0,0,0.0006711976663042081
0,0,0.01487013072459878
0,0,0.12308923009039804
0,0,0.0013608511445355996
0,0,0.00016330567241764704
0,0,5.311504000322115e-05
0,0,0.022963134899765463
0,0,0.0006834394065487375
0,0,1.5609225179331408e-05
0,0,5.920988799979148e-05
0,0,0.04867174075150657
0,0,0.04262005260310954
0,0,0.010901825302655143
0,0,0.00026356303028947375
0,0,0.23794497343822701
0,0,0.02954959076298001
0,0,4.4468396895962976e-05
0,0,7.044736800710581e-05
0,0,4.33437654988962e-05
0,0,0.04236260093621657
0,0,0.00012028406988086728
0,0,0.03175620531769068
1,1,0.9992306593590923
0,0,0.17757162561411752
0,0,0.00037462489405672275
0,0,0.0004811295772148204
0,0,0.25623420384428036
0,0,0.001101494674297453
0,0,0.0454996962521638
0,0,0.0012672551717695113
0,0,0.00030465727978317493
0,0,0.00011825878704764393
0,0,8.774310289350297e-05
0,0,0.2916811245058874
0,0,0.002302427655651394
0,0,0.0006062957451139564
0,0,0.0001059106675310939
0,0,0.0022097408826154473
0,0,0.0866625186526522
0,0,0.2652465649536804
0,0,0.00022120527345626727
0,0,7.900098929056121e-05
0,0,0.0001807901627920313
0,0,0.0009079957333594869
0,0,0.0001555194937971915
0,0,0.000644034740567565
0,0,6.192565544555119e-05
0,0,0.0002896513531820089
0,0,5.2308872436477873e-05
0,0,0.3265303062388073
0,0,0.0036084734723947497
0,0,0.0003506079221029281
0,0,0.0006450690725976634
0,0,0.0004890938322521882
0,0,0.00017445952955213076
0,0,5.8214691734531955e-05
0,0,0.0013281038234678778
0,0,0.08493192527650219
0,0,0.0003589968463191215
0,0,0.07711637623177105
0,0,2.454801894706394e-05
0,0,1.7954777387997184e-05
0,0,0.2892825060547615
1,1,0.9999933528884384
0,1,0.5770383646745257
0,0,0.00017814164471336485
0,0,0.0003271299523879446
0,0,0.15770507136403433
0,0,0.011591959802921877
0,0,0.2565039756449418
0,0,0.3135105195242184
0,0,0.14754673826011805
0,0,0.0017476408498132631
0,0,0.14888553360431225
1,0,0.11674879971829041
0,0,0.09281163840522069
0,0,0.04785432042822496
0,0,0.35890429742077307
0,0,0.00010512530271743405
0,0,2.5981648096739098e-05
0,0,0.0015958518430480904
0,0,0.014738645440772347
0,0,0.0021760921562892026
0,0,2.172871367421033e-05
0,0,0.00012434143746351963
0,0,3.851773356550696e-05
1,1,0.9999301790652183
0,0,3.1897825267321904e-05
0,0,0.0003213533665873499
0,0,0.27372379985190515
0,0,9.068719034705932e-05
0,0,0.02476724028635248
0,0,0.004266562796963744
0,0,3.060409900206374e-05
0,0,1.912036280175859e-05
0,0,7.044736800710581e-05
0,0,0.07071364726533365
0,0,0.04395702679974017
0,0,0.3879103369255277
0,0,0.0001855384275102595
0,0,2.9864342759094894e-05
0,0,2.600606705662236e-05
0,0,0.0008107536230742908
1,1,0.9973660150334093
0,0,1.558792796340394e-05
0,0,8.532717129275973e-06
0,0,0.0005052056707064944
0,0,0.00012117490868919068
0,0,0.00011331833607567485
0,0,1.558792796340394e-05
0,0,0.18049521839297542
0,0,0.0001142856173255092
0,0,5.237737983351157e-05
0,0,0.0007530116579907558
0,0,5.282163907633947e-05
0,0,9.239409248601899e-05
0,0,0.0008747117971265168
0,0,0.12093483120473986
0,0,0.0003387122827123965
0,0,0.17906183625953487
0,0,4.715149890873952e-05
0,0,0.00044993989537076386
0,0,1.0540166512571768e-05
0,0,0.00017412522571717246
0,0,0.00022776550457805365
1,1,0.9982222986645451
0,0,0.0007786580969310008
0,0,0.00017360764474588268
0,0,2.7109348511934017e-05
0,0,0.0001901241375144324
0,0,7.246901845884727e-05
0,0,0.021555199851198577
0,0,0.07015377044925429
0,0,0.26233023273197337
0,0,0.0006151906246721174
0,0,0.00010403349441106219
0,0,0.0007655508989937158
0,0,0.0002182468607184896
1,0,0.3923753373226238
0,0,0.00104287600851324
0,0,0.0004126925145091945
0,0,0.0007506365300171758
0,0,0.00807274215057057
0,0,5.092230685791678e-05
0,0,0.000362747901533741
0,0,0.0018466373479397676
0,0,0.018334281256810556
0,0,2.624941690614097e-05
0,0,0.00010227107834297897
0,0,0.00023342682847970504
0,0,0.0008126506347104517
0,0,0.024756331663773428
0,0,0.00018545104641955973
0,0,0.025114012787154492
0,0,0.00048639456908320094
0,0,0.2828929765982448
0,0,0.04230047334914517
0,0,0.0004165530815180122
0,0,8.521559877061453e-05
0,0,0.21603328146060327
0,0,0.00021136070798828555
0,0,0.0011760652977111576
0,0,0.4947949976006075
1,1,0.9999955630733334
0,0,0.001351932944786532
0,0,0.044963177168920884
1,1,0.9989308937310802
0,0,0.13797295895465822
0,0,0.0002556256966262385
0,0,0.00022248654429627096
0,0,0.00010366953641301354
0,0,0.002732018246072513
0,0,0.00011373325033845155
0,0,0.0005333905352563534
0,0,0.045823657709564924
0,0,7.664710071150763e-05
1,1,0.9987761705118877
0,0,0.0004294411625417009
0,0,0.0003492832392720089
0,0,5.877547531985201e-05
0,0,0.16651844381786585
0,0,0.00017676399109148628
0,0,0.0004118312958304047
0,0,0.000426886883622396
1,1,0.5697872292435032
0,0,0.000346907659222878
0,0,0.00012985354845884486
1,0,0.2908025420676714
0,0,0.005331042705761082
0,0,0.1578380226976844
0,0,0.00010636761938171252
0,0,0.0003050640997497953
0,0,0.00022563893698314728
0,0,0.0008182160116098192
0,0,0.160808315681886
0,0,0.013955321792375684
0,0,0.15128080789749843
0,0,0.17849526019921236
0,0,0.0074078239479859675
0,0,0.014098150701200511
0,0,0.00011331833607567485
0,0,0.10874603340141525
0,0,0.0001110012162557323
1,1,0.9999914371061558
0,0,5.1256943735234835e-05
0,0,0.008284668381216958
0,0,4.7198319632651074e-05
0,0,0.015028065004899805
0,0,0.05372911342355143
0,0,0.0002148696027391085
0,0,0.26034925988338553
0,0,3.988270107944968e-05
0,0,3.735255162376826e-05
0,0,0.010819999836050833
1,0,0.1865569883195429
0,0,0.0001528544000133862
0,0,1.4229112695811618e-05
0,0,2.583627394769692e-05
0,0,0.00014691560949346274
0,0,0.00018257343550031176
0,0,4.6664216318429145e-05
0,0,9.260465893847625e-06
0,0,3.4158303688625944e-05
0,0,0.0002682850846884612
0,0,0.015505256909034846
0,0,0.00017964937989232196
0,0,8.378080289694396e-05
0,0,6.922462520650866e-05
0,0,0.0002707097198585634
0,0,0.003448440131539935
0,0,5.261557217297934e-05
1,0,0.028739133688342994
0,0,0.00017233741243123736
0,0,0.00039630869722146616
0,0,4.943702599050534e-06
0,0,0.00023263016998522498
0,0,0.16358787930615673
1,1,0.9985823165436811
0,0,0.010669741687280576
0,0,0.00040453087355895895
0,0,0.0005119015711523608
0,0,0.0005491981933502869
0,0,0.00014446002381193312
0,0,9.532887866323685e-05
0,0,0.0014499230369311666
0,0,0.06417884982963705
0,0,0.008174853585035497
0,0,0.00010555250775366643
0,0,0.0015644137605342974
0,0,0.04927033276606406
0,0,2.9864342759094894e-05
0,0,0.00023033052717836154
0,0,0.06354399162052181
0,0,0.000555322963331088
0,0,0.030007602329618865
0,0,0.02089349579035169
0,0,0.15931570089569763
0,0,0.000498323558791755
0,0,0.00017229883698706663
0,0,0.00010935198366909909
0,0,0.03901560627105636
1,1,0.9967607547489893
0,0,0.00019239773510282138
0,0,8.792121013709825e-05
0,0,0.057637040940522216
1,0,0.23497705445631703
0,0,0.03143108675497767
0,0,0.0006967162453457551
0,0,0.00044381962987302426
0,0,0.00010609445878513485
0,0,0.10732866385320307
0,0,0.09109210373890587
0,0,0.00026913822939839685
1,1,0.9999835666893727
0,0,0.00027131451202714826
0,0,3.770235014183727e-05
0,0,0.0003342513246959332
0,0,0.02982764233286392
0,0,0.0004240915879341055
0,0,0.0005316510707640714
0,0,0.01160881101019429
0,0,0.00018128134567496303
0,0,0.06724296116613811
0,0,0.0002737584118079008
0,0,0.09811086257752007
0,0,0.028121332216938837
1,1,0.9987305062700198
0,0,0.03771372954575511
0,0,0.0020002535092604637
0,0,0.1836793649951417
0,0,0.0001867201114700464
0,0,0.0006515592509723429
0,0,5.338990735584959e-05
0,0,0.0005137560418011051
0,0,9.698711646412113e-05
0,0,0.009399979176264105
0,0,0.0011718103486490438
0,0,0.1165351125852339
0,0,0.026279536597949987
0,0,0.00023514712513979754
0,0,0.0005878172399115854
0,0,0.001072572120061006
0,0,0.0020281529321283425
1,1,0.999986745713101
1,0,0.17570245515420313
0,0,0.0011970549511317599
1,1,0.9984805731843189
0,1,0.5547466900325213
0,0,0.06156031845280228
1,1,0.9977859778991661
0,0,0.032655792135998944
0,0,2.3758888846570445e-05
0,0,0.00011941152604806821
1,1,0.9990257203246811
0,0,0.0031206031737524747
0,0,0.38802752850493055
0,0,2.9864342759094894e-05
0,0,0.00010546074035227881
0,0,0.006687261713487526
0,0,0.0001271011861782609
0,0,3.179685682463456e-05
0,0,0.0009958889206417324
0,0,0.012225949161868463
0,0,0.00010366953641301354
0,0,0.09737970151278533
0,0,1.95986169835773e-05
0,0,0.01673492971875411
0,0,0.0007433958082697066
0,0,0.015422514350476488
0,0,0.02329964836961044
1,1,0.993699374092427
0,0,0.00029971337438148145
0,0,0.3685545440512631
0,0,8.610547695760962e-06
0,0,0.143750208261159
0,0,8.582523799851418e-05
0,0,0.0005157022892281689
1,0,0.0968787255332106
0,0,8.908026988875186e-05
0,0,0.0007961684330606384
1,1,0.9990498551935985
0,0,6.106443816396035e-05
0,0,0.0017119408960421661
0,0,4.714315540866255e-05
0,0,3.910227574885677e-05
0,0,0.3898382896502871
0,0,0.0001478241944782037
0,0,9.61728683240495e-05
0,0,5.426934253593878e-05
0,0,3.90200111202332e-05
1,1,0.9981836842932937
0,0,0.0007253652573170667
0,1,0.5135790080789573
0,0,0.0012177061517506336
0,0,6.841635085145603e-05
0,0,3.724477637281972e-05
0,0,0.002601798200114482
0,0,0.009638360037533324
0,0,0.00017570223592749964
0,0,0.0861157007757552
0,0,8.231049598555721e-05
0,0,0.09503311348593352
1,0,0.2710422612017582
0,0,0.00023007965159329118
0,0,0.00012122440528697738
0,0,0.1522408299741175
0,0,4.956053913581116e-05
0,0,5.066881625025465e-05
0,0,0.005645618679161084
0,0,0.01865322846937662
0,0,0.0017814702043699596
0,0,0.4601540841253374
0,0,0.006147557677631667
0,0,0.0007941572772421912
0,0,2.9076545409823043e-05
0,0,0.028795052510921616
1,1,0.996505349670533
0,0,0.019883627525884417
0,0,0.02526883937302121
0,0,7.653113920982635e-05
0,0,0.0001130148784923688
0,0,1.95986169835773e-05
0,0,0.00039239386640468947
0,0,0.0003279978754790749
0,0,0.0004258968009855964
0,0,0.020245277429698755
0,0,0.0004036694151287215
0,0,0.0014875071167998039
0,0,0.36735222148507224
0,0,0.0001852237564768757
0,0,0.0008735275688493196
0,0,0.006123546203192856
0,0,0.00011507031148287861
0,0,0.00605224556998302
1,1,0.9987849412887799
0,0,0.0006447195255087315
0,0,0.048677417101769496
0,0,0.04202053595701316
0,0,9.808073538966698e-05
0,0,0.0001873757359768277
0,0,0.00047746932073525813
1,0,0.27718272601250477
0,0,0.00013740349091629782
0,0,0.10859232518118152
0,1,0.5060865862745171
0,0,0.004531316534232956
0,0,0.06976283517639637
0,0,0.00024015936042657838
0,0,0.000500157778704508
0,0,0.001201735327526826
0,0,0.05552251340239104
0,0,0.0001606786731653621
0,0,0.00027769815056698623
0,0,0.0002400320117159448
0,0,0.0807926570154111
0,0,0.0001614714842355985
0,0,0.0124051257106434
0,0,0.00026161495308108564
0,0,0.00032077381738763327
0,0,0.00038496631207115417
0,0,0.15319044409840712
0,0,0.005511990405460465
0,0,0.00027833186022221436
0,0,0.0007030920547317002
0,0,0.14061898300285314
0,0,0.012639773392666897
1,1,0.9991658971109315
0,0,2.005132973794958e-05
0,0,0.0003753597806559453
0,0,0.0012171947558600633
0,0,0.0007996613735821974
0,0,0.005604704745679103
0,0,1.95986169835773e-05
0,0,0.0004970643957845095
0,0,0.10492829679086714
0,0,0.00036445698201061403
0,0,0.17444399253292728
1,0,0.12285927188458744
0,0,0.0002022763611487204
0,0,0.06333639290498594
0,0,0.00010889346523701938
0,0,0.0004134965729952517
0,0,0.0006394742903749233
0,0,0.015644801643318888
0,0,0.0006618567584606533
0,0,0.06533514469146764
0,0,0.0005380908180189085
0,0,0.0001539365553940564
0,0,0.017428417401784857
0,0,0.0003654079386213437
0,0,0.0012997433173142737
0,0,8.903878373079063e-05
0,0,0.37285008031476774
0,0,0.00177980000788932
0,0,0.00023145112783636522
0,0,9.864150577892103e-05
0,0,0.0554140212414004
0,0,0.00012080854757762823
0,0,0.0002549771469777206
0,0,0.038295514283955466
0,0,0.0006022704701159077
1,1,0.9940469106820232
0,0,0.00012288260718555503
0,0,0.0005787855901491477
0,0,0.058810579427101516
0,0,0.002864550042714055
0,0,0.021065680748582036
0,0,7.161391033173807e-05
0,0,0.2812388806769436
0,0,2.9864342759094894e-05
0,0,6.869443312726091e-05
0,0,0.0013529131062597706
0,0,0.0004210664353490703
0,0,0.010175853338968012
0,0,8.238181485858485e-05
0,0,0.00024324989052860278
0,0,0.014450898714047094
0,0,0.09674869541585719
1,0,0.32182323266627194
0,0,7.045958715210177e-05
0,0,0.0012315145243594016
0,0,0.00010777644923682903
0,0,7.756023851468937e-05
0,0,0.0007641681330930604
0,0,0.0009884455046662442
0,0,0.0004208689699052734
0,0,0.00010917191768374649
0,0,0.0003038565779754303
0,0,2.400170081605949e-05
1,0,0.029239575392372173
0,0,0.00014156617082781487
1,0,0.05730407898730351
0,0,0.00016606244647474853
1,1,0.9990289931340894
0,0,0.002190841840102161
0,0,0.0002317701930811161
0,0,0.00013743341991038444
0,0,0.0001568851165339702
1,0,0.16057049403472995
0,0,0.00010025547544222934
0,0,0.0017970812316799986
1,0,0.406562217891461
0,0,0.028710164537995016
0,0,0.019137394650361062
0,0,9.008826974104676e-05
0,0,0.00014259582699725553
0,0,0.00040079243501037307
0,0,0.00016049905192120712
0,0,0.00013349421111013762
0,0,0.020203187448367434
1,1,0.9992643513822944
1,1,0.5997198564265127
0,0,0.006153732327471868
1,0,0.07373264062530634
0,0,0.23436596354418454
1,0,0.2726473204873822
0,0,0.008949596786392166
0,0,0.10984751302887166
0,0,0.37926656249046453
0,0,8.816442575662374e-05
0,0,0.050415166501837826
0,0,0.0001209404792389799
0,0,1.0035278600647345e-05
0,0,0.00025993225646891874
0,0,0.0002000574967934112
0,0,9.130768889718982e-05
0,0,1.829203965028361e-05
0,0,0.00033534929367225956
0,0,6.07284029226889e-05
0,0,7.244380261625078e-05
0,0,0.0005375605694721995
0,0,0.06424789067575998
0,0,0.005775919495926305
0,0,0.0009429892824414597
0,0,0.001661002975427234
0,0,0.02194335574342513
0,0,0.0011543125967396926
0,0,0.0011383451348809018
0,0,0.0013465549319836552
0,0,0.060666789797928763
0,0,0.0002801065046778201
0,0,2.41916094194674e-05
0,0,0.0011233165144996404
0,0,6.670705512930892e-06
0,0,2.9149439560866595e-05
0,0,0.0008204768269328026
0,0,0.0001805321629333656
0,0,0.0006884203589298429
0,0,0.012997612933530954
1,1,0.9990978132162713
0,0,0.0001984338688111388
0,0,6.683966885345876e-05
0,0,0.00014046644040107954
0,0,0.017874959213325325
0,0,0.063840758796323
0,0,6.562932441635784e-05
0,0,0.00019219622731197428
0,0,0.00017588248138453708
0,0,4.911055018421799e-05
0,0,0.1361460516197854
0,0,0.0005801824709504858
0,0,0.16118990062541783
0,0,0.002812329930831192
0,0,0.0006141218443189327
0,0,6.657317584923229e-05
0,0,0.06897950191159564
0,0,2.244477045631623e-05
1,0,0.11064662894530106
0,0,1.637072415648015e-05
0,0,0.09916695763884266
1,1,0.9995672312126898
0,0,0.00016799469178532396
0,0,0.00036941767574216814
0,0,0.0017079874363342973
0,0,1.0115863570361935e-05
0,0,4.6042403418456346e-05
0,0,0.0013920630893823939
0,0,0.006200571748699188
0,0,0.00018008974526608336
0,0,0.048273787325307516
0,0,0.0005836452458951091
0,0,0.008913089309769738
0,0,0.22372910852324934
0,0,0.0031914026740846677
0,0,0.00033791888176833737
0,0,7.477548935134341e-05
0,0,0.00015051007500093195
0,0,0.00011757507015717687
0,0,0.01043448546599795
0,0,0.00038015281693990405
1,0,0.12236623260824953
0,0,0.0008350899401836561
0,0,0.0005206901920064449
0,0,0.00014219940712447465
1,1,0.7873151958234315
0,0,0.0007426998620365417
1,0,0.38710879042657537
0,0,0.00016002438500683586
0,0,0.0002745864405840609
0,0,0.08979448193457312
0,0,5.5946276882823726e-05
0,0,0.00010025547544222934
0,0,0.012554634355844658
0,0,0.03607702157404333
0,0,2.0122858224313466e-05
0,0,0.00037889040273519036
0,0,0.00011899377341417704
0,0,6.15536127647526e-05
0,0,1.902602679093269e-05
0,0,0.0002248567671923484
0,0,0.00022290474988144685
0,0,0.0028886851308375736
0,0,0.0012201186648281765
0,0,3.653212698235162e-05
1,1,0.9985580795990312
0,0,0.0001950681188006697
0,0,0.1522408299741175
0,0,0.0003191103200501939
0,0,6.476492482753449e-05
1,1,0.9981809540407764
0,0,0.00020702723048717403
0,0,0.09649893638642137
0,0,0.0005715815273352673
0,0,0.023075360811722324
0,0,0.009004990922906415
0,0,0.07979895353779325
0,0,0.00013394115670898514
0,0,8.998117012217026e-05
0,0,3.136076941018084e-05
0,0,3.104302773560127e-05
0,0,0.011554110906792226
0,0,0.00020350694048009303
0,0,3.1495439881206115e-05
0,0,0.11338524856019917
0,0,0.4572589167768652
0,0,6.072585513821108e-06
0,0,0.00023258788461345017
1,0,0.028331704739681128
0,0,7.287545535823553e-05
0,0,0.18471078663540746
0,0,4.689636936265686e-05
0,0,0.0005891435404958833
0,0,0.0003317615855906177
0,0,0.0001318695549297234
0,0,0.000353622949615374
0,0,0.00030543525513317046
0,0,0.0010212767949408328
0,0,0.00013546711362555805
0,0,5.5098590067534513e-05
0,0,0.00021167394232189234
0,0,0.00025494374009487686
0,0,0.16225100872129894
0,0,0.01618853277815318
0,0,0.00019010527745870064
0,0,2.0608927031564665e-05
0,0,0.00016298551220385695
0,0,7.674131643668927e-05
0,0,0.03058759876934166
0,0,4.4238398761540226e-05
0,0,0.0006658077555468463
0,0,0.002732018246072513
0,0,0.00018975225324126778
0,0,0.006200054732798935
0,0,0.0003698121602671428
0,0,0.0026352859660878462
0,0,0.00012509511074402613
0,0,0.0067661473360345475
0,0,0.0002387596206184044
0,0,0.00018565620651646156
0,0,0.07079167899109529
0,0,0.00015336666859760027
0,0,0.008597506193000237
0,0,0.08158197375407104
0,0,2.151139431704847e-05
0,0,0.06213003819317598
0,0,0.03151878334953879
0,0,0.00849974604448089
0,0,0.00015435555514972478
0,0,5.230767445345961e-05
0,0,7.338989590486868e-05
1,1,0.9999944560097832
0,0,5.205015842661436e-05
0,0,0.00040088479355644647
0,0,2.849920547487789e-05
0,0,0.01666079574141648
0,0,0.00015540101215821375
0,0,2.664416012397982e-05
0,0,0.0002033043917253119
0,0,0.0009102006880529
0,0,0.08082686833224462
0,0,0.00044082799380763354
0,0,0.00043457533262485087
0,1,0.5748770024494178
0,0,0.00019816758396870522
0,0,6.215795769779128e-05
0,0,0.0001079931909751083
0,0,5.709058548602534e-05
0,0,0.0015085763107941113
0,0,0.0010030229167936485
0,0,0.00013510683825204717
0,0,0.0013803174429024598
0,0,0.00011266486234440926
0,0,5.605806958264419e-05
0,0,3.8278578183715296e-05
0,0,2.5923514347236723e-05
0,0,0.0005624143761578654
0,0,0.0001298736246922595
0,0,0.029817352948908117
0,0,0.00687686244422402
0,0,0.05852407350360638
0,0,0.00043851456969002707
0,0,0.0003765979268945988
0,0,0.10196359442183463
0,0,0.00022732978883502315
0,0,0.22744773117208755
0,0,0.015527054223918188
0,0,0.03005708814741311
0,0,0.40977886159143695
0,0,0.04855968018216437
0,0,0.0028659313010539885
0,0,6.822868925282383e-06
0,0,0.00015143908996172292
0,0,0.0002027096199181017
0,0,0.0005895035716830696
1,1,0.9999834971915383
0,0,1.5194506598502562e-05
0,0,0.0005240506397759271
0,0,0.007551902791013826
0,0,0.0002626406699466232
0,0,4.3716005643400806e-05
1,0,0.007861819164581656
0,0,0.17605125149981118
0,0,0.0006711190188049721
0,0,0.0009501112841410283
0,0,0.08346524220553175
0,0,0.019712002648601203
0,0,0.00019543637737451532
0,0,0.00017950510757188274
0,0,0.05286310341508481
0,0,0.04803609804060754
0,0,8.898799137299047e-05
0,0,8.33500073510182e-06
0,0,2.3738205848465567e-05
0,0,0.17903005079147202
0,0,0.00016367985834217714
0,0,6.19932237626446e-05
0,0,0.0017962741689476786
0,0,0.0012418227507818233
1,0,0.15180543477587705
0,0,0.00040664458578566607
0,0,0.048551312120212166
1,0,0.29772696528806436
0,0,0.00023115556262398292
0,0,0.2369851979511078
0,0,0.0004708577731820463
0,1,0.6204696562929116
0,0,4.6176294788357495e-05
0,0,7.085843017828587e-05
0,0,0.18984727592063166
0,0,0.0016253528846612178
0,0,0.0043385649304332075
0,0,0.2587136667202555
0,0,0.00033808201968234567
0,0,0.06555433485149637
0,0,5.316917586231017e-05
0,0,0.0018367841806620272
0,0,0.07402843986305999
0,0,0.0006446610090954744
0,0,0.0003961113683611703
0,0,0.0007759712708587434
1,1,0.9924313817315046
0,0,0.03001839490132032
0,0,0.08127846947495086
0,0,0.0005255873596020676
0,0,0.012430431117778747
0,0,2.7109348511934017e-05
0,0,0.0003185439083592543
0,0,0.00023605400741068955
0,0,0.00032763828752269456
0,0,0.0004764747473699743
0,0,0.027311916501977316
0,0,0.010375476781365703
0,0,0.0009143723838188374
0,0,0.0038195246788414526
0,0,0.0003362700065187918
0,0,0.000648976475376436
0,0,4.5747774336087425e-05
0,0,0.16874834583880344
0,0,8.329098190430604e-05
0,0,3.6848159849302364e-05
0,0,0.061340492301504984
0,1,0.6558044839937522
0,0,0.008289814437585547
1,1,0.9999808811271538
0,0,0.0003662239832339618
0,0,0.0005553405194821874
0,0,0.000377128728692976
1,0,0.06930971489037073
0,0,0.0003469653387006989
1,0,0.038425822535478805
0,0,0.02402553759344226
0,0,0.04844590583062721
0,0,0.11406846161374629
1,0,0.12972580338778414
0,0,5.6123044506483396e-05
0,0,0.006295217809559303
0,0,3.10468771441724e-05
0,0,1.8867925655756104e-05
0,0,0.00032675314463310984
0,0,1.4361893929775006e-05
0,0,0.006415270995786295
0,0,0.0001168483288543497
0,0,0.16733971555085794
0,0,0.02644318291893876
0,0,8.33500073510182e-06
0,0,1.8853180548047582e-05
1,0,0.3388710714053362
1,1,0.9999981704428595
0,0,0.00018700144989935232
0,0,5.605973202835661e-05
0,0,0.037531523729856284
0,0,0.00034470344158628487
0,0,0.04706636058346547
0,0,0.0004431856832006145
0,0,0.0011969006019915257
0,0,0.027243175081749147
0,0,0.00020345543829457472
0,0,0.003878225019014041
0,0,0.00012662937107011917
0,0,0.04728366157714989
0,0,0.11643376799603081
0,0,0.0001262471386075477
0,0,7.568899023111313e-05
0,0,0.00014203362138068168
0,0,2.0219801064698933e-05
0,0,1.7642846671820844e-05
0,0,4.126640391365166e-06
0,0,0.08854745842891422
0,0,0.0008391939038629175
0,0,0.009065186118017321
0,0,0.00037451545739066746
0,0,6.297092691011766e-05
0,0,0.010117341735455245
0,0,0.09334321906152276
0,0,5.722089624570572e-05
0,0,0.0012744484631738533
0,0,0.0004371119048956001
0,0,3.1617909491214896e-05
0,0,2.1789232336633765e-05
0,0,0.009022089177847054
0,0,2.3738205848465567e-05
1,0,0.3626612742447872
0,0,0.00010968151598312413
1,1,0.9996123868048894
0,0,0.00017591057847237185
0,0,9.894792092062016e-06
0,0,3.3345036358737595e-05
0,0,0.18029097083799447
0,0,1.4371460287084054e-05
0,0,0.0325834603083818
0,0,6.0831652015861144e-05
0,0,0.000285217647685052
1,1,0.9991011190110782
0,0,6.916934086851838e-05
0,0,8.260204712465045e-06
0,0,0.00020723964641115457
0,0,0.1122144704854914
0,0,0.023094488306073656
0,0,0.005604704745679103
0,0,0.02375467086802387
0,0,0.000709435399659956
0,0,0.0029942626166028653
0,0,9.297096667720268e-05
1,1,0.9916394752532811
0,0,0.0003272682928623569
0,0,0.03763319668108751
0,0,0.013751811381799402
1,1,0.9999368037177574
0,0,0.00040671218326260175
0,0,0.0006304195103993159
0,0,2.3091834440658514e-05
0,0,2.113886318015954e-05
0,0,0.012050760027456763
0,0,0.0005394231425763557
1,1,0.9979552484650069
0,0,0.0003309582634300979
0,0,0.019447560104192067
0,0,0.00017395520095654456
0,0,0.004935252734383032
0,0,0.06174891410069432
0,0,6.0702583129124715e-05
0,0,0.0009006820425830443
0,0,7.446200332910688e-05
0,0,0.0009597309821937194
0,0,0.059465418434972994
0,0,0.22536809089150472
0,0,0.0003151311161358686
1,1,0.9974101013548392
0,0,0.00392146173732293
0,0,0.000622730996793324
0,0,0.00023973906296097887
0,0,0.0002771343460266636
1,0,0.33458322586269673
0,0,2.3738205848465567e-05
0,0,0.00014416972262552583
1,1,0.9960754830821581
0,0,2.6101019792302366e-05
0,0,0.0007641308705437921
1,0,0.027576694769396646
0,0,0.0023219416239248524
0,0,0.1325310474007445
0,0,5.887789207074553e-05
0,0,0.4384611007743833
0,0,0.2450627062256569
0,0,0.00039552118326633746
0,0,0.0073600146748350895
0,0,2.2152909411575068e-05
0,0,0.000240940235405071
0,0,0.0004415094513591043
0,0,0.06214342847191605
0,0,0.0005890949952498807
0,0,7.515220928504535e-05
0,0,7.091558058398075e-05
0,0,0.012574546792285098
0,0,0.00022976129099449636
0,0,0.005862537960535601
0,0,0.00024077943174365682
0,0,0.00015141626882910332
0,0,0.005156025807387861
0,0,8.485549146606256e-05
0,0,0.06987081170515934
0,0,3.8775640672599656e-05
0,0,1.2906967789296271e-05
0,0,0.15865315106773412
0,0,0.00010025547544222934
0,0,0.004097239114925442
0,0,0.00010040102845440137
1,1,0.9999915981354698
0,0,0.01068804705536677
0,0,0.0003524688220642266
0,0,2.9866535974378766e-05
0,0,1.95986169835773e-05
0,0,0.037670249317985856
0,0,8.913123358731454e-05
0,0,0.0985514986296012
0,0,3.8909911044641084e-05
0,0,0.0025086274623487984
0,0,2.3738205848465567e-05
0,0,0.0004690684534351649
0,0,7.193425941802692e-05
0,0,1.95986169835773e-05
0,0,0.04147677299779128
1,1,0.9980953990115202
0,0,0.0003075384171788161
1,1,0.9986362980946142
0,0,0.19994333160441283
0,0,0.0008530949503972836
0,0,0.013717509295190871
0,0,0.0012783751803897069
0,0,3.8278578183715296e-05
0,0,0.05546625330125934
0,0,0.00017794594583476174
0,0,9.759450356047347e-05
0,0,0.20117522821342382
0,0,0.0001443602144667222
0,0,0.00043632615151346124
0,0,0.2520132468863601
0,0,0.0008440029045031252
0,0,7.546821147120891e-05
0,0,0.03443124802600146
0,0,0.010709934009808256
0,0,0.00013200796255459992
1,0,0.1935619451069141
0,0,0.0005068847968658749
0,0,0.00020655972294819034
0,0,0.004788215163418537
0,0,0.008425036828421372
0,0,0.008331182885021028
1,1,0.9954536014812841
0,0,0.00017094299595142243
1,0,0.09028215692494658
0,0,0.0009853071788575945
1,0,0.381256469598348
0,0,0.18631406463819725
0,0,0.02038097156093469
0,0,0.3471163075081964
1,1,0.5526100481607412
0,0,0.008351663646799347
0,0,0.0001906749678421809
0,0,0.011215113302590451
0,0,2.7733349554610606e-05
0,0,0.0002209421766058194
0,0,7.882996073367843e-05
0,0,3.2405513316344826e-05
0,0,4.769904508044664e-05
0,0,0.00020762089026841568
0,0,0.00022200297968440373
0,0,0.00010266002799214805
0,0,0.004182185370340463
0,0,1.9808317234113748e-05
0,0,0.008129088484013126
0,0,0.0004210439187568713
0,0,0.44966161329964366
0,0,1.112914443693511e-05
0,0,9.217365422938478e-05
0,0,0.0001819815952950709
0,1,0.6483821766535655
0,0,0.0004569297382929174
0,0,0.0008828937855474128
0,0,0.0022271639845878907
0,0,6.244467203005414e-05
0,0,8.628902689318767e-05
0,0,8.301371597924854e-06
0,0,0.00020026937451996692
0,0,0.00013349328020774954
0,0,0.00019974144278714074
0,0,0.00010545554237104314
0,0,0.00013349328020774954
0,0,6.251720001385109e-05
0,0,0.3928443636632914
0,0,3.540283828786778e-05
0,0,0.18357279034884078
0,0,0.000794573743951619
0,0,0.00026304925892986324
0,0,0.0394599587394834
0,0,0.00010936970784340546
0,0,2.0522258990298328e-05
1,1,0.9973631756967848
0,0,0.00039953884687814265
0,0,0.0005256588814333388
0,0,3.908807043016409e-05
0,0,0.00021463690773618495
0,0,0.0022680768600036355
0,0,0.0006272320478325782
1,0,0.03446338076981325
0,0,5.6256638209763505e-05
0,0,0.008507186053439662
0,0,0.0007201255267785051
0,0,0.017461794200506135
0,0,0.14540716766746692
0,0,8.361434982552187e-05
0,0,0.0010120544196842286
0,0,0.00016899864976368612
0,0,7.720097361873254e-05
0,0,0.0001297353407071741
0,0,0.0004028007232147263
0,0,0.007828375466662856
0,0,0.0018360395863012747
0,0,0.000766514449609178
0,0,0.00010555250775366643
0,0,0.0004811295772148204
1,1,0.9980172083745154
1,1,0.9981326753251956
0,0,0.21675355477714697
0,0,0.0016817402455343907
0,0,0.004361892441848913
0,0,0.47438715902532436
1,0,0.3416617668133945
0,0,0.0004253123104323865
0,0,0.0008564908877123616
0,0,0.0004348418808323687
0,0,3.104302773560127e-05
0,0,0.19824821142374024
0,0,0.00014339644052318922
0,0,1.4461826412139682e-05
0,0,0.01056930005431059
1,0,0.4845114659903492
0,0,0.0013804986397325763
1,0,0.09435446796318966
0,0,0.012120767707214953
0,0,0.000809150030392068
0,0,0.0019510379308971296
0,0,9.362866368456171e-05
0,0,0.00016494785067897383
1,1,0.9999805132650093
0,0,2.7109348511934017e-05
0,0,0.05111322363761708
0,0,0.000865121399342455
0,0,0.025273279493723322
1,0,0.1988354229307219
0,0,0.17130388080228517
0,0,0.10226510552419536
0,0,0.01867141088564925
0,0,1.8440785583668747e-05
0,0,1.3320461410524014e-05
1,1,0.9996968952956596
0,0,6.582688696116283e-05
0,0,0.23835086116582876
0,0,0.05642814097242577
0,0,1.748937159193494e-05
0,0,0.0001006398820213146
1,1,0.9999654398277584
0,0,0.0002170266216771005
0,0,9.792637681277353e-05
0,0,0.0001338393262894306
0,0,0.04618023147750279
0,0,0.00017091890687482097
0,0,0.00018362025866412653
0,0,0.05062599353001043
0,0,0.0005893333498018302
0,0,0.0007433339671899008
0,0,0.000419424372154908
0,0,0.000254433496342985
0,1,0.533396861018355
0,0,0.0022535705195019804
0,0,9.020247349829591e-05
0,0,0.0029502458827280393
0,0,0.00013242914187183501
0,0,0.00025148844387144786
0,0,0.00012917061475120286
0,0,0.000266922440117942
0,0,4.9329580715666385e-05
0,0,9.837401417150193e-05
0,0,0.00033151691378027894
0,0,0.002467611537363689
0,0,0.0006813218906418123
0,0,0.0002490808729310889
1,1,0.9978491594281084
0,0,0.0003035833763071889
1,0,0.24510332299829524
0,0,0.0005048107059790643
0,0,0.0001194803271344131
0,0,3.1388823441145326e-05
0,0,4.715149890873952e-05
0,0,0.008651308099285784
0,0,9.950996558563287e-05
0,0,0.04019671449948012
0,0,7.765281354484933e-05
0,0,0.09168172828073401
0,0,0.00035116574108503537
0,0,0.005030001616161546
0,0,3.9051774837549255e-05
0,0,7.529246901920239e-06
0,0,0.14392200606373873
0,0,0.0002150670699104434
0,0,0.00023180923033895643
0,0,0.00016434842085865598
0,0,0.0009289592332556467
0,0,0.01523122892361635
0,0,0.01797808497377125
0,0,0.00024203449384525507
0,0,0.1484792162655425
0,0,0.0025007818865547555
0,0,0.00044203479857567114
0,0,1.95986169835773e-05
0,0,0.0003077246568495059
0,0,0.029334445832037353
0,0,0.0007969443103636656
1,1,0.9999921698750552
0,0,0.03725412552402804
0,0,0.000274126489931031
1,1,0.99460896021193
0,0,0.2646240057387485
1,1,0.9999867361700296
0,0,0.0001547188386650355
0,0,8.604008651644941e-05
0,0,0.0005904365129453807
0,0,0.0007300094602376728
0,0,0.2752185862136306
0,0,0.0646558483683268
0,0,8.38637434946539e-05
0,0,0.017016686468683487
0,0,8.63687226414606e-05
0,0,0.1992088830352396
0,0,4.357165683633785e-05
0,0,0.048839946748929525
0,0,0.0007946511766254286
0,0,6.901504243225856e-05
0,0,0.00014994305107399736
0,0,0.0017884999110194305
0,0,0.0005473025584053239
0,0,0.01043755261720076
0,0,0.0001610494649637169
0,0,0.090010603805487
0,0,0.0055095206248009
0,0,0.08700684521293732
0,0,0.00016962548210198032
0,0,9.864150577892103e-05
0,0,0.0005265384547955204
0,0,1.650836032764681e-05
0,0,0.00485863089294129
0,0,5.2382512123067004e-05
0,0,0.0003690460498240643
0,0,0.000851005708544071
0,0,0.0394599587394834
0,0,0.20103761986628726
0,0,0.02140093017276207
0,0,6.999629936289272e-05
0,0,0.02316083445259762
0,0,4.6158754583623146e-05
0,0,0.0002757566317309687
0,0,0.009601709897316077
0,0,0.004477688600590523
0,0,0.013371929370441942
0,0,0.0006942214405835101
0,0,0.00034135015888513056
0,0,0.0003049759153005663
0,0,0.06853479589154722
0,0,4.86411736641241e-05
1,1,0.997452644437028
0,0,0.004264070087393574
0,0,0.0006908705408310594
0,0,0.03881582489853085
0,0,0.00016035754725338516
1,1,0.9982366517280213
0,0,0.000553957027574602
0,0,0.11848528680944993
0,0,0.000790401070096605
0,0,1.0575232998526205e-05
0,0,0.10568924916281582
0,0,0.05345441518214374
0,0,0.0002754382844678194
0,0,0.22509136950870318
0,0,6.037223174597342e-05
0,0,0.17778573853408702
0,0,0.0002776027720074779
0,0,0.03888072400477194
0,0,0.0028608256643501196
0,0,0.03450082811145439
1,1,0.9994261972292251
0,0,0.1402715205338581
0,0,0.0002580979455166949
0,0,0.20786219083746643
0,0,2.9946193720677846e-05
0,0,0.12763777424176653
0,0,0.4139199869870273
0,0,0.00019057668732388308
0,0,0.055680292754448725
0,0,0.00017420716822676857
0,0,0.0004613997437717711
0,0,0.0003956657842675222
0,0,4.152705950692335e-05
0,0,0.00013721211743478819
0,0,0.0005576321769852512
0,0,0.00010555250775366643
0,0,0.006902324194664134
0,0,0.09665038259370139
0,0,1.0191015428896695e-05
0,0,0.0002667129079036065
0,0,0.0007676512527819815
0,0,2.592022024070423e-05
0,0,0.00013311894088394765
0,0,0.0018898242200254805
1,1,0.9999033158518268
0,0,0.0005390238835071182
0,0,0.07403988418517939
0,0,2.6900505900779286e-05
0,0,5.583218731340951e-06
0,0,5.099059783654855e-05
0,0,0.0002360090031078671
0,0,0.0012177061517506336
0,0,0.04428345436174219
0,0,0.0005924576641479694
1,1,0.9979064121898659
0,0,0.13869810620158388
1,0,0.23018117857123088
0,0,0.0008080790304440842
0,0,0.00017431639181790247
0,0,0.13675445606379713
1,0,0.013836402907950116
0,0,0.00023841028342916825
0,0,0.005341515009264153
0,0,0.0004049905118839967
0,0,0.02126864266471861
0,0,9.411326274734334e-05
0,0,0.004398092655897571
0,0,0.0013507626930949754
0,0,1.5862455527631164e-05
0,0,0.014993030734580184
0,0,0.011578340284573645
0,0,0.11592935819835051
0,0,0.0007214084097621515
0,1,0.6732069104886208
0,0,0.4878271204405215
0,0,0.000460212613803545
0,0,0.0013653907335513594
0,0,0.0005541627569038529
0,0,0.26213591150959537
1,1,0.994481927541066
1,0,0.09778093316042953
0,0,0.0002082949828302558
1,1,0.9959184189124374
0,0,0.020316947810749605
0,0,7.794604682233879e-05
0,0,0.0022995339937013698
0,0,0.0005524919951605807
0,0,0.04108950746793951
0,0,0.15208904026160408
0,0,5.199500846066291e-05
0,0,0.000255003015882529
0,0,0.016520448152447784
0,0,2.411680822469835e-05
0,0,0.00038397875160008256
0,0,0.0001832802351112012
0,0,0.0006797301080751848
0,0,0.320429361867448
0,0,6.045924369054945e-05
0,0,0.43672623407350236
0,0,2.5245348702807114e-05
0,0,0.00011731596545434423
1,1,0.9975474905825051
0,0,7.990774909950014e-05
0,0,0.05013850267095677
0,0,0.1843613255583333
0,0,0.00015528191347303593
0,0,0.000921818701109387
0,0,6.267229528241369e-05
0,0,0.0002258769737853965
0,0,1.4694232146808658e-05
0,0,7.398139338549007e-05
0,0,0.006125624217463533
0,0,0.00020690682448681386
0,0,3.045390329058622e-05
1,1,0.9992874337270775
0,0,5.480679079314906e-05
0,0,0.0023675047618542584
0,0,0.007549882499106468
0,0,0.0008082111035480263
0,0,8.933755865988917e-05
0,0,0.0003821209949829783
0,0,0.00023036097874084408
0,0,0.0001911538356311816
1,1,0.9995926602081431
0,0,0.000410006524730606
1,1,0.9984803591146731
0,0,0.00020397120141621569
0,0,0.0002818487845260629
0,0,0.017266064772111615
0,0,0.00010936970784340546
0,0,0.00010407553151047122
0,0,0.0028256143941091947
0,0,0.052061944515598015
0,0,0.0003694531414887017
0,0,0.06591566800321298
0,0,0.0002998398827352658
1,1,0.886676943996496
0,0,1.0248743719762259e-05
0,0,7.364945029352194e-05
0,0,0.0003692663675248843
0,0,0.0003133455568225337
0,0,0.0001458714960097528
0,0,0.0006669493444772268
0,0,0.0002994871387635289
0,0,0.00016235849578145458
0,0,3.7412360494608096e-05
0,0,0.4134739572492195
0,0,0.029023964985678177
0,0,0.00028829909264968084
0,0,0.0006987962461251374
0,0,0.004739517499587365
0,0,0.03081700721778875
0,0,0.004155321351840196
0,0,0.00016826187172354383
0,0,0.45083427371657364
0,0,5.316917586231017e-05
0,0,0.0023966552750696343
0,0,0.0006725056073234002
0,0,0.0027947171522574457
0,0,0.06344457842076277
0,0,0.0002505561442480893
0,0,0.00028167061907888714
0,0,0.002958720403044629
0,0,0.05079875344831182
0,0,0.032415387224886724
0,0,0.0001974018689528144
0,0,2.3738205848465567e-05
0,0,0.07203215377964635
0,0,0.02335490262680183
0,0,0.0002446423466184184
0,0,0.00024115931363959247
0,0,0.00018857893185381407
0,0,6.84747742019844e-05
0,0,0.45025745681865664
0,0,3.152361369179627e-05
0,0,0.00633368103952558
0,0,8.582523799851418e-05
0,0,0.0027092134268986573
0,0,0.00028543916980366827
0,0,0.013994664481410067
0,0,0.00012304866709668578
0,0,0.00011856822735685685
0,0,0.013168819994918595
0,0,0.16801091153376838
1,0,0.17297218970368686
0,0,0.0001758927823175254
0,0,0.0006359549433230241
0,0,0.04371945795555188
0,0,0.0723876405321877
0,0,0.038062785361951276
0,0,0.03699564830986911
0,0,5.2968291729692065e-05
0,0,0.032398505696979586
0,0,1.5808883861616328e-05
0,0,9.117102269908194e-05
0,0,0.02395695863563876
0,0,0.0004020907742579582
0,0,0.13432019352599572
0,0,0.003811258332962593
0,0,4.766624094487856e-05
0,0,0.011403630724375273
0,0,0.0005880493472764412
0,0,0.0005431662225972392
1,1,0.999982146851996
1,1,0.9952193054326702
0,0,0.0022881174988903167
0,0,0.00025956435869101975
0,0,5.710729566263271e-05
0,0,0.16676724001665316
0,0,8.844719416580395e-05
0,0,0.0002957809760806912
1,0,0.08310354300046459
0,0,0.016995204985068825
0,0,0.0010449375091242854
0,0,0.14958442918487488
0,0,3.558215983940999e-05
0,0,0.04712817028246082
0,0,0.00013651607058725023
0,0,5.754415663397978e-05
0,0,0.011476072366963026
0,0,0.00029924906203762603
0,0,0.00015214612170868334
0,0,0.03572795990165854
1,0,0.0733431428934789
0,0,0.002550962693928457
0,0,0.00014724492503904017
0,0,0.00029821645794342197
0,0,0.00016994742889278318
0,0,9.868563830026469e-05
0,0,0.010375986886449015
0,0,0.03765095966672439
0,0,0.0754102795453976
0,0,0.00010772321825190773
0,0,0.025768802043186316
0,0,0.003947558156602642
0,0,0.00096357243258115
0,0,0.00012826360740817377
0,0,0.09333977645704378
0,0,2.809084654857824e-05
0,0,0.023979123446082856
0,0,3.0425237126717836e-05
0,0,0.06752081986854182
0,0,0.07119757735555407
0,0,0.19080940510813377
1,0,0.052176419504253654
0,0,0.0012677244158175766
0,0,0.004159358249417667
0,0,0.0002344485692201004
0,0,4.0011910947029154e-05
0,0,0.0007497723362270099
1,1,0.9997984801944865
0,0,0.00022980978704261859
0,0,8.179534518843528e-05
0,0,0.04083886583531445
0,0,0.008126992623882268
0,0,0.22213480023171384
0,0,0.047738176890544444
0,0,0.0002539620080014682
0,0,1.3493003930691675e-05
0,0,0.08912085723403053
0,0,0.012450482602649063
0,0,0.0002897235293981326
0,0,0.0009049394715298728
0,0,0.00012259403925791312
0,0,0.005325199188151642
0,0,0.00022752010934408095
1,1,0.999555484169205
1,1,0.9991155909945175
0,0,0.0007111290926897387
0,0,0.027655332564257465
0,0,0.09084522186703638
0,0,0.008849132688955479
0,0,0.0003213057268428962
0,0,0.00031830224056552867
0,0,0.00023727118988683285
0,0,0.2628004741548447
0,0,0.0002184258348169824
0,0,6.074629435166814e-05
0,0,0.045670548773908734
0,0,0.06095976392095289
0,0,0.0012516437727971182
0,0,0.00013691605342864264
0,0,2.7109348511934017e-05
0,0,0.0005057307961401223
0,0,0.00023770903428652654
0,0,0.0007767296985030466
0,0,0.001281665803642782
0,0,0.00022999574370663974
0,0,9.864150577892103e-05
0,0,5.533881128465502e-05
0,0,0.0006443549080024191
0,0,0.00010963384062612773
0,0,0.00010799011235078924
0,0,0.0003424347522884
0,0,0.0004086525004164317
0,0,8.509559945141032e-05
0,0,0.3047549231233324
0,0,0.0002690643812124475
0,0,0.0004887323659401384
0,0,0.0019910895310726413
0,0,6.215795769779128e-05
0,0,0.013620523792227059
0,0,0.015273884625374035
0,0,0.001450355761246498
0,0,8.282709062653865e-05
0,0,0.023907332204253045
0,0,0.00020080809769651873
0,0,0.05365779985350119
0,0,0.0018493043385176173
0,0,1.1329416007912446e-05
0,0,0.0003084986231707837
0,0,0.025157716471162064
1,1,0.9946326517104683
0,0,0.00011430374235461117
0,0,0.00026913822939839685
0,0,0.00020301802656730384
0,0,0.06928011294835154
0,0,0.0019215694179296192
0,0,0.012777176317587992
0,0,0.005100254043854916
0,0,0.006844635246203372
0,0,0.00017588248138453708
0,0,0.14770000853910295
0,0,0.00031124166405207236
0,0,0.0006381708103732852
0,0,0.00614609384241343
0,0,9.864150577892103e-05
0,0,0.1573860313000503
0,0,0.16691749026801106
0,0,0.00013023207157937425
0,0,0.00018678690462637423
0,0,0.0006746052680877683
0,0,0.00011224365067852022
0,0,0.00041925888759426164
0,0,9.74675209424979e-05
0,0,0.057580628678163874
0,0,0.022560571985240894
0,0,0.00015342729964327214
0,0,0.021434431561609187
0,0,0.0003360503513655222
0,0,4.813398903012218e-05
0,0,0.04216882232189374
0,1,0.5116821443423852
0,0,0.003878225019014041
0,0,0.07350440650073464
0,0,2.469621454907495e-05
0,0,0.0004764747473699743
0,0,0.0002736032962842499
0,0,0.03870732392019155
0,0,0.0001867201114700464
0,0,0.011537399868270239
0,0,0.00012337021210358657
0,0,0.00025877324330925773
0,0,5.205015842661436e-05
1,0,0.08202893614558697
0,0,0.00028255813152444967
0,0,0.0001901241375144324
0,0,0.0001053695855282414
0,0,0.04879901032102092
0,0,0.0008463440934571604
0,0,0.0001585147752044776
0,0,0.04192146732763748
0,0,0.0003389948488700145
0,0,0.004263369651846261
0,0,0.0005767568650894356
1,0,0.3207253423476606
0,0,0.023542823114995916
0,0,7.16433867565388e-05
0,0,0.02725228664313403
0,0,0.044348088563016946
0,0,0.270640346115114
0,0,0.0009295755011249504
0,0,0.0073004843468073245
1,1,0.9953139010081793
0,0,0.00041955010740769746
0,0,0.14999493509761455
0,0,0.0004349884753767974
0,0,2.9864342759094894e-05
0,0,2.0616951766910612e-05
0,0,0.0002908726253090764
0,0,0.0003140022304852391
0,0,8.206053077525701e-05
0,0,0.00011188341535416686
0,0,0.022418448495284637
0,0,0.0007433068501674537
0,0,0.1347590449142213
0,0,0.00037825642724558477
0,0,0.00032429865781747095
0,0,0.00014875540959332148
0,0,0.0036918820583520633
0,0,0.011641800455105749
0,0,0.029146255514777692
0,0,0.00028419059300949337
1,1,0.9974775374180626
0,0,0.0003620938720266285
1,1,0.5056976464292322
1,1,0.9999922278767355
0,0,9.388478368332267e-05
0,0,0.02658877372691216
0,0,0.0006953746408423879
0,0,0.00011996809171933895
0,0,1.2906967789296271e-05
0,0,0.00020687656402465485
0,0,2.3463107486973788e-05
0,0,0.0005611237449286331
0,0,0.0012630607498169285
0,0,1.5789786587205293e-05
0,0,0.0006018547993351605
0,0,1.4751740497728732e-05
0,0,0.0001537492420820661
0,0,7.114117869056575e-05
0,0,0.00010818928858500074
0,0,0.00014203362138068168
0,0,0.0003305158085594328
0,0,0.016688108332020377
0,0,0.040435778898819746
0,0,0.00011183919475542287
0,0,0.014841545831357049
0,0,0.0012086151809192044
0,0,0.0002548870626612945
0,0,2.1027344088647644e-05
0,0,0.1343967533732055
1,0,0.023200222942332663
0,0,0.01611520886871089
0,0,0.005604704745679103
0,0,0.012853454450058751
0,0,0.0006512011960408362
1,0,0.23849290396746373
0,0,6.253631535220992e-05
0,0,0.13262573420661583
0,0,0.05674184282513733
0,0,0.0001495595575045519
0,0,2.9864342759094894e-05
0,0,3.882450446210809e-05
0,0,0.12952670020239893
0,0,0.006684088292419525
0,0,0.0003497848263202381
0,0,5.999498896442482e-05
0,0,0.010760212665684577
0,0,9.148284716508947e-05
0,0,0.00011446062396124267
0,0,0.0012889564672688065
0,0,0.00017417918341100275
0,0,5.059332117539749e-05
0,0,0.0004365790729582672
0,0,4.9259255033885995e-05
0,0,0.00020001949694012868
0,0,0.03526959067578134
0,0,6.456077733089298e-05
1,1,0.9940455200576477
0,0,0.00026263394639309553
0,0,0.0004098513442068441
0,0,0.0019131052537421154
0,0,0.10895319137125933
0,0,2.0389415451640088e-05
1,1,0.9999957081820948
0,0,3.851773356550696e-05
0,0,0.0454996962521638
0,0,8.141489915149064e-05
1,0,0.24195058575518916
0,0,0.04803413608110407
0,0,0.1035840219758198
0,0,0.0003809552297459668
1,1,0.9993123115097009
0,0,0.0004338079915518094
0,0,0.007258181460928792
0,0,0.00028708464476514563
0,0,0.03376928353531494
0,0,0.00012311438016052653
0,0,0.0003318544141751997
0,0,0.00025701074280675014
0,0,0.00037090890842255363
0,0,0.00021178205728769633
0,0,0.14605181943844467
0,0,8.404586918803818e-05
1,1,0.9980575254420198
0,1,0.6529265589001859
0,0,0.07571551823771576
0,0,0.00011183919475542287
0,0,9.128814370415136e-06
0,0,6.0191500055273624e-05
0,0,0.0013098034973759792
0,0,0.00024638650208213576
0,0,6.494377907431097e-05
0,0,5.1005956289795625e-05
0,0,0.0003587545779807931
0,0,0.00016181741485748644
0,0,3.709828795680672e-05
0,0,0.001098318970549894
0,0,0.0633625662355153
1,0,0.27424409761072854
0,0,0.11999582914364794
0,0,0.0001713270095755626
0,0,0.012874538761985728
0,0,9.813347949101315e-06
0,0,0.0004020638082457389
0,0,8.403978420757552e-05
0,0,0.08126303378785812
0,0,2.533303497650169e-05
0,0,0.0002616859753805482
0,0,0.0010908338609182053
0,0,2.4413139930911352e-05
0,0,0.0002069616762672757
0,0,0.00010776799414605465
0,0,0.000261520576683836
0,0,0.00023973121860123054
0,0,0.00035620686405178696
0,0,6.859178487860038e-05
0,0,0.09934718981451196
0,0,6.648481245618615e-05
0,0,8.064287937068922e-06
0,0,0.00032431033061507234
0,0,8.99404188199581e-05
0,0,0.002700605603664995
0,0,0.0007984954020408211
0,0,0.00014985895122999828
0,0,0.0003046287430852708
0,0,0.0008673513563158689
0,0,0.00021423527044800471
0,0,0.0001272029114372798
0,0,0.0007038025968689285
0,0,0.0001059106675310939
1,1,0.9993384471670855
0,0,8.051533847223744e-05
0,0,0.0005155709288794169
0,0,0.0012191371358937248
0,0,0.10583631004034887
1,0,0.1260746632326924
0,0,5.3127657738295986e-05
0,0,0.016953400553129563
0,0,0.11463075573212474
1,1,0.9993734927662468
0,0,0.00014302262926951784
0,0,0.00033754219977984043
0,0,0.0011790566853023114
0,0,0.0077975923385814735
0,0,0.033226025170907336
0,0,0.0001460869613367918
0,0,0.05055829773422334
0,0,2.376621509656325e-05
0,0,0.0002729016753763581
0,0,0.026378722921720582
0,0,0.00019010561344839544
0,0,0.0006966570955090738
0,0,0.0012435096726823665
0,0,0.01603959263462431
0,0,0.002449633628822414
0,0,0.00024406616251264484
0,0,0.07400653359433707
0,0,0.0024876822798490356
0,0,0.00466686859374711
0,0,0.0014565011333196175
0,0,0.0012124666147157832
0,0,0.009040881835985257
0,0,0.00018503661319730223
0,0,3.0748122064970935e-05
0,0,0.0009428241036174654
0,0,0.00023973121860123054
0,0,0.011091813494718097
0,0,0.0055970406539413535
1,0,0.24999985743952782
0,0,0.027132030691921317
0,0,0.0037640378199335924
0,0,9.445484720689425e-05
0,0,0.031571222689181395
0,0,0.1733214441444672
0,0,3.666339756645388e-05
0,0,0.1693806031355031
0,0,0.00014203446633287873
0,0,0.40534775400991846
1,1,0.9986900555799505
0,0,0.00012302650712607563
0,0,6.209312706034487e-06
0,0,0.022004619075813234
0,0,0.02107770858384289
0,0,0.00028334919448648005
0,0,0.0012877463911344195
0,0,0.006649994573464718
0,0,0.0006214237492943245
0,0,0.13542861859643876
0,0,0.0002737584118079008
0,0,0.13779333321011683
0,0,0.28679299193581625
0,0,0.14962037682269355
0,0,6.336280542250268e-05
0,0,0.04329232831362205
0,0,2.9864342759094894e-05
0,0,0.0005656785284360381
0,0,0.14558271650881036
0,0,0.36056867633679457
0,0,0.15290941586171183
0,0,0.0004614661347526462
0,0,0.039513300608390714
1,1,0.9997904403016346
0,0,0.006022664880482813
0,0,0.40055790950037734
0,0,0.00015677911019915575
0,0,5.1005956289795625e-05
0,0,0.002018312500484653
1,1,0.9999892791802409
0,0,2.5908348094627694e-05
0,0,0.1697399954003793
0,0,0.22996156310531427
0,0,0.0076773142370315725
0,0,0.02874928437196627
0,0,1.2906967789296271e-05
0,0,0.0008492805073760622
0,0,0.00010609445878513485
0,0,0.04656909886696402
0,0,0.00025730214719464227
0,0,4.23666006910187e-05
0,0,0.00010799011235078924
0,0,0.00010032519090242534
0,0,0.000393213969210075
0,0,0.3067027177930357
0,0,2.8956186640249695e-05
0,0,0.00019585002738982418
0,0,2.2440731889592224e-05
0,0,0.005555910303910848
0,0,0.0006899859327065585
0,0,1.0753402938725172e-05
0,0,0.03269936036828429
0,0,0.3946865561648365
0,0,0.0003395459046468801
1,0,0.024345498934021676
0,0,0.0006292915322477917
0,0,0.10357953300904842
0,0,0.026138433306061398
1,1,0.995235053650171
1,1,0.9999170492606438
0,0,0.3345096515566635
0,0,0.008176097519779763
0,0,0.1831339162317884
0,0,0.03174145838959882
0,0,0.0002076254032691043
0,0,0.0002966428658387508
0,0,0.1592182913763019
0,0,0.0018466373479397676
0,0,1.9483564358965244e-05
0,0,0.00010227107834297897
0,0,0.0006676422545316313
0,0,0.026507307414642634
0,0,0.00019965971406549695
0,0,0.0003612085152120116
0,0,0.0021540311735579643
0,0,0.00020428491557422963
0,0,0.009023318730756793
0,0,0.10365143152595241
1,0,0.3024790581376727
0,0,0.00013261531889883577
0,0,0.0004571231847443463
0,0,0.12622368261727537
0,0,0.0002993967060297975
0,0,0.00014203446633287873
0,0,0.020832291998510184
0,0,0.0004803010750846642
0,0,0.0005956568635114743
1,0,0.16110474974763583
1,0,0.1884408374856554
0,0,0.0014492985392725779
0,0,0.00014636386575493887
0,0,9.649793481101237e-05
0,0,0.18024215513565825
1,1,0.998397786483355
0,0,0.0026683090273136715
0,0,0.22164509636696691
0,0,0.013222118949197524
0,0,7.888322245985727e-06
0,0,0.13373126457827852
0,0,7.480858262872769e-05
0,0,0.00046374508948431845
1,1,0.9985821581180345
0,0,0.12308796463202318
0,0,0.0005872513576312436
0,0,5.600559662523568e-05
0,0,0.000459193542821847
0,0,0.00010636055209425798
0,0,0.19368838049204973
0,0,0.00030152085400116433
0,0,0.0005096544572976803
0,0,0.007077666548519379
1,1,0.9924077639967914
0,0,0.0003221353079970114
1,1,0.9986430632500152
0,0,0.0019310449053295748
0,0,0.00025996139331514154
0,0,5.395331259340923e-05
0,0,7.856225913399386e-05
1,1,0.9974283725738157
0,0,0.1040658964521843
0,0,1.5862775100112428e-05
0,0,6.106443816396035e-05
0,0,0.00041264803538613586
0,0,0.1432815195539044
0,0,0.0010451154983506061
1,1,0.9983978945252895
0,0,0.2680498478934839
0,0,0.0018108488637989036
0,0,0.0003223510462303479
0,0,5.4569128434016696e-05
0,0,0.00010921348430354334
0,0,0.000466908670228087
0,0,0.08173849830266686
0,0,0.018239808515667488
0,0,0.0009058956352402287
0,0,3.4421007267159755e-05
0,0,0.048161420151174444
0,0,0.0002998111931044814
0,0,0.09084307719086805
0,0,0.022173529331975722
0,0,0.005374347754600715
0,0,3.886684683282289e-05
0,0,0.00029085140130415414
0,0,0.03790169553386844
1,0,0.09362997465079392
0,0,0.12072471786624449
0,0,0.03803209682323749
0,0,0.00024055869954588965
0,0,0.00010761714976234549
0,0,0.0005853082390332557
0,0,0.05061002741267152
0,0,0.0026046034690591665
0,0,0.00029643142859542206
0,0,0.04092108946063618
0,0,0.011512259974370881
0,0,6.0402704113969924e-05
0,0,3.4158303688625944e-05
0,0,0.031086461068877413
0,0,0.006087453210177828
0,0,0.03175620531769068
0,0,2.2936469704135905e-05
0,0,0.00010819079425530324
0,0,0.09132531449039674
0,0,0.010031289236564427
0,0,0.00010936970784340546
0,0,0.007270543628360511
0,0,0.00043143703879039045
0,0,0.0009738999254372837
0,0,6.106443816396035e-05
0,0,0.0002441462693433118
0,0,5.462008989811024e-05
0,0,0.006891820387113773
0,0,0.00043990185588640795
0,0,5.659415553187026e-05
0,0,0.08150759887800203
0,0,0.06490883691897868
0,0,0.26573752024147845
1,0,0.4490579844014501
0,0,0.00010930707453821749
0,0,0.0006639228552299263
1,1,0.9971755460789531
0,0,0.0001272029114372798
0,0,1.1119053865736292e-05
0,0,0.004858128547297992
0,0,0.00011164649265922333
0,0,0.00017479967844594114
0,0,0.00013316583713254737
0,0,0.00047780820978010526
0,0,0.0319497988501448
0,0,0.00011719747093419272
0,0,0.11576481730491471
0,0,0.0006079990654648975
0,0,1.899532107919623e-05
0,0,0.00031615935738356035
0,0,0.0013803174429024598
0,0,0.00029806866205408573
0,0,0.00011636678586544122
0,0,0.00014541572079050622
0,0,5.7270529032243e-05
0,0,0.0004966301994174795
1,0,0.09334652392685666
0,0,5.3956275383984255e-05
0,0,0.03731021066899834
0,0,0.0028242506827172395
0,0,0.03727171976783619
0,0,0.019755734341170055
0,0,6.144771714809266e-05
0,0,0.0005220040655257825
0,0,0.0003968154221902987
0,0,0.15636858608105098
0,0,1.1620473305574242e-05
0,0,0.06436520547163284
0,0,0.01758346081621816
0,0,0.0008363297267094411
0,0,3.480566380370402e-05
0,0,0.000432402295853238
0,0,0.00046005192800399863
0,0,3.3243735400035206e-05
0,0,0.0007650916200955628
0,0,0.007146212364793931
0,0,0.0007948257529441928
0,0,0.0002828218364019991
0,0,7.962345466314351e-05
0,0,9.476730582962537e-05
0,0,0.21108358074076494
0,0,0.2529093834241841
0,0,0.00024403563499048958
0,0,0.0022271639845878907
0,0,0.00010103400364346744
0,0,0.0008063378136297477
0,0,0.00021593305628503584
0,0,6.0406508084739867e-05
0,0,0.1448895775029292
0,0,0.020196011876435657
0,0,2.533303497650169e-05
0,0,0.00908207670776521
0,0,5.292932851695491e-05
0,0,0.2253998323731073
0,0,0.008966409877562724
0,0,0.039950322223052157
0,0,0.00017768594977794956
0,0,0.00018961460893047774
0,0,0.02204133369758596
0,0,7.246901845884727e-05
0,0,0.09405491953840552
0,0,0.00038531365402162687
0,0,0.0011826017149837217
0,0,0.00018447631298131148
0,0,0.02669124674256892
0,0,0.14356803439798022
0,0,0.016995204985068825
0,0,0.00038385159088651837
0,0,0.01685971665704599
0,0,5.059152271725259e-05
0,0,0.3001666769515878
0,0,0.00010824570680734813
0,0,0.0303388332845079
0,0,0.000308664165430079
0,0,0.00028034592754276155
1,1,0.9999700068112078
0,0,2.0013792949906694e-05
0,0,3.495424582780606e-05
0,0,0.036875732437191514
0,0,5.412205596305758e-05
0,0,7.970130148043048e-05
0,0,0.003362386280600728
0,0,0.0003074691402060615
0,0,0.011970992821137331
0,0,0.029002020875706077
0,0,0.0002806784122749684
0,0,0.08045389940668954
0,0,0.07159468348219752
0,0,0.00010400212178060173
0,0,0.11179066273992319
0,0,0.00011054576230727214
0,0,3.304070646895288e-05
0,0,0.37733262526440575
0,0,0.0002038548941842108
0,0,0.08319148077456957
0,0,0.00860295450058713
0,0,0.03926145420606891
0,0,0.00793264361705622
1,0,0.19794142660849467
0,0,0.000146951641302486
0,0,0.011956561839792004
0,0,0.00026218873387618454
0,0,0.2545953544565598
0,0,0.0002208360860750633
0,0,0.00010466034566121588
0,0,6.937452278571965e-05
1,0,0.2503668522848571
0,0,2.1181487239963118e-05
0,0,0.06559581126125012
0,0,0.00011048326702585848
0,0,0.00034758451453815076
0,0,0.00014724492503904017
0,0,6.218959554814831e-05
0,0,0.12873433313492705
0,0,0.0034531791936896
0,0,0.08923853980055399
0,0,0.00035772083580948674
0,0,0.0003201866606212888
0,0,0.001359767583367125
0,0,6.651605730920136e-05
0,0,0.08957732928528689
0,0,0.0003894831151643133
0,0,0.00020375147202263664
0,0,0.00012323575875770122
0,0,0.0001871636203082809
0,0,0.022587999038812423
0,0,2.7109348511934017e-05
0,0,0.06377380424376262
0,0,0.017513581667483583
0,0,0.00036052446264498014
0,0,0.11382484436101548
0,0,2.471344965656312e-05
0,0,0.004132594546674294
0,0,0.005642311967095899
0,0,9.774815618117115e-05
1,0,0.12744254360358975
1,1,0.9978328074598038
0,0,0.006763867071524207
0,0,3.210446153309305e-05
0,0,0.08481422122340627
1,0,0.09311239694935534
0,0,0.0002665103201690302
0,0,0.18029097083799447
0,0,0.00096357243258115
0,0,0.0003963752438719595
0,0,7.02402502560907e-05
0,0,0.0001572668089447462
0,0,0.00035369922861121895
1,1,0.9979221629976829
0,0,2.4799236378006877e-05
0,0,3.370313714942135e-05
0,0,0.0004923791312656251
0,0,0.00032896179891783245
0,0,0.1049056490928898
1,0,0.19146877054616887
0,0,0.00011089368093465267
1,1,0.998772008047579
0,0,0.00023971185637005593
0,0,0.03834296879931339
0,0,0.0029754296355700887
0,0,0.06045316657955908
0,0,2.7109348511934017e-05
0,0,1.5218364593772525e-05
0,0,0.0002853904501410843
0,0,0.02434957795804035
0,0,6.295538223060379e-05
0,0,0.00032531513524356847
1,1,0.9759217126993808
0,0,0.0009099917136227514
0,0,0.24902829293326745
0,0,0.006721411604820637
0,0,0.007210252257906499
0,0,0.025212896096038797
0,0,0.06099850322971104
0,0,0.01774080235071768
1,1,0.9960214636788968
0,0,0.012190797271046775
0,0,0.00033286492852299145
1,1,0.9982061443584725
0,0,0.0006711879513129364
0,0,0.0050628020041079405
1,1,0.9977408898781164
0,0,0.00018539024811729712
0,0,0.00022810784353281629
0,0,8.030057287716538e-06
0,0,4.545625217894007e-05
0,0,0.0006389909164435629
0,0,0.00012135340625175155
0,0,0.00040484103674817804
0,0,0.0009380366721760047
1,0,0.09319590323428041
0,0,0.01954327103282838
0,0,0.000493383977015763
0,0,0.07965196508244671
0,0,0.08528223777108561
0,1,0.5008539002559887
0,0,0.0003372709445653523
1,1,0.9988987075743506
0,0,0.0001173273823591693
0,0,0.35473621642693887
0,0,6.641177537610081e-05
0,0,0.00025753625725355277
0,0,0.0007328741916952031
0,0,0.0004690684534351649
1,0,0.0035668044948813063
0,0,0.03395814006809629
0,0,0.15705806488619267
0,0,0.0002633643234335481
0,0,0.19980004982520042
0,0,0.0022507829618885066
0,0,0.09871741455238355
0,0,0.0001658675885455047
1,1,0.9983268133516074
0,0,1.7979391179869118e-05
0,1,0.6472534579584198
0,0,0.02007823572902965
1,1,0.9999481029782048
0,0,9.74675209424979e-05
1,0,0.14317501882856368
0,0,0.00046376392317664045
0,0,0.00021645012030886007
0,0,0.000496638806366068
0,0,0.0003616522356949851
0,0,4.541014672650362e-05
0,0,0.3567179555819428
0,0,0.17667401444851727
1,1,0.98941014273007
0,0,9.024227248377996e-05
0,0,0.22364275502567646
0,0,3.642575425120982e-05
0,0,5.633926937039376e-05
0,0,0.00024894070490019205
1,1,0.9948792311804638
0,0,0.0006450044870828217
0,0,0.00031512312880426814
0,0,0.008558981610109003
0,0,6.851202239220377e-05
0,0,0.0018506824450146443
0,0,0.0031613286779495265
0,0,0.008484834726712562
0,0,0.0008999170423341114
0,0,6.493799864657667e-05
0,0,1.1602096530697567e-05
0,0,3.265244745040155e-05
0,0,0.08727507747914788
0,0,0.05264335181705123
0,0,0.0007674589765399996
0,0,0.00017431639181790247
0,0,0.000679478320167301
0,0,0.002818167699851756
0,0,0.0003736023800995722
0,0,3.694292490645574e-05
0,0,3.8529905798931666e-05
0,0,7.364945029352194e-05
0,0,9.63223950961268e-05
0,0,0.038680111119669035
0,0,4.014288026018832e-05
0,0,0.0002831473950445098
0,0,0.0012213452158779563
0,0,1.0150811253933016e-05
0,0,0.002903470388795168
0,0,0.012269632129137278
0,0,0.03066570694909292
0,0,0.00038604954588326433
0,0,0.01423677588872297
0,0,0.0016528450209753556
0,0,0.0003257624387996878
0,0,0.21775187394412168
0,0,0.006853355751251688
0,0,3.176043552671412e-05
0,0,2.7109348511934017e-05
1,1,0.5726030196620429
0,0,0.002952049855266333
0,0,0.0001583481128144852
0,0,0.0001783130925397804
0,0,2.1772731316933024e-05
0,0,0.17454992060762983
0,0,1.0877478411252248e-05
0,0,0.00011185294409491249
0,0,8.702956626110629e-05
0,0,0.005237347166217528
0,0,0.0530475516719692
0,0,0.00042339603850935286
0,0,0.0002465156662631191
0,0,0.1474325095923431
0,0,0.0005042382904323658
0,0,3.1693603096825555e-05
0,0,0.015980783135192477
0,0,0.00024986760953473933
0,0,0.006145179875258187
0,0,0.0001901241375144324
0,0,0.012183634835198916
0,0,0.00915430919875856
0,0,0.000224639900620283
0,0,0.0067293625180053045
0,0,0.00032345405533866804
0,0,0.00016888920469747837
0,0,0.00045986558203262804
0,0,0.00011576923542932444
0,0,4.266731644860281e-05
0,0,0.036875732437191514
0,0,0.17803398056976336
0,0,0.029982868192007035
0,0,0.3424883013928633
0,0,3.691585761661328e-05
0,0,5.571618946431707e-05
0,0,0.00010227107834297897
0,0,0.0006899774801086607
0,0,0.00011645714958550736
0,0,0.00047510122052700775
0,0,0.0007201942847088989
0,0,0.00025012928710324117
0,0,0.0006382277788219508
1,1,0.9968803680391409
0,0,0.00045638624164075046
0,0,0.00037756604543392206
0,0,0.010185885736770395
0,0,0.00017161773226386328
0,0,0.00011547211465334606
0,0,0.030562811497476028
0,0,0.0001373935480183107
0,0,0.00021758889219349037
0,0,5.8082367226080806e-05
0,0,0.012525735026691385
0,0,0.00011600853418408438
1,1,0.9983209414590378
0,0,7.068760772987856e-05
0,0,0.0006338267222949795
0,0,0.00010555250775366643
0,0,0.00022471849744522057
0,0,0.08916760039842926
0,0,0.012354532741137113
0,0,0.12135637377786675
0,0,0.0001428650246340431
0,0,0.000334919260843869
0,0,0.0023177989890311715
0,0,0.030551603300519137
0,0,0.0008828937855474128
0,0,0.0001404418707243567
0,0,0.0008806326749454378
0,0,0.014635588477645163
0,0,0.0001033367773783513
0,0,0.0003052442126316372
0,0,3.3036350344996375e-05
0,0,2.241802512795737e-05
0,0,0.01004787332531086
0,0,0.00010711509827512756
0,0,0.06824305959151936
0,0,0.024020801713098047
1,1,0.9988929465219789
0,0,0.0001477820532910892
0,0,7.002257949556322e-05
0,0,0.00018227473442354873
1,1,0.9999677296318055
0,0,0.02021165880122046
1,1,0.9986762086195359
0,0,0.029114310783271858
0,0,0.00017417918341100275
1,0,0.3536124276756736
0,0,0.00038690688331982604
0,0,5.383771232105662e-05
0,0,0.00034081908699931315
0,0,0.14311916294138832
0,0,0.023374167415715404
0,0,9.998589886372871e-05
0,0,2.9514540611848055e-05
0,0,0.0003274061527496698
0,0,0.00043441957460453357
0,0,0.0033564317229422117
0,0,0.13372400204097395
0,0,0.11786367168090557
0,0,0.0008414718194419707
0,0,0.00020739495052704907
1,0,0.2687625075472456
0,0,0.0006749801049979035
0,0,8.844719416580395e-05
0,0,0.04062703193201573
0,0,0.00015523780832598096
0,0,0.0014026845177187808
0,0,0.00017847623305546507
0,0,5.600559662523568e-05
0,0,0.0097667506060867
0,0,3.47239586436933e-05
0,0,0.0004075570490118668
0,0,3.884683166942132e-05
0,0,2.3497141386625364e-05
0,0,0.00010606659264503076
0,0,0.00015191755748555376
0,0,0.01247772463682634
1,0,0.11875322173827263
0,0,0.015010472411197809
0,0,0.00016861326430875662
0,0,0.06135855171143998
0,0,0.0692164803111235
0,0,7.288047301440737e-05
0,0,1.1596491592150486e-05
0,0,0.00033279766842006286
0,0,0.11155163114969296
0,0,0.00047370158678621395
0,0,9.643866191679122e-05
0,0,1.95986169835773e-05
0,0,0.006934740405733071
0,0,0.00011619675448772085
0,0,0.02269162978764181
0,0,0.017161618586446315
0,0,5.5881282451507586e-05
0,0,0.013366768722574116
0,0,0.0417763217947071
0,0,7.944501458114686e-05
0,0,0.000471369748980057
0,0,3.773086826451344e-05
1,0,0.4080923402169406
0,0,0.020372485938343888
0,0,0.00014965674805092903
1,0,0.18510488991189344
0,0,0.0005611528223945732
0,0,0.027414623462297418
0,0,1.95986169835773e-05
0,0,0.082686589760128
0,0,0.0010147591405068304
0,0,0.035766817193361326
0,0,0.0002626587852553523
0,0,0.11705771612054797
0,0,0.009812859658278671
1,1,0.9999912655977244
0,0,0.00010610788411023968
0,0,0.003748486039961805
0,0,0.009303056519920468
0,0,0.05757825368078695
0,0,0.0007136460675872905
0,0,1.8993287187154868e-05
0,0,0.0348106877739362
0,0,1.8845785338203367e-05
0,0,0.013397756762819938
0,0,0.004583108981452393
0,0,0.010771589435948298
0,0,0.00011110008039370808
0,0,0.00027018611472845867
0,0,6.0884732844243374e-05
0,0,8.110365373764616e-05
0,0,9.655573000568643e-05
0,0,1.8121374126361376e-05
0,0,7.139120287732058e-05
0,0,4.798342600954815e-05
1,1,0.999289774992741
0,0,0.0004211041202937525
0,0,0.0006654821584908457
0,0,7.246901845884727e-05
0,0,0.012190797271046775
0,0,0.0006361483002118749
0,0,0.00021515506718500994
0,0,0.011886166015398873
0,0,0.005606329846930666
0,0,3.414316397687033e-05
0,0,0.00010331543740749016
0,0,0.22889229008800982
0,0,0.00023963561927675068
0,0,0.00011214903198621161
0,0,0.04569608133319048
0,0,0.02005870865988196
0,0,0.1157071098960304
0,0,1.888329504876005e-05
0,0,4.64505953791652e-05
0,0,0.00023142378281784082
0,0,0.0014796260896045945
0,0,7.106074956609726e-05
0,0,0.0001283653652002501
0,0,0.0004565565749821636
0,0,0.0020187608507966303
0,0,0.09357632762119036
0,0,0.009474143888545788
0,0,0.00605224556998302
0,0,0.0003015837611072911
0,0,0.00025772506089445185
0,0,0.00011171252155968679
0,0,0.00017207023676496232
0,0,0.0008413028932997715
0,0,6.469765247069918e-05
0,0,0.0015230344502896562
0,0,0.21758986653901663
0,0,0.009571866093230448
0,0,0.0001368505131400821
0,0,9.864150577892103e-05
0,0,0.1781222526797532
0,0,0.0002418746786884273
0,0,0.0005745008149344616
0,0,0.06388375168074693
1,1,0.9993447375207687
0,0,0.0003300181059360897
0,0,0.0003742932552995301
0,0,0.07090058547604104
0,0,0.19266194461111155
0,0,0.00012847969218060222
0,0,8.427662934636422e-06
0,0,0.00024022014414388075
0,0,0.003874260789049688
0,0,0.011175881132461232
0,0,0.0009100523544542865
0,0,0.01378378146970182
0,0,0.4338823455527142
0,0,0.020989089640029258
0,0,0.0021672450936237116
0,0,0.001366550746843957
0,0,0.00784408410855066
0,0,0.005643036626715863
0,0,0.0001425269269031723
0,0,6.297092691011766e-05
0,0,6.494377907431097e-05
1,0,0.01974251023825098
0,0,0.00025390283020910315
0,0,0.00011844160095465014
0,0,0.00044661460360321387
0,0,0.00018982448746932655
0,0,0.017518286252012405
0,0,9.04813336465568e-05
0,0,0.0005389502198242456
0,0,0.02280053766987008
0,0,0.006476339300205002
0,0,0.0003107887533601094
1,1,0.9979775316226716
0,0,0.00015061869838038267
0,0,0.009002256717555994
0,0,0.0003301933417971983
0,0,0.00038121932000656863
1,1,0.992970557586768
0,0,0.0002676867097075523
1,0,0.11388740918472096
0,0,0.00014724492503904017
0,0,0.014838923561309081
0,0,0.4154372277266532
0,0,0.12049506160635606
0,0,0.0007538356074751838
0,0,0.00022318982664063755
0,0,0.09217162915744387
0,0,0.00015065777467714912
0,0,0.004942476283137054
0,0,0.0017804275109843447
0,0,0.012264115828938037
0,0,0.0007322078807452651
0,0,0.07153738696099049
0,0,0.0002083837138111672
1,0,0.14754531946429877
0,0,0.00010995914530120257
1,0,0.39105199931184303
0,0,2.1467228291633603e-05
0,0,0.005634486240606585
0,0,0.0017799951826949414
1,1,0.9999898082072219
0,0,0.0006172158325529467
0,0,0.0002511447694723458
0,0,0.0002071837183189717
0,0,0.015331544105038104
0,0,0.0007767040796653808
0,0,0.00010394560636800837
0,0,0.016742642891694838
0,0,0.00013683002434214573
0,0,0.0006349550470441
0,0,0.4311262868628248
1,1,0.9999611676909939
0,0,0.003569911315463914
0,0,0.007119017705834868
0,0,0.0002745864405840609
0,0,0.37387271197691235
0,0,0.0009863788962909943
0,0,0.10906816910165831
0,0,2.1890255443534854e-05
0,0,0.0006664429301568263
0,0,0.06535530078847505
0,0,1.841966677954411e-05
0,0,0.00037279078770241205
0,0,0.21939876414710416
0,0,0.07639669620193769
1,1,0.9987586371748832
0,0,0.00043457533262485087
0,0,0.00011593239529266353
0,0,0.0001584273323795674
0,0,0.01441720087782427
0,0,0.00011404229639766354
0,0,0.19913832452693345
0,0,0.1999617157163211
0,0,0.00021764125304411157
0,0,2.7109348511934017e-05
0,0,0.000723122961137589
0,0,2.3154503977322157e-05
0,0,0.14258318658941735
0,0,0.001523845321252278
0,0,1.8838504150369463e-05
0,0,1.2530925004638956e-05
0,0,3.042514461144878e-05
0,0,0.004649197926313733
1,1,0.9986708634461215
0,0,0.27141821121095333
0,0,0.08676464241119482
0,0,8.12733765595262e-05
0,0,0.05991631160663431
1,1,0.9974042395691697
0,0,0.0015855815381787216
0,0,1.0393333301329177e-05
1,0,0.13061393181302208
0,0,0.014127350932270976
0,0,0.0016688552416802955
0,0,0.1201121952820247
0,0,2.265752538428266e-05
0,0,0.01744436169891642
0,0,0.09642488060832975
0,0,0.0002747895346801961
0,0,0.08245564523891621
0,0,0.00038925146781680983
0,0,0.007048704455932823
0,0,0.012838832462498246
0,0,0.23560547166000678
1,0,0.31725806027934494
0,0,0.000489229169459248
0,0,2.2775982093815974e-05
1,1,0.9992674573039141
0,0,5.0605252076115306e-05
0,0,0.12364039010498355
0,0,0.029511403030494807
0,0,0.0007116080049071104
0,0,0.0030897570085058382
0,0,0.17904797813826048
0,0,0.0007837789608943552
0,0,0.02082510754070485
0,0,0.00010955925830461782
0,0,3.904099000063859e-05
0,0,0.00046181493489666085
0,0,0.004489159460186655
0,0,0.00014353010963061844
0,0,0.11956779837274097
0,0,5.4868966756089066e-05
0,0,0.0006832464913324027
0,0,3.999148032788325e-05
0,0,0.00020296210715685042
0,0,0.0003054867357725854
0,0,3.8552063142147624e-05
0,0,0.022724936013119028
0,0,0.05350032897339142
0,0,0.00011331833607567485
0,0,6.923320276114746e-05
0,0,0.10608064615611418
0,0,0.2006053862299162
0,0,0.0030313753330856227
0,0,0.001052308126363815
0,0,0.00013741280334029064
0,0,0.001756436181900874
0,0,0.0011760652977111576
0,1,0.5186191073234121
0,0,0.019820347763033007
0,0,0.20834269459566607
0,0,0.0003340834589852963
0,0,0.0008793095674914037
1,1,0.9999727563872346
0,0,0.00010066094590518223
0,0,0.0003848067769377022
0,0,8.426362215479971e-05
0,0,0.00018431880334870594
0,0,0.34490355753620644
0,0,0.17965180944895254
0,0,0.025342355079226213
0,0,0.00023592698959226324
0,0,0.00012245580717056188
0,0,0.2531877937918279
0,0,3.642575425120982e-05
0,0,0.0002993967060297975
0,0,0.2928211011573816
0,0,5.342291979075792e-05
0,0,0.02362257120006263
0,0,0.1382332712041713
0,0,0.07447828505859637
0,0,0.007738582213075072
1,1,0.9962995688729156
0,0,0.3776700006985493
0,0,0.38582254322766013
0,0,0.11830354053225292
1,1,0.9999525108188556
0,0,0.00045319971607025663
0,0,0.00014424202267088112
1,1,0.9996660774919748
0,0,0.0016043115564827553
0,0,1.95986169835773e-05
0,0,0.0002514084129263914
0,0,5.915649374689837e-05
0,0,0.0002136099495682855
0,0,0.00018224398232373257
0,0,2.3738205848465567e-05
0,0,0.039673001806851876
0,0,0.0002471372914190197
0,0,9.861090957243056e-05
0,0,0.0008149000373615676
0,0,0.010499544956019102
0,0,0.16805651500896332
0,1,0.5403830241045463
0,0,0.00014022524450051514
0,0,0.18256530759796544
0,0,0.0006924293870263781
0,0,0.0115625319178184
0,0,1.9796442950714615e-05
0,0,0.013339021264468265
0,0,0.0014505325844088842
0,0,7.61548685777535e-05
0,0,0.001464237054111091
0,0,0.04958001750001236
0,0,5.535871836641791e-05
0,0,0.03724221263485707
0,0,0.0004367881739851059
0,0,0.0001774836414653362
0,0,1.965904967023619e-05
0,0,0.0003091495874667981
0,0,0.00019290514434109243
0,0,0.00010293298983295063
0,0,0.0009788651336680493
1,1,0.9994073428454522
0,0,0.0011500768826653242
0,0,0.00018026804583787842
0,0,0.00047694670822580543
0,0,5.128872995833084e-05
0,0,3.994705311545123e-05
0,0,0.00015246898428663378
0,0,0.003594204565360108
0,0,0.00016738902598353866
0,0,0.0003642678964099354
0,0,0.11523884473445474
0,0,0.0541053721091205
0,0,0.00011086036881044341
1,1,0.9999862376953561
0,0,5.316917586231017e-05
0,0,0.010113525004504508
0,0,5.855571167252601e-05
0,0,0.00014524330862554158
0,0,1.0035278600647345e-05
0,0,0.0036764632729589706
0,0,0.00017547605679707218
0,0,0.00045986558203262804
0,0,0.003115658156910827
0,0,0.0002514989381652277
0,0,0.0016854589637200833
0,0,0.00011430374235461117
1,1,0.5045912134438815
0,0,0.00013760788721325155
0,0,0.000371533082755943
0,0,2.7103869200340763e-05
0,0,0.0002560900847681804
0,0,0.030796732377895514
1,0,0.42430847619483064
0,0,0.032267373068771046
0,0,0.00031883877650386284
0,0,0.0003953726600071376
0,0,0.029117047961198957
0,0,0.07314755669189774
0,0,0.031536845153186464
0,0,7.861038100073974e-05
0,0,0.00038877078985961693
0,0,0.02710265667332505
1,1,0.9999586924769079
0,0,0.0008012307436730054
0,0,0.2722151414911332
1,0,0.385645309384008
0,0,9.267848841435056e-05
0,0,0.000134118416201397
0,0,0.029454688680034508
0,0,0.2272622901896136
0,0,0.0003478692980250099
0,0,0.05204886376228683
0,0,0.009689394898472346
0,0,3.4158303688625944e-05
0,0,7.018410552950156e-05
0,0,3.258566629437382e-05
0,0,0.00021598141188511428
0,0,0.0004889532531766293
0,0,0.0004062547316463867
0,0,6.167513132390506e-05
1,0,0.12823740318844326
0,0,0.2626425311769279
0,0,1.2827371056262272e-05
0,0,0.008994439522018689
0,0,2.3738205848465567e-05
0,1,0.8780002886486381
0,0,0.008913089309769738
0,0,0.00029212989025134695
0,0,0.049207498134560414
0,0,0.0020030388085915825
0,0,0.00021818245002473452
1,1,0.9972633590815547
0,0,8.095626279968397e-05
0,0,9.871116988310828e-05
0,0,0.04884529043566072
0,0,0.0005820547910290345
0,0,3.860824815482228e-05
0,0,0.0002239994673539964
1,0,0.057637040940522216
0,0,0.009101281566303068
0,0,3.117332250207709e-05
0,0,5.206496051876728e-05
0,0,7.246901845884727e-05
1,0,0.18373712652111857
0,0,0.00036260726866480967
0,0,4.845969813170343e-05
0,0,8.051068316125679e-05
0,0,0.09806434683810446
0,0,4.65848850521216e-05
0,0,0.00011180736595251002
0,0,0.14055827006433286
0,0,0.0001116087477477825
0,0,0.0005487244969713602
0,0,1.255518421726384e-05
0,0,0.0032658492574227076
0,0,3.4158303688625944e-05
0,0,0.00022579005350071204
0,0,0.04475210211412233
0,0,5.316917586231017e-05
1,1,0.9991673590966647
0,0,0.00010763633905837666
0,0,0.009835798146761894
0,0,4.2191450798384566e-05
0,0,0.00011347733114695423
0,0,0.005515962255025966
0,0,0.00021171757445156826
0,0,0.011200167147953778
0,0,0.06589843099624897
1,1,0.9984425279815194
0,0,3.2353883560920494e-05
0,0,0.0007315039426460908
0,0,0.0003068452941572407
0,0,0.002096288208784118
0,0,5.8799094582465656e-05
0,0,0.0857444610420661
0,0,0.0003923271559397481
0,0,0.025684773773826976
0,0,0.002097312411168275
0,0,6.339812422156991e-05
1,1,0.9878992438421451
0,0,8.530849910524236e-05
0,0,0.0008983687804208468
0,0,5.992098443090211e-05
0,0,0.0002443250766327045
0,0,0.0017098983868416272
0,0,0.000219252184911559
0,0,0.0017390250902617685
0,0,0.10007957949379963
0,0,0.0006065372844278815
0,0,0.00015449632648954116
0,0,0.0003100347009482622
0,0,0.00037184860941949066
0,0,0.0009085014986203081
0,0,0.0009236457896292033
0,0,0.00047993360474014125
0,0,5.3373605692570906e-05
0,0,0.00017683709651071785
0,0,0.0004976807266254558
0,0,0.0013480090535020488
0,0,0.0003829044205818488
1,1,0.9964849497490342
0,0,0.00031731371475381544
0,0,0.016120040680896713
0,0,0.0969276151987549
0,0,0.00028290201942986876
0,0,0.12636617611805873
0,0,0.00010590630387690786
0,0,0.008115269570792389
0,0,0.0001491457126963811
0,0,0.06448038368584844
0,0,0.00012859548290214333
0,0,0.14454039787684086
0,0,0.00031124166405207236
1,1,0.997641472618756
1,1,0.999951802401369
0,0,0.00019088595355402742
0,0,0.0069732520205684585
0,0,0.00041930145491309663
0,0,0.00023022542086815134
1,0,0.07917101073888998
0,0,0.015191154285677765
1,1,0.9999921286516607
0,0,5.96608041319446e-05
1,1,0.9966245825139471
0,0,0.00032527824293669254
0,0,0.056221142757844844
0,0,0.24867304590165493
0,0,0.0002806130045041307
0,0,0.018005777895896847
0,0,0.0008318889488293564
0,0,5.156524710020896e-05
0,0,0.00864056775933004
0,0,0.01693049659189474
0,1,0.650368838084158
0,0,0.00022391259875290234
0,0,0.007479302857649757
0,0,0.0024640249933614604
1,1,0.9973522872465351
0,0,0.09611574914341356
0,0,0.02974496201472569
1,0,0.11547038868960824
0,0,0.000276876806903718
0,0,2.0745371484992038e-05
0,0,0.0005077558563154936
0,0,0.00010963384062612773
0,0,0.00024314431304020917
0,0,0.00010387653710888401
0,0,8.167830972279059e-05
0,0,0.2405167492684046
0,0,1.779313588713243e-05
0,0,0.08957732928528689
0,0,0.002171955134951846
0,0,0.008835879987917943
0,0,3.926724799035536e-05
0,0,0.00033500246067709097
0,0,4.0220064092348194e-05
0,0,0.08772435688085117
0,0,0.2723352705777738
0,0,0.025807999755436007
0,0,0.11309987062550146
0,0,0.0023918380255884995
0,0,0.06670109817709642
0,0,0.000700384374903052
0,0,0.0005515266397035546
0,0,0.0001600579245000708
0,0,0.22928948943818236
0,0,0.00014733381044727438
0,0,0.00030689483698173673
0,0,0.00013504837999619933
0,0,0.0006636378709287948
0,0,0.0012530267347946734
0,0,0.00016497828398034342
0,0,1.2245161878022828e-05
0,0,0.03629353350460793
0,0,0.0006079677557651011
1,1,0.9994645833229854
0,0,0.14012239516042121
0,0,0.0002624964017507478
1,1,0.9999546087603032
0,0,0.003855026336940214
0,0,0.0013815937254100597
0,0,0.002325650306778457
0,0,0.00020054528623674115
0,0,0.4988389115345454
0,0,0.006257526199594018
0,0,0.015725306022781712
0,0,0.0004908445151585712
0,0,0.0001901241375144324
0,0,0.004773859299698158
0,0,0.0001363951270561016
0,0,0.21481489446383015
0,0,0.00019239909799433002
0,0,0.005469123901173361
0,0,2.6505143137892233e-05
0,0,0.010832330531761613
0,0,0.0002318868864773914
0,0,2.7109348511934017e-05
0,0,0.0749279050467084
0,0,0.0012033270245678355
0,0,0.14119096040253915
0,0,2.3322907210232238e-05
0,0,0.2575211835065188
0,0,0.037956870134491984
1,0,0.06678889547784674
0,0,0.0006170867544942462
1,1,0.9991964227595989
0,0,0.0003330704487494367
0,0,0.016317553990219016
0,0,0.00020751375934270483
0,0,0.01630865737066234
0,0,0.0003979512835099662
0,0,0.013421690864118424
0,0,0.02286875554308636
0,0,6.657317584923229e-05
0,0,0.029334445832037353
0,0,0.3379262287073379
0,0,0.0005619154177711341
0,0,0.0005815041670256999
0,0,0.00038808932401327594
0,0,0.0002511447694723458
0,0,0.009004213513199535
0,0,0.00029020211906559737
0,0,0.001488318486502561
0,0,6.840564762860133e-05
0,0,0.0002511447694723458
1,1,0.9999721548565118
0,0,0.0002672319059335963
0,0,0.4567058819048562
0,0,0.001394165991308159
0,0,0.25711584867739845
0,0,0.00011357455374802123
0,0,0.0011302883858013374
0,0,0.00046899932599172515
0,0,0.0006664429301568263
0,0,0.00016601935361842198
0,0,0.019168349655098674
0,0,0.0006370567854074805
0,0,2.999631498229265e-05
0,0,0.0005213199096638056
0,0,0.07969692565329986
1,0,0.13005398803656357
0,0,3.622130735832109e-05
0,0,6.469765247069918e-05
1,1,0.9992466672187665
0,0,0.0002511447694723458
0,0,0.010185885736770395
0,0,0.00016188628288388635
0,0,3.759507848282408e-05
0,0,0.011247416580916898
0,0,0.00023002830998483702
0,0,0.0012797628137903411
0,0,0.0009738999254372837
0,0,0.0008110999947031462
0,0,0.00010025547544222934
0,0,0.21591244799253148
0,0,0.020944428409753777
0,0,0.0009450225525354866
0,0,0.00014952968356744985
0,0,0.0006224076986607024
0,0,0.035191868966501144
0,0,0.06126984609802914
0,0,0.0009738999254372837
0,0,0.0005431662225972392
0,0,0.0005326333337823936
0,0,0.13735699087131215
0,0,8.285194310304378e-05
0,0,0.00016998974156015226
0,0,0.00020325198546150046
1,1,0.999929167397468
0,0,0.00027820273977074246
0,0,5.7571807495302e-05
0,0,5.811402612942176e-05
0,0,3.398977086105369e-05
0,0,0.0003131982075287779
1,1,0.99998507873546
0,0,0.07286384701029998
0,0,6.25261924158538e-05
0,0,3.0518542053934976e-05
0,0,0.000148508763207609
0,0,9.329887450990146e-06
0,0,2.4730470482487623e-05
0,0,0.019968697128531308
0,0,0.003579730283772141
0,0,7.197782036167919e-05
0,0,0.0002575281001369999
0,0,0.0680901728602072
0,0,3.071807612312736e-05
0,0,0.0022878429533612923
0,0,0.011601280093261512
0,0,0.0004740905599194882
0,0,0.015129255404890362
0,0,3.268074106201415e-05
0,0,0.0022947927295257874
0,0,0.035923539679621926
0,0,0.1911506585076311
0,0,0.00016510102414699567
0,0,0.00010609445878513485
1,0,0.15885272325647107
1,0,0.3854368094286592
0,0,0.007883062902618324
1,1,0.9986038065758498
0,0,0.025035458345469375
0,0,0.0012033270245678355
0,0,8.28721452385251e-05
0,0,0.004721714033590777
0,0,1.827683019828589e-05
0,0,0.00012822475786456242
0,0,0.0004656481040501734
0,0,1.9150111769081134e-05
1,1,0.994072398631836
0,0,0.0004624891920983944
0,0,0.0005340890790097594
0,0,0.0001648246583334058
0,0,1.914296246902313e-05
0,0,0.0004424550020878954
1,0,0.11518951507047222
0,0,9.585474835227537e-05
0,0,2.3738205848465567e-05
0,0,5.4673750950387265e-05
0,0,0.0004344124203017488
0,0,0.00010498348583696625
0,0,0.00016418878318519886
0,0,0.06572487309629428
0,0,8.659727054372169e-05
0,0,0.0002498491368946429
0,0,2.7109348511934017e-05
0,0,2.2807938077819115e-05
0,0,0.00014203362138068168
0,0,6.072909785547195e-05
0,0,0.3671754376391044
0,0,0.0018355891842775506
0,0,0.03074058319001925
0,0,0.225837957773678
1,1,0.9992899532063911
0,0,0.03238163680730825
0,0,1.95986169835773e-05
0,0,7.044736800710581e-05
0,0,9.067468022179897e-05
0,0,0.00011170526977642619
0,0,5.0653993916959875e-05
0,0,0.0009494421652749432
0,0,6.544747674054876e-05
0,0,0.00048457281477414253
0,0,0.000397952343118278
0,0,0.03793301671184584
0,0,0.0004169564519507607
0,0,0.0005020363023761668
0,0,0.00028578186122400117
0,0,0.00016988637267142373
0,0,0.00043526291943897435
0,0,2.3526206423498156e-05
0,0,0.002758514346082206
0,0,0.00025155918558118626
0,0,0.0004220166162340628
0,0,0.0005832271663603034
1,1,0.9999515697348611
0,0,0.0007118437859797716
0,0,0.0020702380774572414
0,0,0.00014203362138068168
0,0,0.0011616782732606135
0,0,0.0013013651938072004
0,0,0.0007676512527819815
0,0,0.024756331663773428
1,0,0.1290236309336651
0,0,2.9599931687335672e-05
0,0,0.005030762825132417
0,0,0.021936361422121017
1,0,0.053632528139256855
0,0,0.002214979692066132
0,0,0.027923737646505607
0,0,0.26642583326498503
0,0,0.05404437168611416
0,0,3.28703142564658e-05
0,0,0.0005474959050159685
0,0,0.025184516734913134
0,0,0.0013804986397325763
0,0,0.0006820517496116573
0,0,3.104302773560127e-05
0,0,0.0001134307528726567
0,0,0.2222204800499275
0,0,2.349434561546538e-05
0,0,0.0006572466492854951
0,0,0.2538649720340738
0,0,0.0012630607498169285
0,0,0.0010757871791219108
0,0,0.0002138174566846736
0,0,4.978220398704005e-05
1,1,0.9990622243640668
0,0,0.0001901241375144324
0,0,0.08996280701786091
0,0,0.0004393316139039587
0,0,0.0012598282192152492
0,0,0.002732991095251454
0,0,0.0002347584619132829
0,0,9.42878127530889e-05
0,0,0.0007087898647404708
0,0,0.1203772112256123
0,0,0.0006660832872611742
0,0,0.08167298323607959
0,0,7.779665492652295e-05
0,0,8.420736214650783e-05
0,0,0.0002448320962461758
0,0,0.001825578048567652
0,0,0.00017462402695022717
0,0,0.11100904590207265
0,0,0.0006662587505254511
0,0,0.0014350645222137698
0,0,0.0003968719340901253
0,0,0.04042579620216259
0,0,0.00012080854757762823
0,0,0.0007132263674128464
0,0,0.0006177031741764697
0,0,8.541197230362497e-05
0,0,0.0019182400819951954
0,0,3.145618902914568e-05
0,0,0.00013343495335208747
0,0,6.928529842720626e-05
0,0,0.0005591215963452056
0,0,0.00032056233818176963
0,1,0.5169003766976372
0,0,0.0002883310894491465
0,0,0.10619720179197839
0,0,3.0138244124123042e-05
0,0,6.0831652015861144e-05
0,0,0.2691969649510657
0,0,1.8662030499627274e-05
0,0,0.14996678833361338
0,0,0.017374153137042877
1,0,0.028548319387873916
0,0,0.10597818367294538
0,0,0.042605720284014305
0,0,0.08610059408860087
0,0,0.010434642881720838
0,0,3.921519787770531e-05
1,0,0.08159188132396307
0,0,0.0007882633421103751
0,0,1.95986169835773e-05
0,0,0.000266922440117942
0,0,0.06362433004745349
0,0,5.679919249224076e-05
0,0,0.012142030128352107
0,0,0.0003591797243057343
0,0,2.519913279584255e-05
0,0,5.5462777081462124e-05
0,0,0.007987599667870526
0,0,0.004690500605751763
0,0,0.00010610788411023968
0,0,0.2940345627580859
0,0,0.2059372375241384
0,0,0.0001863118679499707
0,0,0.00024096605398117913
0,0,0.0008751423905107053
0,0,0.0007616883975167679
0,0,0.00013097579144714488
0,0,0.012897908924536027
0,0,0.0006451936566725802
0,0,0.034158394194449986
0,0,0.0005210492301579412
0,0,0.004087158527508501
0,0,0.00023915799455207813
0,0,8.784127354854222e-05
0,0,0.0003340520355123755
0,0,0.0009447428421438461
0,0,0.00017056832098543743
0,0,0.00017490490152526918
0,0,0.0003222950050318935
0,0,0.00015677911019915575
0,0,0.0015244467499548355
0,0,5.531220715875798e-05
0,0,2.05902696220483e-05
0,0,0.000867520236994928
0,0,0.0006118192471831028
0,0,0.00023718686715457218
0,0,0.11248990640095384
0,0,0.0001363951270561016
0,0,0.021311240350004392
0,0,0.00014312520320187687
0,0,3.8278578183715296e-05
0,0,0.00011137545239391852
0,0,0.061810731419367264
0,0,0.2543478933751694
0,0,7.044736800710581e-05
0,0,6.242753166585142e-05
0,0,0.00024074320416322988
1,0,0.21673236017615727
0,0,5.523086755176349e-05
0,0,0.010781908046276163
0,0,0.0034531791936896
0,0,0.00012872892373060456
0,0,0.0045626332182409236
0,0,0.0001363237703216452
0,0,0.0001173232150611102
0,0,0.1524240185390638
0,0,4.0985027312019116e-05
0,0,0.34042810536599416
0,0,0.00041416670189736384
0,0,0.0012155387091668899
0,0,0.0888531722421582
0,0,0.0006298087486874211
0,0,0.024046899153837148
0,0,0.023704825600803118
0,0,7.863422230370773e-05
0,0,0.020892974821309054
0,0,0.0001799622481121503
0,0,0.09616708023669274
0,0,0.00019791213211529896
0,0,0.00674274268954902
0,0,0.20317844181895148
1,1,0.9988166708325913
0,0,4.871908940141456e-05
0,0,0.00023563423245349322
0,0,0.00022791900329676264
0,0,4.1581298877029354e-05
0,0,0.00013005115203759058
0,0,0.0005562769126415961
0,0,0.04822787355480654
0,0,0.0009812551265216596
0,0,0.017165200310742812
0,0,0.001259329409265771
0,0,0.000497751755804828
0,0,6.955885922252538e-05
0,0,0.011129937302603001
0,0,0.13867495735353816
0,0,0.00023152955262598627
1,1,0.9989095416899587
0,0,0.000461183679099563
0,0,0.013443130997622644
0,0,0.00026140541578063245
0,0,0.00046709779608151655
0,0,0.0001396030283727262
0,0,0.06703428077408505
0,0,7.934479607625322e-05
0,0,3.954972079310879e-05
0,0,0.00017309835609956406
0,0,0.0002174728693178783
0,0,0.0002048521561746616
0,0,0.00035116574108503537
0,0,0.00041729305643240216
0,0,0.00640179514557256
0,0,0.030181340033865165
0,0,0.0012775413069861673
0,0,9.329932694067443e-05
0,0,2.8968374450132232e-05
0,0,5.103867180906014e-05
1,1,0.9987325438517015
0,0,0.0001349419148359668
0,0,0.00490971431569842
0,0,0.17182556568347704
0,0,0.04421197355591863
0,0,9.796909166017578e-05
0,0,1.9519607774724432e-05
0,0,0.03288551673091295
0,0,0.0016204871305135517
0,0,0.27892438866818753
1,0,0.09841452779160292
0,0,0.22809418455886993
0,0,0.3335413830782925
0,0,0.02367595576584133
0,0,0.00014811287352848966
0,0,0.0017157043942073172
0,0,0.12726816988568898
0,0,0.0014300663067682374
0,0,0.0021444839820081224
0,0,0.36806299037320517
0,0,0.002725115355622992
0,0,0.025714204169397518
0,0,5.999496172831125e-05
0,0,0.0021692929697182087
0,0,2.2440731889592224e-05
1,0,0.1842685079835037
0,0,3.391341434980709e-05
1,1,0.9987121474641133
0,0,0.0004674299121370215
0,0,0.00040966200880659015
0,0,8.072885014870796e-05
0,0,0.0005521752153471513
0,0,0.0001395259263429385
0,0,0.2823711304785233
0,0,2.720288396700258e-05
0,0,0.022941502309611297
0,0,3.6101608628868684e-05
0,0,3.945334218167226e-05
0,0,0.0001747837123304387
0,0,0.001092967871117968
0,0,0.012180090084811801
1,1,0.9980612334191942
0,0,9.271463946638884e-05
0,0,0.00032118168913796005
0,0,0.03929454875215513
0,0,0.0008765203326957582
0,0,0.00022791900329676264
0,0,0.00039387618533111914
0,0,0.00012342080107612414
0,0,0.2657051655836395
0,0,6.194920770202634e-05
0,0,0.1430803486677456
0,0,0.00011627596026725533
0,0,0.0003900431728318017
0,0,0.00037357247958472276
0,0,0.00032414269746388263
0,0,0.009620397233244872
0,0,0.08457314333367132
0,0,6.072585513821108e-06
0,0,0.0001929438987288177
0,0,0.00011566689516467147
1,1,0.9968645798475475
0,0,0.0022496708431468675
0,0,0.019749249322854785
0,0,0.0001826523899354473
0,0,0.0003829027372713586
0,0,0.00015127204701961098
0,0,0.00011183919475542287
0,0,3.037203959391676e-05
1,1,0.9995519378845577
1,1,0.9976228503157895
0,0,0.0027782440567979756
0,0,0.4380575075940512
0,0,0.07474437069859094
1,0,0.3078713478368041
0,0,0.00036713854022585546
0,0,0.009901918910610142
0,0,0.0002461895426747436
0,0,0.000129290834485687
0,0,0.00015442407323894598
0,0,0.0001686740417653163
0,0,0.04940405639418017
0,0,0.09061749351146829
0,0,5.5555552635606926e-05
0,0,0.00344812906692686
0,0,0.0003629025131938733
0,0,6.987196380425018e-05
0,0,0.009922718341268436
0,0,0.00021692115477594924
0,0,0.056249198514163344
0,0,7.154425878701461e-05
0,0,0.035070692884361564
0,0,1.2541431342993186e-05
0,0,0.00013646490388556935
0,0,0.0003072379934873545
0,0,7.244380261625078e-05
0,0,0.0003324962321363047
0,0,0.000134118416201397
0,0,2.059867586670927e-05
0,0,0.007159865029644849
0,0,0.00023680329637486465
1,0,0.19906935868965273
0,0,0.0007706983393876221
0,0,5.8817024156302903e-05
0,0,0.41634244359988837
0,0,0.00038300554019636123
1,1,0.6767000820050236
0,0,0.028315111023354007
0,0,1.1787576015972171e-05
0,0,0.0005116255590361452
0,0,0.00018040033542535697
0,0,0.0013437564326162013
0,0,0.024165419850563884
0,0,0.003182926891435622
0,0,4.161435110326935e-05
0,0,0.22315599298727196
0,0,0.00019024916949098074
0,0,0.0004804312416056969
0,0,0.1499548987134643
0,1,0.522668989389629
0,0,0.00037678862457580495
0,0,0.0006298405873415199
0,0,0.0001033367773783513
0,0,3.43457289085226e-05
0,0,0.00027561684485344465
0,0,0.02427943630695434
0,0,0.009479959146667116
0,0,0.00010914421247888998
1,0,0.14221993281225326
0,0,0.00013618676062554993
1,1,0.9994143782817817
0,0,0.019062850036120994
0,0,0.00019673843003280384
1,1,0.9965608643471419
0,0,0.0024876822798490356
0,0,0.011773144516562807
0,0,0.000636234568066906
0,0,0.149596278779486
0,0,0.027979058215576412
0,0,0.0007419113801295941
0,0,0.00010656482036881175
0,0,0.00016712835801273066
0,0,0.00021765577620125643
0,0,0.03258117502163697
0,0,1.78599089532628e-05
0,0,0.04560231948605137
0,0,0.0003055448419499065
0,0,0.012024859399240308
0,0,0.001329320522882294
0,0,0.0014409737543505398
0,0,0.03255594832109497
1,1,0.9999505848901677
0,0,0.1680661622576865
0,0,0.09097269667351678
0,0,0.005690355832738666
0,0,3.397435165294443e-05
0,0,1.1856127217609468e-05
0,0,0.0002629997232763798
0,0,0.0014727861246868238
0,0,1.8481970188170888e-05
0,0,0.00015964980407183794
0,0,0.07541682235921525
0,0,0.00023984347369778464
0,0,0.0002188070031229091
0,0,0.15516220204817166
0,0,0.000597986091568587
0,0,0.00010179211309696966
0,0,0.000517979279857056
0,0,0.0001186516891519272
0,0,0.00019308087532591246
0,0,0.0012390085290324739
0,0,0.0177113644046523
0,0,3.3356104706408925e-05
0,0,4.834586568071804e-05
0,0,0.00017214139005569207
0,0,0.0004092107189449397
0,0,0.06454450634368711
0,0,0.00025317233921153627
0,0,0.12790015620358042
0,0,0.00019413212325063096
0,0,0.01751547220120172
0,0,0.0003323434417012504
1,0,0.04641693931961848
0,0,0.004206329540989301
0,0,0.09798666118732219
0,0,0.00021178205728769633
0,0,0.002656419775007529
0,0,8.971237057902035e-05
0,0,0.04798079130580929
0,0,0.00020362337255713567
0,0,0.000244888764636669
0,0,0.15583800719968166
0,0,0.00027509532211767736
0,0,0.0028313076610462155
0,0,0.00042060911163522717
0,0,0.10081056640797521
0,0,0.11518824513667149
0,0,0.020361945295452984
0,0,0.00013895412094530867
0,0,0.0005182342325734899
0,0,0.00011682042081888428
0,0,0.00013227447284541936
0,0,0.005486193048218048
0,0,0.0004870407006785132
0,0,0.0608101479227828
0,0,0.00019661899477454553
0,0,3.7641855207468984e-05
0,0,0.0003596687417150468
0,0,8.659727054372169e-05
0,0,0.009658876678564677
0,0,0.1486734425258575
0,0,6.867340919263687e-05
0,0,1.0294583932678207e-05
0,0,0.00025080850240406436
0,0,0.0012170863396975876
0,0,0.00014146796123325485
0,0,0.00043663516842447044
0,0,0.0008176426690439945
0,0,0.00018366057734146382
0,0,0.0002576653613573074
0,0,0.00011137545239391852
0,0,1.8990896622505615e-05
0,0,0.0003339330890973889
0,0,0.0003948909482368149
0,0,1.0708878363318055e-05
0,0,0.00025819556866598145
0,0,0.002309223244578666
0,0,0.00014465576503238517
0,0,0.19062784765585597
0,0,0.0006189821473482388
0,0,0.0003674679343709575
0,0,0.00011967050689040247
0,0,0.0021062370381666673
0,0,0.0010612985637890964
0,0,0.02145883337209171
0,0,4.525132544415322e-05
0,0,0.0003790033142952674
0,0,0.00011680944706208432
0,0,0.00016247556551430022
0,0,0.0007111290926897387
0,0,6.827673139800325e-05
0,0,0.09692907618789667
0,0,0.23018072934323733
0,0,0.0003973277460722844
0,0,0.3937698643926338
0,0,0.0001310461096274688
0,0,0.00015723057455920792
1,1,0.99801710633069
0,0,0.015643564525542927
0,0,0.00021131833435677032
0,0,0.00030308305742755495
0,0,0.01817339523308148
0,0,0.1217662475666226
0,0,0.0003132904900777156
0,0,0.00010799011235078924
0,0,0.1558340752257119
0,0,1.9383455107959786e-05
0,0,0.00017584789825165196
0,0,0.0005194428664375281
0,0,0.23672833873936056
0,0,0.0006894579330799583
1,1,0.9999917710458659
0,0,4.1618792084877364e-05
0,0,0.01713014186149017
0,0,0.09202118747759071
0,0,0.0003411235420596355
0,0,0.0006586360444067735
0,0,5.5462777081462124e-05
0,0,0.03001032865251902
0,0,0.18222282537765763
0,0,0.00037342969517153887
0,0,0.00203592010712553
0,0,9.998163653555889e-05
0,0,0.0007281804232018166
0,0,0.17988804798510005
0,0,0.0003983756185130751
0,0,0.23312251115895727
0,0,0.0005334380337815647
1,1,0.9988563015642945
0,0,5.536970046901795e-05
0,0,8.223505627334819e-05
0,0,0.0006882914941446077
0,0,0.0058305463141192304
0,0,0.0008011715137885442
0,0,0.0004215267639006316
0,0,0.00015868700789278752
0,0,2.9864342759094894e-05
0,0,0.00014967154029074087
0,0,0.0002771949407787615
0,0,0.0025670788537448144
0,0,0.000246687017592157
0,0,0.0003829838758597281
0,0,6.62350400831837e-05
0,0,3.102030817296078e-05
0,0,1.4449853130579218e-05
0,0,0.0018700297414704584
0,0,0.03398178858317813
0,0,0.0003781256247687522
0,0,0.04789476216364235
0,0,0.00016930185774882171
0,0,0.016580813558779522
0,0,0.036980407803228046
0,0,0.0006305805659528188
0,0,0.06051137241094128
0,0,0.014477046917983457
0,0,0.0001363951270561016
0,0,0.0002565906366765593
0,0,2.7638242337654218e-05
0,0,0.0005621244281363712
0,0,0.00023693074805529612
1,1,0.9999757674241551
1,0,0.3952498367017099
0,0,0.0001591678348942717
0,0,6.851202239220377e-05
0,0,0.00046424064494133416
0,0,0.0003782762170397092
0,0,0.10665959133895227
0,0,0.13365238174427624
1,1,0.9999952867428523
0,0,0.09353708021476238
0,0,0.08904671345247918
0,0,3.756328414345702e-05
0,0,2.7109348511934017e-05
0,0,0.000268447073066213
0,0,0.00022834502950042678
0,0,0.0017206401402852446
0,0,6.851202239220377e-05
0,0,0.0010713168510698833
0,0,0.0005281209323119595
0,0,0.00022899558020141112
0,0,0.0004101393443791098
0,0,0.0004619246317972526
0,0,0.4480734734754294
0,0,0.16733265785705237
0,0,2.7669145423823336e-05
1,1,0.9999801159790829
0,0,7.6028308036289045e-06
0,0,0.003928094297168445
0,0,8.121946292341249e-05
0,0,0.0073046505938469935
1,1,0.9976659366619208
0,0,0.14681713874549934
0,0,0.00022534249715043425
0,0,0.18698544525010796
0,0,0.0003935687672192933
0,0,0.00024040235128875098
0,0,0.012834010022801084
0,0,0.0001682477693797185
0,0,0.00017534596175958943
0,0,0.000315169437345097
0,0,0.07965712767677556
0,0,0.0019910895310726413
0,0,0.03584406294069448
0,0,0.0017498334254992573
0,0,0.01642819286331529
1,1,0.9999616290064125
0,0,0.03334411056781156
0,0,0.0015244467499548355
0,0,0.04721259065543138
0,0,0.04066495939433207
1,0,0.37433159998460025
1,0,0.21565912752777802
0,0,9.374309308555069e-05
0,0,9.157578111994092e-05
0,0,0.0004281058297537007
0,0,0.07906379297772184
0,0,0.00232992303917928
0,0,0.0011481584071593536
0,0,0.0037352526542071317
0,0,0.008186323478963108
1,1,0.9999624634854077
0,0,0.20454902398015892
0,0,9.65300004752161e-05
0,0,0.05524968134403545
0,0,0.043493888277534816
0,0,1.7726981509069234e-05
0,0,0.0006755159173146755
0,0,0.0005730114760764185
0,0,8.403978420757552e-05
0,0,0.00032084487408677527
0,0,0.00020520927127752421
0,0,0.2287551813868286
0,0,0.08595717325231074
0,0,8.420736214650783e-05
0,0,0.0010128586922352114
0,0,0.0001266577499421651
0,0,0.004997424396544437
0,0,0.0010854730979893616
0,0,0.0004937794727350007
1,1,0.9993260000160205
0,0,0.00017250459530355493
0,0,0.0009145468389036132
0,0,0.0005731735549362945
0,0,0.0010977024872434358
0,0,0.0008762025598705588
0,0,0.0021136787728183
0,0,0.0011718103486490438
0,0,5.3393843375026725e-05
0,0,0.1313814706668724
0,0,0.0005568546066485006
0,0,7.044736800710581e-05
0,0,8.582523799851418e-05
0,0,0.0673077115527946
0,0,4.392772864931276e-06
1,1,0.9999571914760871
0,0,0.0005100290263557331
0,0,0.07476218431671225
0,0,0.01608278621793532
1,0,0.1412071191260275
0,0,0.0004960100924126494
0,0,0.0011947248275236528
0,0,8.831491172930923e-05
0,0,9.223907752136198e-05
0,0,0.0003378925759784525
0,0,0.0003459234338653543
0,0,0.02288630787354285
0,0,0.00023497024265118165
0,0,6.946881682268872e-05
0,0,0.008368195087706193
0,0,0.2996817323729603
1,0,0.028705167621665056
0,0,0.00033241546723252374
0,0,0.023366782485328287
0,0,9.613647694690061e-06
0,0,0.22693633833772703
0,0,1.4758797525225151e-05
0,0,0.047995413634973574
0,0,0.00831685775886545
0,0,0.0001040329261334191
0,0,0.0004201397616895029
0,0,0.013952767918739752
0,0,0.00010871077245841275
0,0,0.0001871125698743022
0,0,0.000453457072929787
0,0,0.00046208364801370754
0,0,0.0017410109266878552
0,0,0.02236076530270799
0,0,0.0013803174429024598
0,0,9.325598728865775e-06
1,1,0.9999770289825672
1,0,0.3221846742260492
0,0,0.0013825952461738482
0,0,0.0008415515404450125
0,0,0.00017679308916592883
0,0,0.0006535688943670553
0,0,0.021709632491935225
0,0,0.00043891827471138385
0,0,0.00016467260882594223
0,0,0.00012099195529459847
0,0,0.02861845246534614
0,0,0.0006878686974776934
0,0,0.00023205082461840495
0,0,0.004821995693617268
0,0,0.20095791180873923
0,0,6.267879820774464e-05
0,0,6.095169827362911e-05
0,0,0.0004475193590480167
0,0,1.6570652682864978e-05
0,0,6.942150088320291e-05
0,0,1.95986169835773e-05
0,0,0.19054588758788069
0,0,0.0001527724210947687
0,0,4.453369601877814e-05
0,0,0.00017532850365358153
0,0,8.189026603244925e-05
0,0,0.000272884379380373
0,0,0.0005394128482794206
1,0,0.043955531824404225
1,0,0.26691560231223715
0,0,0.00011355377526015282
0,0,8.903878373079063e-05
0,0,9.55835558976764e-06
0,0,0.0002127588233554136
0,0,0.00016853192001556674
0,0,0.01791955837635419
0,0,0.007878703188043389
0,0,0.11104909021478893
0,0,0.0009606226599610803
0,0,0.011189006642766206
0,0,0.36582081905172925
0,0,0.0012049801035195406
0,0,0.004592361150278376
0,0,0.00016046964313203143
1,0,0.13651703485093933
0,0,1.649842834613307e-05
1,1,0.9940346825614703
0,0,0.00592057382913187
0,0,0.0006469744866405127
0,0,7.170281784317221e-05
0,0,0.0003730808535388138
0,0,6.270247803648264e-05
1,0,0.4816513100269594
0,0,0.00010697419991860368
0,0,0.00010346857340598115
0,0,0.00021457711866716396
0,0,0.03568415802320891
0,0,0.014730333052104028
0,0,0.01744436169891642
0,0,0.0001319050287588824
0,0,1.348615576618181e-05
0,0,0.00010324906243570965
0,0,0.023682449748131513
0,0,0.0021274994808671453
1,0,0.20922772458596858
0,0,0.00015532216963278192
0,1,0.573592487243164
0,0,3.3415787623121784e-05
1,1,0.9984577793767051
0,0,0.06245664620381766
1,0,0.13462779518757118
0,0,0.00022038896878698539
0,1,0.6001527843779195
0,0,3.516472156504065e-05
0,0,0.019894374893134465
0,0,8.055176655739607e-05
0,0,0.001992387844262147
0,0,0.006748633709220092
1,0,0.11785659192334634
0,0,0.00015677911019915575
0,0,2.8184873324971093e-05
0,0,0.01697092540702445
0,0,0.00014203362138068168
1,1,0.9874224136574977
0,0,0.04430894176496481
1,1,0.9986066385744762
0,0,9.58777046518094e-05
0,0,0.00015258372873934385
0,0,9.368539280129103e-05
0,0,0.00048575006867328593
0,0,0.0004807044946859897
0,0,8.986612360663961e-05
0,0,0.0002490607864692256
0,0,0.0518729488823857
0,0,7.670311992947927e-05
0,0,0.001444835919659725
1,1,0.9999675533856516
0,0,0.11795808978897628
0,0,0.0006065201584433827
0,0,0.0002837061675482191
0,0,0.0002017274688694414
0,0,0.00011621078271658375
0,0,0.00014037476860002723
0,0,0.0005500490662421005
1,0,0.18093311223611824
0,0,0.20331596345704828
0,0,2.8316092095174163e-05
0,0,0.24931975533533857
0,0,0.006984677950064345
0,0,0.00031776412315933495
1,1,0.99929085006799
0,0,0.210378691432306
0,0,0.00013743341991038444
0,0,0.015891715698634394
0,0,0.00038132433486254795
0,0,0.00039881077212966266
0,0,4.000143940598968e-05
1,1,0.999974343001898
0,0,0.00015254273315077813
0,0,7.716707854726663e-05
0,0,5.1725120354184874e-05
0,0,1.0035278600647345e-05
0,0,0.1236113935518939
0,0,0.00027822717454448724
0,0,0.0001994531127905304
0,0,0.0003772405376330215
0,0,0.05706838402407387
0,0,0.0031801357101889902
0,0,0.15811251170787047
0,0,0.22909061896039706
0,0,0.10500614754352566
0,0,8.473311742720915e-05
1,0,0.07054815338726798
0,0,0.0006654841323980672
0,0,0.0002766406564320465
0,0,0.00012753208229222788
0,0,0.004177439436508852
0,0,1.95986169835773e-05
0,0,0.007219036615276451
1,1,0.9907788231497051
0,0,5.3583724684071695e-05
0,0,0.006083997515568021
0,0,0.0013002427173212621
0,0,0.00965525001784834
0,0,0.019644249260901588
0,0,0.09389148515772514
0,0,0.0010754597459032324
0,0,0.0009449161256264605
0,0,0.004601750485391634
0,0,8.747576972592356e-05
0,0,0.0005335587444989468
0,0,0.08285938993032252
0,0,8.140646603245786e-05
0,0,9.813198157159512e-05
0,0,0.00013052248263888645
1,1,0.9995032956885084
0,0,0.048065595184607054
0,0,0.0006212571275495499
0,0,0.00035747984953686193
0,0,0.0005887656204425739
0,0,0.00021261797699482102
0,0,0.23337458086543994
0,0,0.0003672613368903784
0,0,0.2923701521287935
0,0,0.014651383687762207
1,1,0.9999461254882226
0,0,1.558792796340394e-05
0,0,2.8222971153882754e-05
0,0,0.00021514259902635652
0,0,0.03168134400620081
0,0,0.1267926113355816
1,1,0.9984203219891646
0,0,0.3830786900054722
0,0,3.178050265797371e-05
0,0,0.006772564318548308
0,0,0.00031124166405207236
0,0,0.00744464810040884
0,0,0.0003490325645092476
0,0,0.006360803697217703
0,0,0.026099812006556988
0,0,0.00044707321940364747
0,0,0.13821805014173286
0,0,0.00010871184837334873
0,0,0.0004279152420879903
0,0,0.00025253078158873053
0,0,0.14492854657451731
0,0,7.922153911171797e-05
0,0,0.00023668532720355287
0,0,4.556555407349277e-05
0,0,0.06873594242405488
0,0,1.2701439152691888e-05
0,0,0.017626960391490528
0,0,0.000508203833174059
0,0,0.2166589832927703
0,0,0.00027034187533349916
1,0,0.06635067078960911
0,0,0.010484663470631593
0,0,0.0003132251694388722
0,0,5.9582464637455796e-05
0,0,0.0523793901603165
0,0,0.02309464390939972
0,0,0.00010400212178060173
0,0,6.657317584923229e-05
1,1,0.9982517483504137
0,0,0.031559738134765904
0,0,0.0001713030322786274
0,0,0.002970021707150541
0,0,0.01825421935094603
0,0,4.6158754583623146e-05
0,0,7.95012012070138e-05
1,1,0.9992057485035014
0,0,0.0002673708432348646
0,0,0.03099016730195033
0,0,0.005610932433401644
0,0,0.2738677299901922
0,0,0.00031883543667500405
1,1,0.9995713306939583
0,0,0.005030762825132417
0,0,0.00010655672973695066
0,0,0.0026089065961845412
0,0,0.06988020879717914
0,0,0.00014724492503904017
0,0,0.10911542865287538
0,0,0.00013528618097549146
0,0,0.00025544288000534874
0,0,9.317476542483705e-05
0,0,0.0009006820425830443
0,0,0.06179412065509496
0,0,0.000126444254698957
0,0,0.0003595558059144182
0,0,0.15142032697111815
0,0,8.998117012217026e-05
0,0,0.011651827219077758
0,0,0.0011500485779664378
0,0,4.131548613111735e-05
0,0,0.00023680329637486465
0,0,0.2343218382602226
0,0,0.024937150859050353
0,0,0.15352468075043502
1,1,0.5922196066771387
1,0,0.10928177466533032
0,0,0.00012099195529459847
0,0,0.002468664179392517
1,0,0.1824230320822582
0,0,0.0006079677557651011
0,0,0.00016605545837612668
0,0,0.0004741612716728719
0,0,0.000678245618744396
0,0,0.009852943256281273
0,0,6.445896897339444e-05
0,0,0.020177699523034803
0,0,0.028862019987200626
0,0,0.0001547188386650355
0,0,0.0007030920547317002
0,0,0.03988248403707239
0,0,3.48663946414392e-05
0,0,0.0007790874737135946
0,0,1.880694742296083e-05
0,0,0.05998741187761681
0,0,0.0001404418707243567
0,0,0.19654257986805101
0,0,0.002075959272730871
0,0,0.0016915555347334279
0,0,0.00685281525469476
0,0,8.335308497958412e-05
0,0,5.64329127410207e-05
0,0,0.030746505476182497
0,0,0.017983137339284996
0,0,0.00023359247264142298
0,0,0.00010691212545547508
0,0,0.0019529867180314265
0,0,0.011197522061500062
0,0,5.092856655868245e-05
0,0,0.2851016643742539
0,0,0.00022823221715791216
0,0,6.141663234497083e-05
0,0,0.08933649070683171
0,0,0.0021091926278612506
0,0,0.008668854401525965
0,0,2.7398808944680333e-05
0,0,0.14420992115042963
0,0,0.10083752743906745
0,0,0.0008146607796094222
0,0,0.0003174901493280368
1,1,0.9970354638166861
0,0,0.0005457444620201368
0,0,8.55515518243481e-05
0,0,0.00024500545590268606
0,0,0.0003889808371004563
0,0,0.2992097851314614
0,0,0.0005450628797567586
0,0,0.0010644002942310506
0,0,0.06292223040316441
0,0,0.0007191505967956077
0,0,0.0005888266331930723
0,0,1.0035278600647345e-05
0,0,0.00020040971347589726
0,0,7.611823740411844e-05
0,0,0.002473702998472682
0,0,0.007042042663803175
0,0,0.0002821187777710385
0,0,0.0006984095334161577
0,0,0.0005015611008340557
0,0,2.533303497650169e-05
0,0,0.0007016953428905717
0,0,0.0017930000137316902
0,0,0.0001817576232967455
1,1,0.997047365931824
1,0,0.33508462166590214
0,0,0.0006466879236218508
0,0,0.0003803777746510846
0,0,0.00028105788318373294
0,0,0.2399460182897463
0,0,0.03875579768121542
0,0,0.04191316074754259
0,0,0.27425858790194557
0,0,0.0005451474689334879
0,0,0.001248798666068029
0,0,0.00028605092301991824
0,0,0.0004253123104323865
0,0,0.00028998213895700995
0,0,0.00011401195279774464
0,0,0.0009789524352379086
1,0,0.08570316676813393
0,0,0.39591563689243436
0,0,0.06873273987488886
0,0,0.0011871999432540342
0,0,0.0031516934436281517
0,0,0.00022405774868353737
0,0,0.00025631433615491976
0,0,6.664219991739151e-05
0,0,0.0003267885186779188
0,0,8.358864425546264e-05
0,0,1.95986169835773e-05
0,0,4.7769352015891394e-05
0,0,0.00030731446952024706
0,0,0.00024738184879541787
0,0,0.0002358920457110927
0,0,0.0017884999110194305
0,0,0.031066656391872813
0,0,0.00045542626422462383
0,0,0.197020964173086
0,0,1.6168250433632634e-05
0,0,0.010587400823755826
0,0,0.1566637341139628
1,1,0.9997047369310184
0,0,0.09272428190770993
0,0,0.22026507533530582
0,0,5.0231828749548887e-05
0,0,0.0007118362264503402
0,0,0.0002511447694723458
0,0,0.00016807080937539703
0,0,0.06672370425729315
1,1,0.9981496354603682
0,0,2.4252886401657587e-05
0,0,0.00038565506909138007
1,1,0.9999934531397081
0,0,3.384924486939998e-05
1,1,0.9986562076315099
0,0,0.00024615200198738354
0,0,6.705076972288632e-05
0,0,0.06463400109523465
0,0,0.0001363951270561016
0,0,0.0010331232833506088
0,0,0.4230284158139061
1,0,0.11377310071513318
0,0,0.11524039589624355
0,0,0.00039395443321361864
0,0,0.0016689319595201138
0,0,0.0003631725064236564
0,0,0.23818512284791146
0,0,0.0004253620605195187
0,0,0.000242542433503899
0,0,3.4834758379374475e-05
0,0,0.00022035663672024416
0,0,6.318895067107621e-05
0,0,0.000533611084272235
0,0,0.00017577965460869043
0,0,1.95986169835773e-05
0,0,0.00013301019098546207
0,0,2.9864342759094894e-05
0,0,0.00023917246341623494
0,0,0.0012191371358937248
0,0,0.00024103931398993276
0,0,0.00034645851463452505
0,0,0.00010936970784340546
0,0,0.004065170112983319
0,0,0.08176836856385879
0,0,0.06144849843867582
0,0,0.06112153240815603
0,0,7.61548685777535e-05
1,1,0.9972383877234989
0,0,0.000804301272216288
0,0,7.748806291240425e-05
0,0,5.253785908508682e-05
0,0,4.092516928276841e-05
0,0,0.0007793462540049044
0,0,0.0004142835662938976
0,0,1.022462338489487e-05
0,0,1.6913077251518847e-05
0,0,0.0001376266300168087
0,0,0.0020030388085915825
0,0,0.12319813500715618
0,0,0.046897627343708
0,0,0.005303033747592419
0,0,0.10601694552159491
0,0,0.02602955985714714
0,0,0.0001033367773783513
0,0,0.0001458361825886017
0,0,0.00041925888759426164
0,0,0.0005396425461055883
0,0,0.007447552506439809
0,0,0.0005636786520659324
0,0,0.00010623735574373144
0,0,0.03584307059737938
0,0,0.00022749480093472104
1,1,0.9964453991086698
0,0,0.004031566079260171
0,0,0.000987288641800466
0,0,0.0005433907665610768
0,0,9.704675965759051e-05
0,0,0.0008655400119849946
0,0,0.20763079411207516
0,0,2.519913279584255e-05
0,0,0.0012798686584466613
0,0,0.0004310214492103923
0,0,0.00010555250775366643
0,0,0.32989814651355415
0,0,0.0004161692889648546
0,0,0.12101485122417932
0,0,0.00013348480752775377
0,0,0.0006031431281043689
0,0,5.1116043397388036e-05
0,0,0.000623517470074124
0,0,2.5645399993837087e-05
0,0,0.08370318260118036
0,0,0.00030229587955595444
0,0,0.0003275632162143505
0,0,0.0003141506422023519
0,0,0.06323784415207725
0,0,0.0004875331907793413
0,0,0.006667102609884362
0,0,0.0004028007232147263
0,0,0.20308151826768484
0,0,0.05227561924218013
0,0,0.0002114438881349887
0,0,0.0003560971264609901
0,0,6.461174867871235e-06
0,0,4.380967929703336e-06
0,0,3.587414778185275e-05
0,0,0.19923457182102897
1,1,0.9869388478440474
0,0,0.00021444236508121582
0,0,0.025418522601637777
0,0,2.1583873632728568e-05
0,0,0.009499854453232889
0,0,0.01035210822914171
0,0,0.00036122474788033036
0,0,0.1303660070212926
0,0,2.594172269079089e-05
0,0,0.000788907399061084
0,0,0.0002787615012993437
0,0,0.00021932274936229014
0,0,0.0003310144192522318
0,0,0.01774264764910131
0,0,0.10127510772855909
0,0,7.364945029352194e-05
1,1,0.998661017407962
0,0,0.006929283077175818
0,0,5.5542930500178e-05
0,0,0.16513168019042962
0,0,0.00021686221298532356
0,0,0.36443549286819854
0,0,8.310991572479044e-05
0,0,3.277656191503134e-05
0,0,2.5162198327425525e-05
0,0,0.0029247751124851823
0,0,0.00016905456379769996
0,0,0.178199060370562
0,0,0.0007269771208129498
0,0,0.07583911373164158
0,0,0.0004908663155411353
0,0,0.0001939457613715035
0,0,0.026594048035482556
0,0,0.00033698005181923804
0,0,0.0003486104110219666
0,0,0.013710453630234999
0,0,0.004546152818151341
0,0,0.15193446529190938
0,0,0.4289582695068036
1,1,0.9989114661999317
0,0,0.0002475730786455556
0,0,0.20032957761916065
0,0,0.10932758878402321
0,0,8.083373013951801e-05
0,0,0.0029502458827280393
0,0,0.10830649995780113
0,0,4.1884171428543284e-05
0,0,0.00020700102129753785
1,0,0.07215984518873593
0,0,0.00012937532560622253
1,1,0.9983240891865874
0,0,2.3738205848465567e-05
0,0,0.0001420272510899019
0,0,3.507057200575323e-05
0,0,9.267848841435056e-05
0,0,0.0002564211465601688
1,0,0.19400236140388302
0,0,0.00024057846174263496
0,0,0.002578020191052513
1,0,0.4399045779310839
0,0,0.00012133114569149715
0,0,0.00020702723048717403
0,0,6.401181892669258e-05
0,0,0.030541331472324004
0,0,0.029783582518675515
0,0,0.00035075754131915155
0,0,8.623341366933387e-05
0,0,0.05870213610847492
0,0,0.0003379658125125609
0,0,8.658592409782429e-05
0,0,0.037094524206210955
1,1,0.9980645500051432
1,0,0.06324484833050398
0,0,0.0002549851716070428
0,0,0.00013691605342864264
0,0,0.1832678092265905
0,0,0.010002964189787559
1,1,0.998379671070625
0,0,0.07788203759303329
1,1,0.9983104940270153
0,0,0.0013076885843868666
0,0,0.0023653935765929907
0,0,0.00010602166725014482
0,0,0.045209603492479725
0,0,0.00014366068708642212
0,0,0.010688949212155945
0,0,0.000382944036685957
0,0,0.00021361202327915688
0,0,0.0004894855094064745
0,0,1.1520027980974495e-05
0,0,4.2068536494953366e-05
0,0,0.000190024723793684
0,0,0.0001833509365861067
0,0,0.0001427688525345985
0,0,0.0420014700864447
0,0,0.00011569626603507507
0,0,3.5487117533139967e-05
0,0,0.00025701074280675014
0,0,0.2383722322046862
0,0,0.00016997423898903322
0,0,0.09261939362657129
0,0,0.00020176663552194687
0,0,0.07048248937066484
0,0,0.0002230858776699674
0,0,0.09651926187834128
0,0,0.00021269478359387756
0,0,8.419864850385723e-05
0,0,0.0009090933420108895
0,0,0.21432518119306657
0,0,0.00023420423837215696
0,0,3.5572213739483846e-05
0,0,0.00015458443420302283
0,0,0.013524981054666343
0,0,0.19138761064667364
0,0,0.00023036097874084408
0,0,0.0002096736024954495
0,0,0.00019595222089589692
0,0,3.745712624228522e-05
0,0,0.02057652186109299
0,0,0.047877501919518735
0,0,0.1949490999746564
0,0,4.166334123794895e-05
0,0,0.1359840443511996
0,0,8.777838444837735e-05
0,0,6.215795769779128e-05
0,0,0.0003704785076773612
0,0,0.0011602080462032606
1,1,0.9999834368624438
0,0,0.0011072276262779172
0,0,0.04725022189566994
0,0,0.053478500671945525
0,0,0.10086983572826315
0,0,0.16432579272117903
0,0,0.050747483634171926
0,0,0.0006533177249025089
0,0,0.0005500490662421005
0,0,1.8560865499982683e-05
0,0,0.00019090699773633766
0,0,0.13566152559684036
0,0,0.02018841020500581
0,0,0.13959432036543107
0,0,7.63812597270706e-05
0,0,0.004576263875546487
0,0,0.00027419477710427336
0,0,0.0011166341747068272
0,0,0.03922383880286919
0,0,0.006713797643992907
0,0,0.014152773701717945
0,0,0.00011348918046522654
0,0,2.5059012256457532e-05
0,0,0.09640059573989596
0,0,0.006568371209550146
1,1,0.9999726128568803
0,0,0.0004208689699052734
0,0,0.27750813888101766
0,0,0.00048567707026907496
0,0,3.64047689941436e-05
0,0,0.0003036674535856603
1,1,0.6786695375938562
0,0,3.4429460892458264e-05
0,0,0.0005666971568694828
0,0,3.55235530268863e-05
0,0,0.06791051909244868
0,0,1.7735495963616685e-05
0,0,0.119311020428668
0,0,9.52017540585677e-06
0,0,0.14698201940073094
0,0,0.0001919142041502957
0,0,4.9361866856888006e-05
0,0,0.298337731953891
0,0,2.5739416238590143e-05
0,0,0.0005527882061657403
0,0,0.006966220123720641
0,0,9.183421083414625e-05
0,0,3.526727710869158e-05
0,0,7.994624879677516e-05
0,0,0.001007582904036315
0,0,8.304229378241632e-05
0,0,0.0006464507803958579
0,0,0.0026908470021883312
0,0,0.020745312041166863
0,0,0.14945436398114711
0,0,3.0461106386869548e-05
0,1,0.5697406386935799
0,0,3.354705013804213e-05
1,0,0.11437114681722413
0,0,0.002397673305628161
0,0,4.201004951974661e-05
0,0,0.0014466382644996649
0,0,0.10811912954683915
0,0,0.10845569258034783
0,0,0.00021166705561418594
0,0,0.007736230665212967
0,0,6.456045517561114e-05
0,0,3.4619798912418786e-05
0,0,0.0011485473556475194
0,0,0.0004140869543059391
0,0,0.0003417636815336533
0,0,0.045991193595644804
0,0,0.00023939891436842173
0,0,0.10084761573517902
0,0,3.126461119700703e-05
0,0,0.0017110368882823873
0,0,3.078571272182137e-05
0,0,0.00030894423842801877
0,0,0.04739938944716663
0,0,0.01000769571509767
0,0,0.00012412311056766206
0,0,0.010071287094725169
0,0,0.0004387545002518429
0,0,0.00022706552627768572
0,0,0.0035373232102837433
0,0,0.0004286291329591521
0,0,0.00013137880694213353
0,0,0.0003760625936359952
0,0,0.03189670380501899
0,0,0.024735370653046897
0,0,0.003349130565429334
0,0,0.0008080790304440842
0,0,9.864150577892103e-05
0,0,0.00033501317231771283
0,0,0.004451767557906656
0,0,6.390051029885032e-05
0,0,0.0002636346019507594
0,0,4.8991233343014025e-05
0,0,0.0012159748784715072
0,0,0.3627805889009306
0,0,0.0001572426542278699
0,0,0.0015665226731834696
0,0,0.0005096661328927955
0,0,2.9232297800071435e-05
0,0,0.00011183919475542287
0,0,1.3911399842445914e-05
1,1,0.9983928346832524
0,0,0.018995336717423796
0,0,0.0009066736302428066
0,0,0.0018317803085084428
0,0,0.0001960238809164243
0,0,0.0009900081875768303
0,0,0.0007068725862525017
0,1,0.9081082707545205
0,0,1.118168624470381e-05
0,0,0.019028262881237882
0,0,0.0703420309410712
0,0,0.013059090510999589
0,0,8.81330415212702e-05
0,0,6.569923249240306e-05
0,0,8.403978420757552e-05
0,0,7.924356955985621e-05
0,0,2.7109348511934017e-05
1,1,0.9999749144857817
0,0,7.547025961933683e-05
0,0,0.099553902681215
0,0,5.604185715325513e-05
0,0,0.10223004749616976
0,0,0.05411832327373334
0,0,3.5841166065237846e-05
0,0,6.630027642340703e-05
0,0,3.514123029385869e-05
0,0,0.000539007889252386
0,0,2.664416012397982e-05
0,0,0.0022380944765623446
0,0,0.0004026500088596089
0,0,0.00038137072739958606
0,0,0.0021195380647878958
0,0,9.104610039421388e-05
0,0,0.0004549287619113816
0,0,0.014984457702536272
0,0,0.000310565808509332
0,0,0.11728117728085687
0,0,0.005789680707937287
0,0,6.0831652015861144e-05
0,0,0.01237805277570737
0,0,0.01844274033505021
0,0,0.00024051567908240604
0,0,0.0010701943406215067
0,0,0.012939060837755601
0,0,0.01039269835445355
0,0,0.0003075181584881515
0,0,0.18666286425800252
0,0,0.02938668503183895
0,0,0.00025996139331514154
0,0,0.0428220742511454
0,0,5.7360606801698156e-05
0,0,0.2788580469068826
0,0,0.2905276563133131
0,0,0.0021415206315940913
0,0,0.0005103018437922091
0,0,0.18033267954673463
1,0,0.2394644513755712
0,0,0.10217794470147033
0,0,0.011834972143961595
0,0,1.558792796340394e-05
0,0,0.00010927436402575835
0,0,0.00039492195709270225
0,0,0.1923484832783544
0,0,7.450250057050016e-05
0,0,0.2568071264663049
0,0,0.0004625149129877873
0,0,0.017270184323327414
0,0,0.043444329541685485
0,0,2.988882570756553e-05
0,0,0.0008511238362245554
0,0,0.00045209472600057736
1,0,0.0014566106681041136
1,0,0.061189569402001924
0,0,0.00016977283332462873
0,0,0.000576783745234104
0,0,0.00022897465411780634
0,0,0.00014988970420950617
0,0,0.00014182385670030343
0,0,0.03321566954636516
0,0,0.10389741516020089
0,0,0.00029664169747700513
0,0,0.0012446294484730373
1,1,0.993127774028751
1,1,0.9981569740773598
1,1,0.9990457328890343
0,0,0.38652574372691767
0,0,0.014103840839384754
0,0,1.7598395230677264e-05
0,0,0.01736141453627041
0,0,0.04921283066898695
0,0,6.223130701343431e-05
0,0,8.095626279968397e-05
0,0,0.00017547605679707218
0,0,0.00015862822013800894
0,0,0.00020711852510332113
0,0,0.00018749571802553257
0,0,2.3375868926032407e-05
0,0,0.0741346418514818
0,0,6.630027642340703e-05
0,0,0.00797381643634351
0,0,0.00011745279187189553
0,0,0.012809865855791247
0,0,0.0004036694151287215
0,0,1.1288399543828916e-05
0,0,5.265460941144402e-05
1,0,0.38460739975722436
0,0,0.05685259738061321
0,0,0.0953919918423401
0,0,0.00039581227942629715
0,0,0.02932965360092758
0,0,0.00017532850365358153
0,0,0.2956239463851357
0,0,0.2956770230550989
0,0,0.005605734444917891
0,0,0.0716053043749969
0,0,6.63894853361579e-05
0,0,0.0006380598690096458
0,0,0.0006430674173340652
0,0,0.019589195130387062
0,0,0.01703632793308805
0,0,0.22299123926352285
0,0,0.0009919278973901074
0,0,0.006849669845346232
1,1,0.9988077546199805
0,0,0.0001212213200988461
0,0,0.014354703408990383
0,0,0.0002472833721396771
0,0,0.0003292736577718353
0,0,0.0008486334773466816
0,0,0.05611127372523881
0,0,0.0029759766962754353
0,0,0.00023915799455207813
1,0,0.026101060039224334
0,0,0.0010625582369816408
0,0,0.16430650490853177
0,0,0.00013209137479371357
0,0,0.000339335540798403
0,0,1.6303545791379783e-05
0,0,0.0004792256636613943
0,0,0.0002909836712592216
0,0,0.022492917906311288
0,0,0.0010343136358762365
0,0,0.00026009568154014014
0,0,0.11649247420965222
0,0,0.0002910404706947617
0,0,0.006255136811505843
0,0,0.0001901241375144324
0,0,7.034452172489483e-05
0,0,0.00047939782408223003
0,0,0.03394529514811404
0,0,0.00023153342014213833
0,1,0.6214676766072191
0,0,0.0041546152260046425
0,0,0.3288143971680627
0,0,0.0005078501518259516
0,0,0.0003457795084970524
0,0,3.8278578183715296e-05
0,0,0.0004284600905311
0,0,0.0009257927911640844
0,0,0.0001801252624816687
0,0,0.005589217067502818
0,0,0.028506306654114674
0,0,0.1809605943253166
0,0,0.00014073744123175346
0,0,0.00011025706627377022
0,0,0.0010354176595585467
0,0,0.4936020587004545
0,0,0.001446812714489428
0,0,0.008913089309769738
0,0,0.0010949651911514576
0,0,0.000727195019689084
0,0,0.24402564019329873
0,0,0.000244785384572443
0,0,0.0010713168510698833
0,0,0.0008146867111223711
0,0,0.0005124024861593878
0,0,0.040575483202945205
0,0,0.00012016239463202331
0,0,0.15276512730578673
0,0,0.051633301372873454
0,0,0.03781702999666726
0,0,0.0003778597435081315
0,0,8.63687226414606e-05
0,0,0.0008391939038629175
0,0,0.0001909473850687749
0,0,2.9864342759094894e-05
0,0,0.10767719707510641
0,0,0.0007296000133921931
0,0,0.0279484698694421
0,0,8.70019449511236e-05
0,0,0.00035615077071140454
0,0,2.681298038795322e-05
0,0,0.0005495153127805163
0,0,0.19986924251955954
0,0,9.205786006406775e-05
0,0,0.01213442156890642
0,0,0.0009432305143545647
0,0,0.008708332723122948
0,0,0.4654628061101225
0,0,4.765658320763275e-05
0,0,0.0003795204965763203
0,0,0.008261117792308264
0,0,0.008613630803272855
0,0,0.0006789963465308145
0,0,0.001868804256152198
0,0,0.00013012914148818688
0,0,0.0004216854321340452
0,0,0.0005737539264476703
0,0,0.05862112779123346
0,0,4.891517685932416e-05
0,0,0.00039256778904301525
0,0,0.18984588513005224
0,0,1.4503618501125319e-05
0,0,0.09504823217862106
0,0,0.0010775367961474763
0,0,0.0567070833142318
0,0,0.00034822219282616804
0,0,5.054689802287527e-05
0,0,9.175433497066354e-05
1,1,0.9983739173804599
0,0,0.00019239909799433002
0,0,0.00015453072064424613
0,0,0.08021976207380764
0,0,0.12362224298000997
0,0,7.111655178533003e-05
0,0,0.17856197843574886
0,0,0.10457549327709009
0,0,0.00013349328020774954
0,0,0.00015266499853040314
0,0,0.017318409913125696
0,0,0.00035099075878967766
0,0,0.00011353618677246378
0,0,0.009018542295652613
0,0,0.06388407762783205
1,0,0.4754045024130012
0,0,0.0002444919119104171
1,1,0.9992384637684301
0,0,6.015908945087682e-05
0,0,0.0034818345553513735
0,0,0.3356675078400689
1,1,0.999994058174833
0,0,8.614750254950932e-05
0,0,4.758079103009043e-05
0,0,0.00025981893881525593
0,0,0.09056452168046898
0,0,0.0007932786686567883
0,0,0.000459640149171044
0,0,2.784348305968475e-05
0,0,0.0011193555768329525
0,0,1.506576730498932e-05
0,0,0.0002772666074032098
0,0,0.00021654749586467895
0,0,0.0019622434955559195
0,0,0.04178758818397401
0,0,0.0003024122697314814
0,0,0.11129742013074352
0,0,0.00028643340947740316
0,0,4.392168125896638e-05
0,0,0.08199176436889372
0,0,0.00010532870899043885
0,0,0.1842019387041287
1,1,0.999985811494404
0,0,0.0051748059789463105
0,0,0.13704185025668963
0,0,0.00029485755751916087
0,0,0.1535469911157204
0,0,0.0007303164903104159
0,0,0.027342902800789236
0,0,0.0007765620318777963
0,0,0.0012676774624405238
0,0,0.008480571192314192
0,0,0.00195556632261931
1,0,0.28925572257812937
0,0,0.007080442605523866
1,1,0.9984962338161061
0,0,0.0002792425334721428
0,0,6.77672198904953e-05
1,1,0.9988191430056699
0,0,0.017445179765398954
1,1,0.9955931827284591
0,0,0.059026271453917006
0,0,0.027864909013934597
0,0,1.4400745323374862e-05
0,0,0.021968950294815222
0,0,0.03078505275905842
1,1,0.9971284696678134
1,1,0.9999719010986639
0,0,0.00010013029354578308
0,0,0.004699664413265687
1,1,0.9942958072911292
0,0,0.006090138298254639
0,0,0.17296196518639909
0,0,0.04953883174425199
0,0,0.0003706748301289755
0,0,5.059332117539749e-05
0,0,0.00063588177332594
0,0,0.030648853068414084
0,0,8.322295939127996e-05
0,0,0.027867369928442458
0,0,9.579839778698123e-05
0,0,0.00027907647886988874
0,0,0.0002935247185987501
0,0,7.359294358239899e-05
0,0,0.08608462623878375
0,0,0.0006780648151284306
0,0,0.006222805300157432
0,0,0.0004028007232147263
0,0,0.0004075288296149126
0,0,0.00023411561815772956
0,0,0.009478422269437436
0,0,3.363965979149999e-05
0,0,0.0004663397448574084
0,0,6.469311333300358e-05
0,0,0.0022947927295257874
0,0,0.11315343701774899
0,0,0.036875732437191514
0,0,0.000986943362107524
0,0,0.00013219350739116913
0,0,0.010681134680293042
0,0,0.07703096079342386
0,0,0.011262768053763457
0,0,0.00012969870191526122
0,0,0.00011183919475542287
0,0,0.011498553994775751
0,0,0.002794285737709722
1,1,0.9927673817767512
0,0,3.64047689941436e-05
0,0,0.00017808393719228078
0,0,8.579145945814486e-06
0,0,1.7524343080477697e-05
0,0,0.0002877152951394975
0,0,0.0005831421234037222
0,0,0.000299040626588789
0,0,5.2210175649987336e-05
0,0,0.0005999903419587176
0,0,4.239942960419458e-05
0,0,0.00012460407787176592
0,0,0.0001238865951099671
0,0,6.153660976364152e-05
1,0,0.04431625087361948
0,0,0.007697191985473611
0,0,0.001182791540725532
0,0,6.288191731771145e-05
0,0,1.166401901487385e-05
0,0,0.003272597615520861
0,0,0.0003213288213722594
0,0,9.185935887408687e-06
1,1,0.9999622694863624
0,0,0.10599984685691287
1,1,0.9991475518747284
0,0,0.0003738225622495039
0,0,0.0001652844467657489
0,0,0.00232829364093335
0,0,0.0004970377393110063
0,0,4.656595409908623e-05
0,0,0.039889356316531434
0,0,0.004605258851666844
0,0,0.00016601935361842198
0,0,2.838568328707941e-05
0,0,5.1725120354184874e-05
0,0,0.0006643997917021206
0,0,0.0007856268649172831
0,0,0.00019413509556547086
0,0,0.043064860394468
0,0,0.00011713184870853187
0,0,0.11152043504364892
0,0,0.00044712047386501663
0,0,5.871878451880478e-05
0,0,0.000699783039179992
1,1,0.9986724986128807
0,0,0.012952968849890004
0,0,0.0001631968370915357
0,0,0.001765435283387774
0,0,0.1455531835496141
0,0,7.782808818063723e-05
0,0,0.17555322545871183
0,0,0.0005184627209851099
0,0,1.4453459104324773e-05
0,0,0.0024084294400982947
0,0,0.06318090960994806
0,0,0.001688959674851018
0,0,0.0007699177815519919
1,1,0.9912587626675069
0,0,0.012284885935331245
0,0,0.00010372179198508514
0,0,0.44527985226878614
0,0,0.0013154420637328486
0,0,0.00010442376871686862
1,1,0.9987357538392269
0,0,0.000205348702530608
0,0,0.11423421595713895
0,0,0.00029409912013479656
0,0,7.674131643668927e-05
0,1,0.5866897163228407
1,0,0.3908637580597426
0,0,0.00010201462831433219
0,0,8.855721021521626e-06
0,0,0.006153732327471868
0,0,0.1674172240912448
0,0,0.00010609445878513485
0,0,0.03734498204043828
0,0,0.004714239838547533
0,0,0.0036378678584387328
0,0,2.429122285190492e-05
0,0,0.03226538497943256
0,0,7.626039029097873e-06
0,0,0.07307929669780093
1,0,0.20135073702096049
0,0,0.2778721204957471
1,1,0.9999828563925713
1,0,0.037692097057755204
0,0,9.953238141588146e-05
0,0,2.1989582515046553e-05
0,0,6.0831652015861144e-05
0,0,0.00037808312440667564
0,0,7.082254897956035e-05
0,0,0.47067977125473204
0,0,0.0017105666916201851
0,0,0.005390723477597571
0,0,9.979327541818523e-05
0,0,0.16126839601741105
0,0,0.03901560627105636
1,1,0.9988975869803058
0,0,0.00015459474192647992
0,0,0.012083282025920548
0,0,9.61696170511252e-06
0,0,5.7143793607808374e-05
0,0,4.477120932535586e-06
0,0,0.00024630664659213455
0,0,0.0003226386627507597
0,0,0.0013803174429024598
0,0,0.05915915317586515
1,1,0.9968761197126627
1,1,0.9999669550150656
1,0,0.18029224051548082
0,0,0.0004110047714669986
1,1,0.9983087810382641
0,0,5.651378400601196e-05
0,0,0.1920977216344402
0,0,0.08258668919024327
0,0,3.4997472997356164e-05
0,0,0.1169686208779223
0,0,8.230970757075374e-05
0,0,0.00035538420823903695
0,0,0.00015176798669728244
0,0,0.023416381621950862
0,0,0.023936621944806575
0,0,0.0004868459225982045
0,0,1.6923459968442224e-05
0,0,0.0005375605694721995
0,0,0.000244888764636669
0,0,0.2862230132978971
0,0,0.0011703132408583217
1,1,0.9988788627129419
0,0,0.3366339800028936
0,0,0.000833971072086288
0,0,0.004966984537034525
0,0,0.16965520709675927
0,0,3.127665700597114e-05
0,0,0.00017643090975598096
0,0,0.0005542296681799414
0,0,0.00015678286433257562
1,1,0.9999876391067442
1,1,0.9959060658151353
0,0,0.007003434893665895
0,0,0.0022398103501843547
0,0,0.13120542950741157
0,0,0.018374027413770328
0,0,0.10375347197147915
0,0,0.00023532684744783118
0,0,8.242388134651356e-05
0,0,0.0007615479492905893
0,0,0.0024463602558042765
0,0,6.197863627731364e-05
0,0,8.985405133301282e-05
0,0,0.011025329793128707
0,0,0.0003478026811520311
1,1,0.9966706226536249
0,0,0.003335802664575599
0,0,0.023321359240166865
0,0,0.0028242506827172395
0,0,0.005956151019778383
0,0,0.14719803311642646
0,0,0.00016155997620118112
0,0,0.08471751019893768
0,0,0.00012091572783460566
0,0,6.981764220543844e-05
0,0,0.009756765483018496
0,0,0.0007182777774302684
0,0,4.545625217894007e-05
0,0,0.0002845091803023666
0,0,0.00023742502460387263
0,0,6.050555673277642e-05
1,1,0.9969231942333944
0,0,7.044736800710581e-05
1,1,0.9978597946132456
0,0,0.00014667155891614039
0,0,9.325862167986837e-05
0,0,0.0028809691978751236
1,0,0.27202606898171633
0,0,0.00016167490144430424
1,1,0.9984093747365382
0,0,4.94052302191997e-05
0,0,3.156701880919168e-05
0,0,5.5827810204109714e-05
0,0,0.0003459240733987743
0,0,0.31091607882490896
0,0,0.02568556776790633
0,0,0.00045638624164075046
0,0,0.0008080078487663326
0,0,0.03877123706618669
0,0,0.00024171836664875861
0,0,5.4498257967762913e-05
0,0,0.00042949034320283435
0,0,2.7768871165718816e-05
1,0,0.10521242963768289
0,0,0.0009738999254372837
0,0,0.06186650434435423
0,0,8.602452687906421e-05
0,0,0.0003492840127302956
0,0,0.0006969032392108998
0,0,1.95986169835773e-05
0,0,0.0008662029036299793
0,0,0.0003011533824027878
0,0,2.2663424532436e-05
0,0,0.00013964935188452872
0,0,0.00015677911019915575
0,0,0.017651520094185164
0,0,4.878666606679512e-05
1,1,0.5414490086719859
0,0,0.0005141193936534758
0,0,0.00016258906126951066
0,0,1.86175211612344e-05
0,0,0.00026933199497371907
0,0,8.212005942027974e-05
0,0,0.3533421874856225
0,0,0.11479325562201163
1,1,0.9999498766485112
0,0,0.0004522836588079942
0,0,2.9864342759094894e-05
0,0,2.903809909825686e-05
1,1,0.998986537557608
0,0,0.0005100290263557331
0,0,0.0011790566853023114
0,0,7.501995148824721e-05
0,0,2.8875393172271552e-05
0,0,0.0625273620318779
0,0,0.004232961021042241
0,0,4.4996251490282423e-05
0,0,8.380717318994339e-05
0,0,0.2236678618619208
0,0,0.0002822339492810129
0,0,0.00038897173047826896
0,0,0.15393536700336674
0,0,0.0004395158442273646
0,0,0.0003039281965900745
0,0,0.000134118416201397
1,1,0.9984245586239452
0,0,0.013079063984526518
0,0,0.014305646635465496
0,0,0.00011692912884822975
0,0,0.0007384226739843655
0,0,2.89584624495487e-05
0,0,0.00037199011389345624
1,0,0.06221196982607724
0,0,9.742701301028461e-05
1,1,0.9999875555019937
1,1,0.9978571915706739
0,0,0.001215346695936402
0,0,0.004066240291601305
0,0,0.0003648111069979441
0,0,0.0034889220810254773
0,0,0.0007140865204608929
0,0,0.00010416934085110217
0,0,9.180701956752642e-05
1,1,0.9999706786595572
0,0,0.00013901295562637503
0,0,0.00029303700294062545
0,0,0.00035303956412241467
0,0,0.000740995701133224
0,0,0.0005480781369046983
0,0,0.3062947101651175
0,0,0.03551816810843133
0,0,0.0005802404448369023
0,0,0.010010289489102582
0,0,6.517555534306555e-05
0,0,0.002733254045351792
0,0,0.0014354630737776187
0,0,0.013745334087110308
0,0,0.000507977691348167
0,0,7.843496014557214e-05
0,0,0.0001688573629130644
0,0,1.874161776902808e-05
0,0,0.00011402402207159023
0,0,0.014813706898043911
0,0,0.04158448496829418
0,0,0.13831916823609455
0,0,0.0004515576108056018
0,0,0.0008793580330185252
0,0,0.00016827553398361214
1,1,0.9944352805531106
0,0,0.016694603767559563
0,0,0.00045477476573757433
0,0,0.11567186647476395
0,0,0.00012268446928508808
0,0,3.064741599766721e-05
0,0,0.0066864299493218276
0,0,9.755896752900424e-05
0,0,6.700545775509845e-05
0,0,0.17806989504113063
1,0,0.13982606985271234
0,0,0.015031782663888233
0,0,0.016796282085672295
0,0,2.7109348511934017e-05
0,0,6.951321029035477e-05
0,0,0.028324104197039478
0,0,0.00011132549415515973
0,0,0.004928628842141889
0,0,2.5659865511555085e-05
1,1,0.9999965509600307
0,0,0.0003325848372695383
0,0,0.0003251411676530169
1,0,0.03535684892934911
0,0,0.04865299139946248
0,0,0.00025478671331782723
0,0,0.17037769355113414
0,0,0.0002382664464373287
0,0,0.0001952616635497934
0,0,0.00013969576723265903
0,0,0.0002686687274041995
1,1,0.9987451921904422
0,0,0.00047088597216117024
0,0,0.00035637584121364033
0,0,2.9864342759094894e-05
0,0,0.00679755470464594
0,0,0.20905760738749615
0,0,0.01299047742695791
0,0,0.00012411584609840109
0,0,0.06839993497169788
0,0,0.00019413509556547086
0,0,0.00015645189969172788
0,0,0.00979550206709171
0,0,0.0001987616554169444
0,0,1.235954016829943e-05
0,0,0.0005590580039247918
0,0,0.00022665105404277164
0,0,8.202971811446942e-05
0,0,0.0005007087540923071
0,0,7.674131643668927e-05
0,0,0.00045795177145102774
0,0,0.02538443669543164
0,0,0.00016700689170910066
0,0,0.0002645977424090503
0,0,0.032068071737340206
0,0,0.0003606944208650504
0,0,5.2500022672045314e-05
1,1,0.9995437126500725
0,0,0.013730878181521095
0,0,0.0009355453093489765
0,0,0.00017783780301094178
0,0,0.0004999637585355721
0,0,0.01210580310330969
0,0,5.7397394540777164e-05
0,0,0.1374944946445921
1,0,0.31470346098078505
0,0,0.00013850817563074698
0,0,0.31697262728520387
0,0,0.00012653044531678588
0,0,0.0001153690867297244
1,1,0.9960136767168005
0,0,4.7002569064282785e-05
0,0,0.001737320902061935
1,1,0.9976637713444702
0,0,0.000418910238767891
0,0,0.00023152955262598627
0,0,0.00010266002799214805
0,0,0.0004413608916655527
0,0,0.0003944443480908728
0,0,0.09405491953840552
1,1,0.9999823580607541
0,0,0.08306171088080182
0,0,0.00022582301031339597
0,0,0.00015175369703743257
0,0,0.021043227147993553
0,0,0.15888885402630332
0,0,1.6230165896326453e-05
0,0,0.02779507455792926
1,1,0.9939770380795295
0,0,0.02198725301653685
0,0,0.023547832311629203
0,0,0.004235315591358732
0,0,0.0005619781905518427
0,0,0.027738767263461084
0,0,5.593240831197225e-05
0,1,0.560259329978852
0,0,7.927326767659993e-05
0,0,0.009990431589037835
0,0,0.1924775037299313
0,0,0.0002230498228815146
1,1,0.9992241112807322
1,1,0.9965307872109952
0,0,0.19626545799277711
0,0,0.0009693462605716689
0,0,0.0002560900847681804
0,0,1.5343561819021297e-05
0,0,0.004170886258032698
0,0,0.00035299248046453057
0,0,0.0016043115564827553
0,0,4.529269678768063e-05
0,0,0.00023902354289559877
0,0,0.0014532576694418335
0,0,0.0002204987654016024
0,0,0.000152020376261456
0,0,2.3738205848465567e-05
0,0,0.001140257147836096
0,0,2.6057839324743582e-05
0,0,0.1361543869124894
0,0,0.008107855079641827
0,0,0.02480904214718111
0,0,0.09152008447117736
0,0,0.08810336198296918
0,0,2.3738205848465567e-05
0,0,0.04467945618953356
1,0,0.17475567609354126
0,0,4.811307396751606e-05
0,0,0.00025478671331782723
0,0,0.00021940954243361696
0,0,0.4486918670928568
0,0,0.008129088484013126
0,0,0.00036170337408969683
1,1,0.9949681896009959
0,0,5.21165072046151e-05
0,0,0.09147269846135535
0,0,5.395153403750887e-05
0,0,0.00019032594185219926
1,0,0.3317625400315226
0,0,8.844719416580395e-05
0,0,0.00017598772174893789
0,0,0.00019627419908634146
0,0,0.05540032570359952
0,0,0.0011995189118028712
0,0,0.00010389381677215907
0,0,0.00027821467328464997
0,0,0.00011002558457827663
1,0,0.3145498528711611
0,0,0.018897941596082865
1,1,0.9981067625754411
0,0,5.316917586231017e-05
0,0,3.109262563459998e-05
0,0,0.13598495416001108
0,0,4.015078466031774e-05
0,0,0.014758273582379616
0,0,0.0008941411064121069
0,0,6.517555534306555e-05
0,0,0.00011137545239391852
1,1,0.9999938272723252
0,0,0.0006336080186233612
0,0,4.677935271161086e-05
0,0,0.003955569406206178
0,0,0.4772556290875204
0,0,0.000500684691579431
0,0,0.011377430804273324
0,0,4.689035201617429e-05
1,1,0.9993734667813126
0,0,0.00026609644700905326
0,0,0.0004712053421731989
0,0,7.921233425370035e-05
1,0,0.31971644787126036
0,0,0.03581398791133178
0,0,0.04513112464057451
0,0,1.648375500325151e-05
0,0,9.350814634813654e-06
1,0,0.11137996096170678
0,0,0.09100528868327759
0,0,1.022462338489487e-05
0,0,2.1511218026322024e-05
0,0,0.024796388548793655
0,0,0.0007303000233116586
0,0,0.00012548915095467563
0,0,0.22555710499412315
0,0,0.0024675965426024884
0,0,0.0008002456945067603
0,0,5.151889848852798e-05
0,0,0.01549893026031244
0,0,1.680988512321506e-05
0,0,0.0006054357775516733
0,0,0.00012396779816861313
0,0,0.0016226664159548208
0,0,3.011454931884135e-05
0,0,2.389347100873843e-05
1,1,0.9999837292077906
0,0,0.0006566322899221855
0,0,0.0002641493905878137
0,0,8.176418166849172e-05
0,0,0.011230634803096651
0,0,0.00014302479347669503
0,1,0.7112934334425549
0,0,0.0037048056410307756
0,0,0.07406493776669737
0,0,0.0008684339396389761
0,0,0.013840176275355083
0,0,0.0031315205256195865
0,0,0.00010712734526007238
0,0,0.059605138316667285
0,0,0.0007961684330606384
0,0,0.000436455363677208
0,0,0.00012779690610095803
0,0,4.556555407349277e-05
0,0,0.0004259674220128804
0,0,2.0110925628858662e-05
0,0,4.801070212860467e-05
0,0,6.982731975767408e-05
0,0,0.000248889649346381
1,1,0.9929643727656549
0,0,0.00044147918325005846
0,0,8.659727054372169e-05
0,0,0.011157113739063234
0,0,0.07623357604145713
0,0,0.03275002073844638
0,0,0.023221961948661014
0,0,3.2353023777341356e-05
0,0,7.348541337982651e-05
0,0,0.00039268924811116485
1,1,0.9990583246957162
0,0,2.435238831862418e-05
0,0,2.5257553090218257e-05
0,0,0.020380970319725036
0,0,3.629636552517817e-05
1,0,0.12348074398269449
0,0,0.0001907263913712842
0,0,0.001644513382126153
0,0,0.0006521627190158603
0,0,0.0001194803271344131
0,0,0.39351024985466543
0,0,0.0001459109605036108
0,0,0.005764019791448011
0,0,4.789727186995791e-05
0,0,8.639640658612175e-05
0,0,0.36710480706848175
0,0,3.8600040764587564e-05
0,0,3.10468771441724e-05
1,0,0.48179993076967226
0,0,3.368642633044459e-05
0,0,0.0008019564782721992
1,0,0.2806933539243378
0,0,0.00023939251847751646
0,0,0.0001855384275102595
0,0,0.20887876435559688
0,0,0.09641547149635157
0,0,6.106443816396035e-05
0,1,0.5185340895481669
0,0,0.0003521497015380282
0,0,0.00014693262703841014
0,0,0.0018451270028812126
0,0,0.01051316759000374
0,0,0.0005132791932451174
1,1,0.9999933272402627
0,0,0.0001781502488823745
0,0,0.00024349389573696237
0,0,0.01000769571509767
0,0,0.0003143572528069827
0,0,0.0007679198075088922
0,0,0.00042045070057218485
0,0,0.0008434810880292086
0,0,0.13039075436801742
0,0,0.0013608511445355996
0,0,0.08690849548076933
0,0,0.0003347495804286024
0,0,0.00036947000482242875
0,0,0.11108673846095302
0,0,0.03466031687173396
0,0,2.1763945144496895e-05
0,0,6.31012596381642e-05
0,0,0.00011756524138990758
0,0,0.002026872969117882
0,0,0.07344080120164084
0,0,0.014914788128396804
0,0,0.00030591353753273853
0,0,0.0005940645688935937
0,0,0.0005109024708590592
0,0,0.00013813079021531685
0,0,0.0005442935400372398
0,0,7.021251026909573e-05
0,0,0.0001849107987909198
0,0,0.007161448615906356
0,0,0.00016494785067897383
0,0,0.003938464562449847
1,1,0.9980102555233479
0,0,0.012402151373845488
0,0,0.00019938673982908527
0,0,0.2705117976579751
0,0,0.0003216389553470742
0,0,7.509003923568058e-05
0,0,0.00025496671685547496
0,0,0.0005336954000467102
0,0,0.0001424621095325098
1,1,0.9999885164683596
0,0,0.0005009096963645769
0,0,9.19916549553198e-05
0,0,0.00010192817455793524
0,0,3.361177513878936e-05
0,0,0.008840809488597935
0,0,0.00045433668623968444
0,0,0.02148446903034054
0,0,0.0004022439405294241
0,0,8.588633954245743e-05
0,0,0.0036247317795253197
0,0,7.656377595292381e-05
0,0,0.008498568225004218
0,0,4.3506552984910616e-05
1,1,0.9983962359002795
0,0,0.004592194093858324
0,0,0.00011137545239391852
0,0,0.08058083505058398
0,0,0.0032567484280294286
0,0,0.003381159262611049
1,0,0.2854178739284815
1,1,0.9985057480463495
0,0,0.0003803949960724575
0,0,0.10092612423585802
0,0,0.00022154694694041053
1,1,0.5933053741518054
0,0,0.0007608964214785379
0,0,0.0032666850066882893
0,0,0.0037868261066391295
0,0,0.012714113660819124
0,0,0.11205546174744366
0,0,0.06567218212028293
0,0,0.00027620576024765076
0,0,0.0002649526180815303
0,0,0.09235153339147609
0,0,3.10468771441724e-05
1,0,0.28264079993635693
0,0,3.503144232643985e-05
0,0,0.00047154684974851655
0,0,0.21309597355107388
0,0,0.00019376219406317123
0,0,0.0005762128876491177
0,0,0.0003586290330459226
0,0,0.00042103665018067125
0,0,6.569923249240306e-05
0,0,2.9864342759094894e-05
0,0,0.02654452283201118
0,0,0.028749915197750386
0,0,0.00010818928858500074
0,0,0.004287731788179468
0,0,9.193734643484255e-05
0,0,6.483380621422977e-05
0,0,2.091039703498336e-05
0,0,0.10932558954863143
0,0,0.08441577091891615
0,0,0.014588414062329011
0,0,0.0004969129538185241
0,0,0.04814142864601831
1,0,0.42857372254909903
0,0,8.343183259004456e-05
1,1,0.9991091917414968
0,0,4.7957450213100926e-05
0,0,0.0001855384275102595
0,0,9.008826974104676e-05
0,0,0.015336146928826861
0,0,0.010948070080489813
0,0,0.32225958856696124
0,0,0.0005868285766934861
0,0,0.0007275927512264872
0,0,6.630027642340703e-05
0,0,0.0003577809054598256
0,0,9.844853585136872e-05
0,0,5.3583724684071695e-05
0,0,0.04054836033141974
0,0,0.0002869752232111424
0,0,0.02080022499867365
0,0,0.1773096915376904
0,0,0.0027731052867494997
0,0,0.18473021425499647
0,0,0.06646346128523678
0,0,0.026491087975837626
0,0,7.838100980223149e-05
0,0,0.008233209055833654
0,0,0.029934979006541518
0,0,0.00046152518530410616
0,0,9.34629717422128e-05
0,0,0.030125054782633123
0,0,0.03445876670257466
0,0,0.3037539389200115
0,0,4.5695671427509364e-05
0,1,0.5965476464054118
0,0,0.00044837666563622567
1,0,0.1447199818504327
0,0,0.0045368812943557
0,0,0.12106876995010885
0,0,0.0005460299141783797
0,0,0.048985761292895454
0,0,7.021251026909573e-05
0,0,0.0018097436749815662
0,0,1.0518171613059487e-05
0,0,5.127309598663962e-05
0,0,0.0005089436577525862
0,0,0.002724355917198835
0,0,1.6500814971541754e-05
0,0,0.0017721615533088189
0,0,0.00020732334108311825
1,1,0.9994945594626305
0,0,5.046950749396392e-05
0,0,0.02287908563028763
0,0,1.930750910972208e-05
0,0,0.006512861468096423
0,0,1.6239191878589933e-05
0,0,0.008280404060466392
0,0,4.158218842124759e-05
0,0,0.2966651215535416
0,0,0.0001399564375780908
0,0,0.00025544288000534874
0,0,0.0005407093131140201
0,0,9.266029639737006e-05
0,0,0.00019385360358074874
0,0,0.033960319989185805
0,0,0.0007903559043556826
1,1,0.9985067159467964
0,0,0.030769741615567697
0,0,0.290691547956986
0,0,0.017633531644333032
0,0,0.014566455615759512
0,0,0.0031516934436281517
0,0,4.09043412071392e-05
0,0,0.0002529193129486444
0,0,0.0010000447938717245
0,0,0.0002028402698526536
0,0,0.00042883509420846717
0,0,0.0494071003884282
1,1,0.9961079913080306
0,0,0.0005112265741662097
0,0,0.0012035265943087566
0,0,7.745595648879582e-05
0,0,3.341374091359869e-05
0,0,0.0005718229681553987
0,0,0.000564303188704453
0,0,0.00013691605342864264
0,0,0.05802334251415901
0,0,0.00014893026584100185
0,0,0.0008259946893329496
0,0,4.1138706107791234e-05
0,0,0.15457363121972842
0,0,5.8322298419874554e-05
0,0,0.0009633001633933782
0,0,0.021331269141676844
0,0,0.006415270995786295
0,0,0.00012364092206608313
0,0,0.000505639142251483
0,0,0.01468584553764979
1,1,0.9999677155593308
1,1,0.9989897680324062
0,0,4.633360186707286e-05
0,0,0.0013190433521755398
1,1,0.9999912817878644
0,0,0.00821801842790134
1,1,0.9987181591269675
0,0,0.0003767532028276813
0,0,3.9998170002480184e-05
0,0,0.029817352948908117
0,0,0.00023300314059360256
0,0,0.018576230754841133
0,0,4.8486788875704726e-05
0,0,0.0004635751041706868
0,0,4.460804835021314e-05
0,0,3.7550265895804226e-05
0,0,0.0002770143197609368
0,0,0.0007375529459868849
0,0,0.00039395443321361864
0,0,0.17631783081079733
0,0,0.00020301338905641053
0,0,2.2533736571951438e-05
0,0,0.00020355956155485412
0,0,0.19917077088236254
0,0,0.0008206483573111401
0,0,2.9864342759094894e-05
0,0,0.01118336236495536
0,0,0.0001630970020043696
0,0,0.06761759698631778
0,0,0.0026046034690591665
0,0,0.000775740091815321
0,0,0.16887770824400652
0,0,0.0008684043104525973
0,0,0.0002794031383681332
0,0,0.0001699520267643308
0,0,0.00015514890302078255
0,0,0.032068049060621766
0,0,0.0011760652977111576
0,0,0.0049826962492003435
0,0,6.171628832442201e-05
0,0,0.000201425200808865
0,0,0.1586894951306756
0,0,0.00020877126727860892
1,0,0.09906334965370167
0,0,0.00032473489754412634
0,0,0.055990363195466894
0,0,0.10600892098977445
0,0,3.808617670903563e-05
0,0,0.014299167969142447
0,0,0.0004967415681603191
0,0,0.0007055623250762434
0,0,0.000152020376261456
0,0,0.018700690569766667
0,0,0.015686045156531755
0,0,8.047827985657331e-05
0,0,5.61378206551591e-05
0,0,0.00041183921888657244
0,0,2.9864342759094894e-05
0,0,0.0005090562024734047
0,0,0.002221817963494809
0,0,0.0190206417272234
0,0,0.0001007899243910024
0,0,0.0001384193217446626
0,0,3.52141232963845e-05
0,0,0.1373614036919263
0,0,0.16583316443648707
0,0,0.2825420076226404
0,0,3.2405513316344826e-05
0,0,0.14718472624909232
0,0,0.0020002535092604637
0,0,0.004354944283903587
0,0,1.5026269268181364e-05
0,0,0.0014577925091168002
0,0,0.0012782740777533422
0,0,0.0004413608916655527
0,0,0.010893177825794414
0,0,1.2814657183028333e-05
0,0,0.001661002975427234
0,0,0.08381883518521292
0,0,0.00014258915882709933
0,0,0.047850272980291104
0,0,0.062043021898699854
0,0,0.04866140513105267
0,0,0.00042807555951009286
0,0,0.0005194562648879385
0,0,0.000740137384346328
0,0,7.364945029352194e-05
0,0,0.0009356227935014106
0,0,0.00036641903967939165
0,0,0.03250250146407289
0,0,8.577235937577503e-05
0,0,0.000244785384572443
0,0,0.05062339609098194
0,0,0.00011653685437696262
0,0,0.0005665739095342383
0,0,2.452534840773203e-05
0,0,0.14893790395563092
0,0,0.010637805188374842
0,0,0.0006889391142273109
1,0,0.29835121847941154
0,0,0.018497500508130756
0,0,0.25414522666800893
0,0,0.0005017071309360762
0,0,0.0003790033142952674
0,0,0.0003486104110219666
0,0,0.00010379791344685038
0,0,0.00036201908939185524
0,0,9.539716512298952e-05
0,0,7.856225913399386e-05
0,0,0.0008798868454718464
0,0,0.0007237495374422434
0,0,0.00045111828866682235
0,0,0.0001769487668540259
0,0,0.07674451249794594
0,0,0.26072805060602294
0,0,0.00979402404044323
0,0,0.011245247749349267
0,0,0.03805882984865606
0,0,0.00019938208309936217
0,0,0.00046762041402265375
0,0,0.00490971431569842
0,0,0.10878316864304094
0,0,0.007086300126228703
0,0,0.2844015893059217
0,0,0.057574561292570825
0,0,0.0805146217928997
0,0,0.011025329793128707
0,0,0.0036247317795253197
0,0,1.069489317485302e-05
0,0,4.717736781173353e-05
0,0,0.000322661111526718
0,0,7.42019632732733e-05
0,0,0.0002563959226889993
0,0,0.00011430374235461117
0,0,0.01350467784870198
0,0,0.0005524919951605807
0,0,0.0005598333037621671
0,0,0.048809470623494965
0,0,0.0011141372218773885
0,0,0.0002936670404402245
0,0,0.0003029180139997837
0,0,0.05084057392120954
0,0,0.0821554054312326
0,0,0.011702706137337829
1,0,0.0059769441657501286
0,0,3.6761846719962674e-05
0,0,0.00048568010205006295
0,1,0.6085450318377746
0,0,0.01117331295715191
0,0,0.0003662406255843039
0,0,4.242947034030442e-05
0,0,0.09212803611167154
0,0,0.00010802461450248177
0,0,0.0014026845177187808
1,1,0.9976108843328205
0,0,0.0002611828035229038
0,0,0.00096357243258115
0,0,0.0003143572528069827
0,0,0.0001563343688784764
0,0,0.00026396795922551644
0,0,5.44079065707592e-05
0,0,0.0001363951270561016
0,0,0.02624372634882683
0,0,0.00010609445878513485
0,0,0.00011183919475542287
0,0,0.025733584418733073
0,0,0.00011331833607567485
0,0,0.10708190193988394
0,0,0.11116695237108425
0,0,0.00037158832458539286
0,0,2.806008432412396e-05
0,0,2.3297839782022626e-05
0,0,0.16915376473921706
0,0,0.1322356619301234
0,0,0.006182590458675754
0,0,9.295746982678141e-05
0,0,0.0005416541241056186
0,0,0.0003926450845438913
0,0,0.00022285427140620454
0,0,0.000154809381282483
0,0,0.014478315902053257
0,0,0.16001741202323042
0,0,0.0025385472538282483
0,0,0.002734775359727886
0,0,3.8183020478668874e-05
0,0,0.0004371119048956001
0,0,0.1303182210725016
0,0,0.18583298445969648
0,0,8.777838444837735e-05
0,0,0.00012226017105681868
1,1,0.998136748054476
1,1,0.997845119514071
0,0,0.00016621804367144888
0,0,0.010391176624988901
0,0,0.00013227447284541936
0,0,7.207325065353121e-05
0,0,0.0013435272883241074
0,0,3.5883963684701884e-05
0,0,0.0006395323275816911
0,0,0.00029031323318378445
0,0,0.00025135831089629013
1,0,0.405325020806399
0,0,0.00022719673338955727
0,0,0.0037964454932554403
0,0,0.18891203054809969
0,0,0.09434956847953108
0,1,0.714508115579894
0,0,1.0426742831950704e-05
0,0,0.11437114681722413
0,0,6.0831652015861144e-05
0,0,0.01960670323612447
1,1,0.9989573940676434
0,0,0.03289289472153317
1,1,0.9994838605543463
0,0,4.40827265178393e-05
0,0,0.00012080854757762823
0,0,9.92232240721311e-05
1,1,0.9999497197320253
0,0,0.11757930096940267
0,0,0.0006184945600215462
0,0,0.00020813871498556142
0,0,0.00011701856981400964
0,0,3.87123541837973e-05
0,0,0.013339633088044615
0,0,0.00040279522156049256
0,0,0.17871928242233637
0,0,0.00047941380012427476
0,0,0.00026569090821039763
0,0,0.0013631216638742055
0,0,3.755822143513191e-05
0,0,1.3575907920911751e-05
0,0,0.0001526982295835505
0,0,0.009912178039378883
0,0,9.002117957100762e-05
0,0,0.0002613219658672637
0,0,3.211272950440708e-05
0,0,9.412480699096327e-05
0,0,4.0220064092348194e-05
0,0,0.004166705348039853
0,0,0.002093311631278622
0,0,0.0004433595889700246
0,0,0.0007892467681259345
0,0,0.0042017232701184555
0,0,0.0004259674220128804
1,1,0.9992301603297071
0,0,0.00010498348583696625
0,0,0.34092615252586816
0,0,0.07497479257425878
0,0,0.022939491153408424
0,0,0.0017098983868416272
0,0,8.491065806001308e-05
0,0,0.09934718981451196
0,0,0.0007781783594452733
0,0,0.00022739794142334459
0,0,0.00021729037614286412
0,0,0.03797538744710592
0,0,0.10903852322437527
0,0,0.0006039483623237257
0,0,0.00025734577658901236
0,0,7.3731661538592306e-06
0,0,0.15155711028899443
0,0,1.2265415707532217e-05
0,0,3.0505380579710528e-05
0,0,0.0009459183761122645
0,0,0.1903538505752227
1,1,0.5069109555082807
0,0,0.0025297905669279803
0,0,0.0008232520693546764
0,0,0.000250162287269877
1,0,0.17110447162438536
1,1,0.9987681163601155
0,0,0.0004616949951561676
0,0,9.632959756990898e-05
0,0,0.00016083954078915214
0,0,4.0077537652167175e-05
0,0,0.0002710548896558109
0,0,0.36983506051858095
0,0,3.509587800657586e-05
0,0,0.0001651653051284264
1,1,0.9999835719946767
0,0,0.0008606054800400178
0,0,9.468731254222245e-05
0,0,0.1511319336797018
0,0,0.014753191180941257
0,0,2.9864342759094894e-05
0,0,0.003232001135378356
0,0,0.020209488772150352
0,0,0.0033197967614556497
0,0,0.00010310786190510812
0,0,0.0009253924685888338
0,0,0.0005657801376210583
0,0,0.0003625377117229593
0,0,0.0004217407781762141
0,0,3.809760069811779e-05
0,0,0.008728157311394449
0,0,0.0004904289684749242
1,1,0.9980210484671959
0,0,5.8761905752393364e-05
0,0,0.21573897129841704
0,0,0.000519084439035156
1,1,0.9955760405102936
0,0,0.0001721172564887006
0,0,0.0010160605410669055
1,1,0.9935630833303682
0,0,0.11848063788868045
0,0,0.00010818928858500074
0,0,3.305101753063095e-05
0,0,0.008727286492589637
0,0,9.996689980792004e-05
0,0,0.0001548066661062324
0,0,0.00021007655942021286
0,0,0.031111970965598743
0,0,0.00047443844836762036
0,0,4.0546166228688e-05
0,0,0.0004145800397572823
0,0,0.39527940403922196
0,0,9.318722131062114e-06
0,0,0.04942248335970871
0,0,0.010382250351520801
0,0,0.09359158943731
0,0,0.0024181661140152523
0,0,7.458349657764436e-05
0,0,0.08279873878078717
0,0,0.0002770761869493057
0,0,0.0002383955663413682
0,0,4.5441311544230654e-05
0,0,0.02193329999598048
0,0,0.00011999739685719119
1,1,0.9895018062765185
0,0,0.00010867439131402003
0,0,0.001458430079754768
0,0,4.600118208947794e-05
0,0,7.195932737818503e-05
0,0,0.0001059106675310939
0,0,7.61548685777535e-05
0,0,5.1581528512684354e-05
0,0,0.017545330758015575
0,0,8.786433792512946e-05
0,0,8.231049598555721e-05
0,0,0.10480574477190037
0,0,0.00011402544095057771
1,0,0.35643379974335704
0,0,3.5038033683000236e-05
0,0,0.02548255560174498
0,0,0.00022877013862261834
1,1,0.9947017466201273
0,0,1.725036546942666e-05
1,1,0.9983202350248088
0,0,0.012132232528874945
0,0,0.005799714569903742
0,0,0.0001333371576703487
0,0,0.0005125484667601583
0,0,0.00021258536576271346
0,0,0.0009358012055991581
0,0,0.008024450775478103
0,0,0.00018298765925661015
0,0,0.009992739722948734
0,0,0.007050143993853827
0,0,0.00010855172307622097
0,0,0.0025671130330471815
0,0,0.0004540946238385129
0,0,0.10158943556594197
0,1,0.5833020828913572
0,0,0.06917906607495278
0,0,0.1085745116324735
0,0,0.0916137349721225
0,0,0.030966105613619628
0,0,0.0004709146607882146
0,0,0.00034179600122226893
0,0,2.724828394101479e-05
0,0,0.01666977898568537
0,0,0.06755610306990444
0,0,0.1445930203803104
0,0,0.059494287696195816
0,0,3.623116793284744e-05
1,0,0.11857979234917444
0,0,0.01689471513548157
0,0,0.0003294727196668193
0,0,0.00010389267207891162
0,0,0.0004889890806247728
0,0,0.007676314312723662
0,0,0.001862172708028095
0,0,0.0016485717921666057
0,0,0.000844285042216474
0,0,0.04791320983366557
0,0,0.0010690840790431157
0,0,0.00034866269419432655
0,0,3.6007974495641994e-05
0,0,0.000147134856046946
0,0,0.00041687806570208546
0,0,0.0002913027540062032
0,0,0.00011169147724170602
0,0,0.0002035839564383456
0,0,0.08496462342915273
0,0,0.16349371313534844
1,1,0.9984140049814775
0,0,0.0008002456945067603
0,0,0.04889637663510361
0,0,0.00041508099145983656
0,0,3.075412623159029e-05
0,0,3.904456890378259e-05
0,0,0.0001363951270561016
0,0,0.005042494493908134
0,0,9.110622360731319e-05
0,0,6.270518140800174e-05
0,0,0.054375610664176295
0,0,7.541113002091512e-05
0,0,0.106514942893643
0,0,8.051068316125679e-05
0,0,0.0005000233674825121
0,0,2.7109348511934017e-05
1,1,0.997516116761666
0,0,0.0008903495484453649
0,0,0.00549770496854902
0,0,0.057331320681761194
0,0,0.008788396816455142
0,0,0.00010373441506983386
0,0,4.352168387794691e-05
1,0,0.05192441236792327
0,0,0.1448341502241762
0,0,0.04387499981710826
0,1,0.5186549724336744
0,0,0.00014416925863843235
0,0,0.10619883482225788
0,0,0.03289289472153317
0,0,0.02294546411981779
0,0,0.0002091689214220838
0,0,0.009351897735643122
0,1,0.7855073450783031
0,0,0.00026652391975311455
0,0,0.3227337986233693
0,0,5.395153403750887e-05
0,0,0.0056453052558039325
0,0,0.0067982095337099455
0,0,0.000148508763207609
0,0,0.004197972825404461
0,0,0.30897385715006753
0,0,0.1642776999033941
0,0,9.940617449225167e-05
0,0,0.005440892149646938
0,0,0.0008934530899187723
0,0,0.053017770893371584
0,0,0.16207634032787815
1,1,0.9985946454000025
0,0,0.025951073052620822
0,0,0.00022087678529102256
1,1,0.9963906954196772
1,1,0.9989256009164755
0,0,0.008851214890037859
0,0,0.013636675184923765
0,0,8.33500073510182e-06
0,0,1.95986169835773e-05
0,0,8.403978420757552e-05
0,0,0.01309345407985742
0,0,0.001819035425326797
0,0,0.00028951067335962125
0,0,4.398209139721379e-05
0,0,0.0008529682725040236
0,0,0.0002930467650412198
0,0,9.688152233916798e-05
0,0,0.19303053692725777
1,0,0.14988374602187693
0,0,0.020542047088889334
0,0,0.0001326648150491888
0,0,3.0288773354740065e-05
0,0,0.20776391443297423
1,0,0.03642594496399955
0,0,0.0005397268394581968
0,0,0.09352828436586312
1,1,0.780857940560606
0,0,0.21475892420503542
0,0,0.00010555250775366643
0,0,1.3174917782061183e-05
0,0,0.00027301170095938773
0,0,0.01907294937210808
0,0,4.0056401547702245e-05
0,0,0.03417865010585204
0,0,0.0004241817606406055
0,0,0.0001925977861342973
0,0,0.00036122933744757533
0,0,0.0005269296896148064
0,0,9.121782903470593e-05
0,0,0.0005360541714193539
0,0,6.289654468474611e-05
0,0,9.585879868856334e-05
1,0,0.025281903465976842
0,0,0.0003176949995650396
0,0,3.079848613789592e-05
0,0,0.00015992491753026122
0,0,0.0035309489628745153
0,0,0.03331732090553253
0,0,0.0010818384148610649
0,0,0.00043461201209841344
0,0,0.040710396404825745
0,0,0.0005407691959559523
0,0,0.00030023785498978385
0,0,0.0006166039966491144
0,0,0.00018966477458386502
0,0,0.14236875724051656
0,1,0.7783270623701931
0,0,0.19154960798278342
0,0,0.18275481771059493
0,0,0.003045981069651975
0,0,0.0006013780742772406
0,0,0.004599722551175131
0,0,6.613652114895775e-05
0,0,0.0001632490847459568
0,0,0.03499473465117027
0,0,0.17636269794822698
0,0,0.2154377327640761
0,0,0.22776400078848816
0,0,1.6242342738466207e-05
0,0,0.0002780886276934015
0,0,0.3740031606372835
0,0,0.00038775192818131277
0,0,0.0001972378143274349
0,0,3.064542543848964e-05
0,0,0.010574913851590139
0,0,0.00865193864888819
0,0,0.0007111290926897387
0,0,0.05128495506288645
0,0,0.005812811258113244
0,0,2.8513772537262168e-05
0,0,0.0013995851249577428
0,0,0.0001695408891098912
0,0,0.1862622325809111
1,1,0.9963444240061817
0,0,0.04167780957482039
0,0,0.01559368933047556
0,0,0.24291277723634572
0,0,0.0003313623637133289
0,0,1.689689471204802e-05
0,0,8.516323972111904e-05
0,0,0.08503507705846729
0,0,0.0009698529058202122
0,0,0.33308714489334057
0,0,0.00043962596988470263
0,0,0.0021956735994527986
0,0,0.15512580334512066
0,0,0.011943187339400392
0,0,2.7109348511934017e-05
0,0,0.03473012457291901
0,0,4.1824677250314855e-05
1,0,0.09572110681318113
0,0,8.520956636025468e-06
0,0,0.0007814790069647697
0,0,0.00017254075420032375
0,0,2.3052966950565555e-05
0,0,0.033840280710520074
0,0,0.00011165285938246007
0,0,0.011051098462174004
0,0,0.0007342303017134834
0,0,0.023423251039165333
0,0,0.0004215570933042841
0,0,0.00033560149323184793
0,0,0.0007707322302506192
0,0,0.00027689804634713834
0,0,0.23938628671378875
0,0,0.0002753933727122323
0,0,0.006671250330996795
0,0,4.7739820257115314e-05
0,0,0.0006035190892954083
1,1,0.9999686689268327
0,0,0.2487208203873549
0,0,0.0002694185694770662
0,0,0.011678047359636465
0,0,0.0006589774914078396
0,0,0.031046809750374833
0,0,0.17486127117030975
0,0,8.89767177882208e-05
0,0,0.0021956735994527986
1,0,0.05493496807771159
0,0,0.0007639130160052878
0,0,0.06290755418641374
0,0,0.0006564927918526296
0,0,0.0040294638085841975
0,0,0.00027563820496849837
0,0,0.04708703811680331
0,0,0.00032342882663649857
0,0,0.00039786223333590536
0,0,0.0003414043662254187
0,0,1.2243624542223133e-05
0,0,0.00015613539130732395
0,0,0.00019067529745615315
0,0,0.22788645863379225
0,0,0.015888823466083606
0,0,0.11342197989406666
0,0,0.00012594974622905068
0,0,0.09509288223905739
0,0,0.0002372000930053023
0,0,3.4529744318414196e-05
0,0,0.00028177221182916614
0,0,0.0004992110961744126
0,0,0.0682016185739869
0,0,0.006069171392439705
0,0,0.0003354031026923531
0,0,0.037957491555201825
0,0,0.0010409282962408693
0,0,0.18493161887327092
1,1,0.9989315398778272
0,0,0.0008947713643184819
0,0,1.3155422755534557e-05
0,0,0.0007379163527693276
0,0,6.1767120751623884e-06
0,0,0.3039909967212016
0,0,0.000687896381738154
0,0,3.183953101539753e-05
0,0,9.534760194353968e-05
1,1,0.9999766289278855
1,0,0.3557214528831127
0,0,0.00013159669623184154
0,0,0.00028701039162815724
0,0,0.0028842879751651124
0,0,5.946940523019309e-05
0,0,0.0008199650262857759
1,1,0.9999343405767895
0,0,0.00026226206317920794
0,0,0.001338858057032922
0,0,0.0003761113046983846
0,0,0.06716924162993852
0,0,0.16970793958066194
0,0,0.0005388669045436852
0,0,0.00042971521993707815
0,0,3.4421007267159755e-05
0,0,0.005679560008208276
0,0,0.00030120499060431023
0,0,9.267848841435056e-05
0,0,0.012011077806611196
0,0,0.004362893388115612
1,0,0.4319796029927658
0,0,5.600559662523568e-05
1,0,0.10385874336527717
0,0,0.005876675002318106
0,0,5.633926937039376e-05
0,0,0.0008063378136297477
0,0,0.037792405884558546
0,0,0.0002886395842596413
0,0,9.853859301097084e-05
0,0,0.03369367660605
0,0,0.005562089605089529
0,0,6.0999417667125545e-05
0,0,0.00018727568816932953
0,0,0.0003353309244540967
0,0,0.0009483956898271166
0,0,0.10188445865864831
0,0,0.006788835011336629
0,0,0.0001374531098936152
0,0,0.0012201186648281765
0,0,0.0005672665219886917
0,0,0.000375856106830929
0,0,0.00027204098885019593
0,0,7.798343878491067e-05
0,0,0.0022614277226402006
0,0,0.02657700086245372
0,0,0.0019702194203615724
0,0,0.2831401178834522
0,0,0.028214559477416766
0,0,7.732921657025605e-05
0,0,0.12071253884538563
0,0,0.00028587361726760684
0,0,0.2901624061254256
1,0,0.22512216180203168
0,0,0.0017371454011591424
0,0,0.0019366133041210242
1,0,0.4134961090690008
0,0,0.0004514798013964321
0,0,0.022989776914446897
0,0,0.00155544436744461
0,0,0.002437697722492041
0,1,0.6021474810183974
0,0,0.0016321267943853668
0,0,0.00027639779855259184
1,1,0.9995886334049039
0,0,0.022580938583629383
0,0,0.03822798343830236
0,0,0.00042700114086142424
0,0,0.00031279588181469086
0,0,0.00021845755083815368
0,0,0.19186623818274662
0,0,0.0003363063374985879
0,0,0.00013597871650183158
0,0,7.61548685777535e-05
0,0,0.12566315459754407
0,0,0.02236076530270799
0,0,0.00026185999148124907
0,0,0.21263958372572966
0,0,0.009164519925918296
0,0,0.00045986558203262804
0,0,4.4733996607715976e-05
0,0,0.00017161773226386328
0,0,0.28675318936679584
0,0,1.657470947237644e-05
0,0,0.020519092747408346
0,0,0.12641088065179265
0,0,0.022542937157787445
0,0,0.0009806663349607122
0,0,0.0022355036904733385
0,0,0.0007981881193889682
0,0,0.020888698134639734
0,0,0.02865711684219091
0,0,0.0013132297404607415
0,0,0.09480122916582308
0,0,2.373408441501818e-05
0,0,2.6900505900779286e-05
0,0,0.061255097422126495
0,0,0.0003035530471926571
0,0,2.236129952530826e-05
1,0,0.04000592152360019
0,0,0.15158657924442767
0,0,0.00013200607433669345
0,0,0.10362388958904796
1,1,0.9991614370882478
0,0,0.0002089949504531115
0,0,0.0005972913654400956
0,0,9.953997204243265e-05
0,0,0.028827464141742806
0,0,0.0021274994808671453
0,0,0.00038516374893738433
0,0,0.0007063289103553829
0,0,0.08601358105562382
0,0,0.0007656344421852604
0,0,0.0012337515097295723
0,0,0.00030301014009828664
0,0,0.3327813426960689
0,0,0.002243989473772805
0,0,0.0004913502072157405
0,0,0.005185979629064756
0,0,6.725870532723175e-05
0,0,0.0005860167140302459
0,0,0.11195640627919569
0,0,0.008402396106814163
0,0,0.0025159400384050247
0,0,0.015832063268979946
0,0,0.00029886387016142844
0,0,0.0006952572855791187
0,0,0.00010407604989877349
0,0,8.378080289694396e-05
0,0,0.00020679640384520324
0,0,0.010276931362851583
1,1,0.9994389107040057
0,0,0.11943112934357278
0,0,0.18440874534271307
1,0,0.05208263702949518
0,0,0.00048487375295596454
0,0,0.0005748696778720475
0,0,0.0002701396125075204
0,0,8.27090407962252e-05
0,0,0.2369489038424481
0,0,0.00021705770176463988
0,0,8.516323972111904e-05
0,0,0.2674629014174878
0,0,2.3738205848465567e-05
0,0,6.521578295057563e-05
0,0,0.000604750575029647
0,0,0.00023423817752276944
0,0,0.11131708217439626
0,0,0.0007666311709501628
0,0,3.7542547635454793e-05
0,0,3.167956501866324e-05
1,1,0.9980070467477284
1,1,0.9965597142543373
0,0,0.0005990587132614626
0,0,0.080720863308465
0,0,0.10028645509031081
0,0,0.00019116307916148745
0,0,0.18922168270455947
0,0,0.00034470344158628487
1,1,0.9963632186964481
0,0,0.36790326758950087
0,0,7.653346603786884e-05
0,0,4.715149890873952e-05
0,0,0.0003854878792114815
0,0,0.000891527915282032
0,0,0.00010555250775366643
0,0,0.3681461382249656
