target,prediction,score
0,0,0.0001508288585050245
0,0,0.00042928344775760446
0,0,0.0002007781283352555
0,0,0.0010942932998392557
0,0,0.029268536960031014
0,0,4.716669624387403e-05
0,0,0.060968078427830454
1,0,0.3927490515267934
0,0,0.00029725113599835906
0,0,0.00010316953607454305
0,0,3.905825899523503e-05
0,0,0.0003125984164094962
0,0,0.0006070162325118121
1,1,0.995495203494589
0,0,0.2598399325605154
0,0,0.08988441087652417
0,0,0.00029954536653604383
1,1,0.9999628984179969
0,0,8.086441438987672e-05
0,0,0.00022802167157924536
1,1,0.999978132696448
0,0,1.3349449109338569e-05
0,0,2.5249233055418983e-05
0,0,0.00014722686603876783
0,0,0.0003390635914392137
0,0,0.002727300470234733
0,0,0.00323091524765227
0,0,0.000922390383435311
0,0,0.020876816491519314
1,1,0.9999911042005144
0,0,0.05254119217553051
0,0,0.0012370113939335259
0,0,0.1437552305852194
0,0,0.0001485644933305304
0,0,0.00014731413384882867
0,0,6.009270198930371e-06
0,0,0.05238317358440681
0,0,0.05372337671742227
0,0,0.05211622575332256
0,0,0.00019017421916337014
0,0,0.0005083723745570737
0,0,0.013224400622909856
0,0,0.29480685889864267
0,0,0.004376994427785198
0,0,5.7736416951314055e-05
0,0,0.4137752639082681
0,0,0.011224502940742618
0,0,0.026591243409943965
1,1,0.9982402902364141
0,0,0.00021780168026976556
1,0,0.3718517814759324
0,0,0.000970138045769963
0,0,0.10204909300734859
0,0,0.00031215512823833477
0,0,0.10322158232680838
0,0,0.042025860131197565
0,0,0.11711068465086329
1,0,0.2032231259390207
0,0,0.00016317500724826614
0,0,0.00699387678075666
0,0,2.7303552736252753e-05
0,0,6.78869682988928e-05
0,0,0.004582764113516611
0,0,0.017447141905381672
0,0,0.028266537970355592
0,0,0.00023917490832680796
0,0,0.0003677068701411127
0,0,0.059858717849510974
0,0,0.004831231668564535
0,0,0.0006785870438775979
0,0,0.0646778930398126
0,0,9.837337561455646e-06
0,0,0.00019486142012962223
0,0,0.00013169838193642929
0,0,0.19100856632816385
0,0,2.700706276265941e-05
0,0,0.00011683184433209067
0,0,0.09464130857468614
0,0,0.016205865698682053
0,0,0.00023711815427982552
0,0,0.00014940674556560677
0,0,0.02686407496681493
0,0,0.0011505236237701556
0,0,0.02668413591231207
0,0,4.9203660566895965e-05
0,0,0.0004129315151769304
0,0,0.00015477541522193242
0,0,0.00034759300329068147
0,0,0.00022936644052364523
0,0,0.10770616450114603
0,0,0.00042662423361874903
0,0,0.00012458363549154846
0,0,0.016384829224994204
0,0,0.0022753293803446806
0,0,7.663770906832016e-05
0,0,0.0002674016685812161
0,0,4.2645255557697016e-05
0,0,0.0004330848599384673
0,0,2.0304011102402913e-05
0,0,0.005196809810322135
0,0,0.00019527186347544765
0,0,0.00024820768333044194
0,0,0.10104619306330205
0,0,4.029289042813511e-05
0,0,0.00026532422894941503
0,0,0.0001097377109620114
0,0,0.2578553564823722
0,0,0.00045531293989592816
0,0,0.0005319901614278819
0,0,0.0002410953323274076
0,0,2.310462126311004e-05
0,0,2.1601733930346658e-05
0,0,0.003437245977500488
0,0,0.00025503312056013603
0,0,8.104756995781628e-05
0,0,0.0007527586793501608
0,0,0.046255652378447684
0,0,0.00012171757664041027
0,0,0.0012600776769208224
0,0,0.09345013282627242
0,0,0.0005143732148284534
0,0,9.711049057139467e-05
0,0,6.198452126777559e-05
0,0,0.029407128125218993
0,0,3.275912724621216e-05
1,1,0.9975963745588
1,0,0.17767334125510909
0,0,0.08940229000473449
0,0,6.443200256151866e-05
0,0,0.002856753134205077
0,0,1.7074375425595836e-05
0,0,1.3349449109338569e-05
0,0,0.0007668689997930791
0,0,0.0012992467854073605
0,0,0.011808372022864264
0,0,0.04913292072244599
0,0,0.0004177525314956124
1,0,0.0715487482375212
0,0,0.005884370653323556
0,0,0.0007420991183233207
0,0,0.0005526283826877152
0,0,0.0002461175565853924
0,0,0.23142255245412208
0,0,0.0004319195493748156
0,0,0.0005086598273622616
0,0,1.2929818885012436e-05
0,0,0.048584057899283196
0,0,7.822627903140629e-06
0,0,0.0001442363515871684
0,0,0.08667049437166469
0,0,4.89498615977327e-05
0,0,7.988615783111107e-05
0,0,0.0006044217029948472
0,0,0.016076865524342315
0,0,1.4477973485631985e-05
0,0,0.0004080693158319554
0,0,0.00041403680554305853
0,0,0.0009961241358445476
0,0,0.0008651164665127818
0,0,0.0002475691408799882
0,0,0.10631380426995928
0,0,0.000632598792985485
0,0,0.06405096529479376
0,0,1.5865521960593665e-05
0,0,0.0020818420331828427
0,0,2.7803117626678476e-05
0,0,6.685222947842985e-06
0,0,0.0006106145529594343
0,0,8.420788645069843e-06
0,0,0.0008510084131249355
0,0,3.858864428045472e-05
0,0,0.0033165358797334057
0,0,6.822740190688567e-05
0,0,0.00037852896709270425
0,0,0.05073930595096112
0,0,0.0001903492231144822
0,0,5.338243122168798e-06
0,0,0.0015019508328033828
0,0,0.0061710280602389235
0,0,0.004715707956606929
0,0,0.0002665902933284945
0,1,0.6408652461510549
0,0,0.00019286309661085298
1,0,0.05222913605768336
0,0,0.27400885297696664
0,0,4.769297055890992e-05
0,0,0.0004941292326028511
1,1,0.9995435077469468
0,0,0.00046845439353583845
0,0,4.469441313308671e-05
0,0,0.00016045671034071483
0,0,0.010966563764824636
0,0,0.05020884315567521
0,0,0.03888299570886653
0,0,4.717707344463248e-05
0,0,7.526481677204681e-06
0,0,0.0015071386019380214
0,0,0.000316794674914465
1,0,0.030549180004387565
0,0,0.00011349205455333981
0,0,0.0013315618231746255
0,0,0.00029973289131986675
0,0,2.4967781806397932e-06
1,1,0.9986901459940922
0,0,0.06373804233648342
0,0,4.964500786293852e-05
0,0,0.00010527514303507818
0,0,3.107284137318071e-05
0,0,0.05868175707716374
0,0,3.8209688854525396e-05
0,0,0.0003645190959514078
0,0,0.0003372874954687268
0,0,7.308957911233125e-06
0,0,0.12579925743675113
0,0,0.015074385202536822
0,0,0.00035539261980278446
0,0,8.716333849752629e-05
0,0,0.14314449016481698
0,0,0.0006613691987939768
0,0,3.3311220080831556e-05
0,0,0.0005788411281739077
0,0,0.010896788856980031
0,0,0.0001953154078103655
0,0,0.012997517455381634
0,0,0.0004828733038640259
0,0,0.041867747271771186
0,0,0.04240885916139111
1,1,0.9977595375968901
0,0,2.9467162884305372e-05
0,0,0.0006061436680550207
0,0,0.0003679799892899103
1,1,0.9994290393928844
1,0,0.38882148876013295
0,0,0.00034606718342454165
0,0,0.0005846191777726483
1,0,0.022985425634487685
0,0,1.204291015940032e-05
0,0,0.29569851299035455
0,0,0.07477100453436464
0,0,0.0031456894109552535
0,0,0.010136459509345245
0,0,0.004131039852242623
0,0,0.0032448563044793757
0,0,0.00030407480283466186
0,0,6.438754818274962e-05
0,0,0.0006994594059758762
0,0,5.119435796699703e-05
0,0,0.00019084230736617636
0,0,0.00018086814663235824
0,0,2.7943911004507488e-05
0,0,0.0002613027148402308
0,0,0.0216233020543804
0,0,2.8318684009422514e-06
0,0,4.402521993968509e-06
0,0,2.5668245587084718e-05
0,0,0.00024976074617554797
0,0,0.003327388171849023
0,0,0.011384384862349694
0,0,0.0008302637792166953
1,1,0.9992492702065571
0,0,0.003287123415181248
0,0,0.000521676877187686
0,0,5.204716421125449e-06
0,0,1.0814564991842652e-05
0,0,0.24566590927986795
0,0,0.009203498085588527
0,0,0.000696687204834007
0,0,0.0001087678194656739
0,0,7.726051058004315e-05
0,0,0.0005876267094973307
0,0,0.0006705320027751378
1,1,0.9999072485275257
0,0,9.709678219235321e-05
0,0,0.0023152291514202043
0,0,7.0535601353329725e-06
0,0,5.538968787122881e-06
0,0,0.0003885711456673682
1,1,0.9981556743657096
0,0,0.0001674155259435427
0,0,0.0002913199324047372
1,1,0.9971799318167933
0,0,0.0003877031825412558
0,0,4.621472576412626e-05
1,0,0.11770654367215987
1,1,0.9993391014828217
0,0,0.00666978955073671
0,0,0.33022505879891245
0,0,3.415459535754108e-05
0,0,7.226890799618104e-06
0,0,1.841889674474153e-05
0,0,0.00025573296970837165
1,1,0.9967315582460393
1,1,0.9970317376551127
0,0,0.0009684977021952345
0,0,0.00013135633432387222
0,0,0.00021756740674627837
0,0,0.00023084581220277368
0,0,0.024175964814776057
0,0,0.017441459776374017
0,0,0.00015595033442717245
0,0,2.01617510169948e-05
1,0,0.023209502239435718
0,0,0.025874442370614273
0,0,0.07030523931874974
1,1,0.9991815325200689
0,0,0.011736706559796748
0,0,0.0005038334431433689
0,0,0.00029090198357630085
0,0,0.001378820572842939
0,0,0.0003604286472932443
0,0,0.010772449392089087
0,0,0.275129591422212
0,0,0.0012416500193509557
0,0,0.000766843769195841
0,0,9.708263061138903e-06
0,0,0.0009988700626360507
0,0,0.000991944048200496
0,0,0.03516930023503515
0,0,0.00788723960696525
0,0,0.00018096583569268172
0,0,0.0001678075996003754
0,0,7.848482728813579e-05
0,0,0.0007215714874278412
0,0,0.07253012972919495
0,0,0.0026296105456795967
0,0,9.82975666871438e-05
0,0,0.00330819608219328
0,0,1.3497582172792184e-05
0,0,0.0001402680141865547
0,0,0.0015610191677679333
0,0,0.01001655661944626
0,0,0.0006531713155986793
0,0,0.12245374147173435
1,1,0.9992008233190757
1,0,0.06688962003695481
0,0,6.404905352001472e-05
0,0,0.00022129711546852379
0,0,0.01929593633474404
0,0,0.0004893517434055402
0,0,0.01410870330241687
0,0,5.883872589187816e-05
0,0,1.0048282520766162e-05
1,0,0.16341839980061998
0,0,2.4817935205017834e-05
1,1,0.9999717576298766
0,0,4.767561025697764e-06
0,0,0.00012267044855627542
0,0,1.3201009627422084e-05
0,0,0.22283966888863768
0,0,5.562006489202398e-05
0,0,6.145715559836948e-05
0,0,0.00012202598221735754
0,0,0.3775193094618642
0,0,0.0010509920320862023
0,0,7.285993857991596e-05
0,0,3.082906685639168e-05
0,0,0.00211081313655345
0,0,0.0004273807352111076
0,0,0.00044858803561977317
0,0,0.0004352669023545738
0,0,3.0217806919816757e-05
0,0,0.00020954752302848037
0,0,0.01400244860627821
0,0,0.024044270549957888
0,0,0.23177207029233407
0,0,0.02094873229964022
0,0,0.018515950128710677
0,0,0.054091272930282076
0,0,8.319770641120118e-05
0,0,0.023028587215950566
0,0,0.11316352253427268
0,0,0.07867630833929302
0,0,0.0008876933107329774
0,0,0.0001612131013177666
0,0,9.626450976130582e-06
0,0,2.7363073172190097e-05
0,0,0.00017793575452032558
1,1,0.9990756111532632
0,0,0.00015705415668961964
0,0,0.0026855665286780943
0,0,0.07417327075603428
0,0,0.0032060693064201113
0,0,5.566207143935431e-05
0,0,0.00039325702375136805
0,0,0.0003645261743324207
1,1,0.9999738717957826
0,0,0.04750320731035134
0,0,0.04565723740994284
0,0,0.09486634153377085
0,0,0.0005175384034601491
0,0,0.0004557406853620392
0,0,0.0006174979010137231
0,0,0.007641927480330722
0,0,0.00022343326135922312
0,0,0.12973575546028535
0,0,4.948852724946011e-06
0,0,1.5968726559238578e-05
0,0,0.06080160677272817
0,0,0.0005911221628413202
0,0,0.0011038607504340748
0,0,0.00023579861843192295
0,0,0.002365920651648512
0,0,0.0001889940023090635
0,0,0.03664949153987386
0,0,4.6733390597372075e-05
0,0,0.006496233319156523
0,0,1.9393582499375116e-05
0,0,0.038961496147013164
0,0,0.0029685517292217883
0,0,1.886455443357745e-05
0,0,0.00026267637908323056
0,0,0.00943964417151304
0,0,0.0003339972378415851
0,0,0.054835607039793025
0,0,0.00039399633890178817
0,0,2.955566778767421e-05
0,0,4.8038805439717654e-06
0,0,8.380034119138481e-05
0,0,0.006966864936180888
0,0,0.019996866401390603
0,0,0.0145958103727412
0,0,0.00029916500722282314
0,0,0.03365522521576327
0,0,0.019979344711034838
0,0,0.0007856447581855468
0,0,0.0017710817646898866
0,0,1.7203013710020452e-05
0,0,0.0007619469877209688
0,0,0.0004527578054945122
1,1,0.999970366247976
0,0,0.00033482141994050247
0,0,0.0002493476985180606
0,0,1.1584409438913756e-05
0,0,0.0042437261261697974
0,0,5.528518568120827e-05
0,0,0.00016795681199305263
0,0,0.0005947848998732203
0,0,2.272214983995387e-05
0,0,0.001251451645206342
0,0,5.851956694174963e-06
0,0,3.5110493233477384e-05
0,0,0.00019036392916902604
0,0,0.0002622254240424071
0,0,0.0006469402252840061
1,1,0.9975749875589608
0,0,1.6254097569869726e-05
0,0,0.07647240441565185
0,0,0.2551696879640377
0,0,0.0006133082571819584
0,0,6.712543221587609e-05
0,0,0.20473556076498314
0,0,0.030941566003302577
0,0,0.4794807241766682
0,0,1.597238429404271e-05
0,0,0.006288303492465814
0,0,0.00021409584524377444
0,0,0.010112209004950383
0,0,0.018835137260321235
0,0,9.080188706467869e-06
0,0,1.9637786528259462e-05
0,0,0.00010311400242995704
0,0,0.00019218967117065917
0,0,0.08847592422306301
1,1,0.9990111013735833
0,0,0.0021630144214401345
0,0,0.00027138708622254104
0,0,0.00019394337411161446
0,0,2.449374873850756e-06
0,0,0.0006197443689262151
0,0,0.1043839800243953
0,0,0.023055967487953063
0,0,5.133506150863102e-05
0,0,0.0002685263694285412
0,0,0.002023217820189297
0,0,0.0005141397880394889
0,0,0.01912215667528934
0,0,0.14554718440758158
0,0,0.00015234465213533383
0,0,4.285459663360516e-05
0,0,0.00026450827886004746
0,0,0.0769248397619864
0,0,0.0035690209841157707
0,0,1.4587315178901303e-05
0,0,0.0007971125874267995
0,0,0.00010877338131403449
0,0,0.005152478605470501
0,0,0.06990825725020258
0,0,0.00010001799195474274
0,0,0.00014768771626085355
0,0,2.1921031151754576e-05
0,0,0.2912505563298866
0,0,8.292273226032998e-06
0,0,6.57262603183424e-05
1,1,0.9999488667785577
0,0,0.07561519694877977
0,0,0.0002721335515237395
0,0,0.004448526426484773
0,0,0.08226420537266968
0,0,0.0002814469709678301
0,0,0.004945894903376289
0,0,0.00035705826205716736
1,1,0.9999443937167483
0,0,0.00015123824741511492
0,0,2.5279468767396153e-05
0,0,0.0003515775678233977
1,0,0.36223384663052266
1,1,0.9999633986693218
0,0,0.00036680243323485945
0,0,1.1707277575577483e-05
0,0,0.10258194286122653
0,0,0.3173501121370431
0,0,0.00013135633432387222
0,0,0.0003615913201363792
0,0,0.0003203783004969322
0,0,0.03314902139601799
0,0,0.0004643047813554795
0,0,3.1261738969981524e-05
0,0,0.0002523166191816679
1,1,0.999144849679172
0,0,0.0508463972259206
0,0,0.0008237831291644166
0,0,0.00025241025776856144
0,0,0.0012459111791165327
0,0,0.00011360805490985809
0,0,0.10079965746264354
1,1,0.9992356980481819
0,0,2.2339915333615656e-05
0,0,2.778720620601446e-05
1,1,0.9999150366367341
0,0,0.0002635484096943736
0,0,0.21053293430810918
0,0,0.0004484105096062852
0,0,0.007362673530515659
0,0,3.9798597890370027e-05
0,0,0.07385087377332263
0,0,0.022160256820825265
0,0,5.443643125183215e-05
0,0,0.001396499559063663
0,0,0.00012064149498590953
0,0,0.001125773916937038
0,0,0.00031380389610639935
0,0,7.568106385765954e-06
0,0,3.3311220080831556e-05
0,0,0.0012547987652321636
0,0,0.33053440645859333
0,0,0.020673569144260415
0,0,1.7411695318115242e-05
0,0,0.000679058903982089
0,0,7.173010535832153e-05
0,0,0.0056225297401258905
0,0,6.452679157469582e-05
0,0,0.2091096194047989
0,0,0.00034528768601037915
0,0,0.000178025533844555
0,0,0.0008461947210629559
0,0,0.0002673597042960697
0,0,0.022043504116268292
0,0,0.0627046643430502
1,1,0.9993160026355344
0,0,0.00018086769223548134
0,0,0.0002957877093879366
0,0,0.00020548043531895112
0,0,0.19725066195346033
0,0,6.784541032427907e-05
0,0,0.15256343788503035
1,1,0.998462828292722
0,0,0.0020038757423669977
0,0,0.03047677939700133
0,0,0.014804864020860434
0,0,1.6722651221297804e-05
0,0,1.367937459363067e-05
0,0,5.8588928520491305e-05
0,0,4.344589232537274e-05
0,0,0.08715575594682134
0,0,2.152235793472864e-05
0,0,2.918256704897847e-05
0,0,0.1396036612197039
0,0,2.9913291350525557e-05
0,0,0.0004778370871453836
0,0,0.0003138912978930531
0,0,1.2338627058784638e-05
0,0,0.00454508238399302
0,0,0.0001303299854658824
0,0,0.0002496359982434416
0,0,4.501209620961215e-05
0,0,0.0002591855462726883
0,0,0.0016433577040025939
0,0,0.3121214282265882
0,0,0.05747077546996573
0,0,5.8867388238216895e-05
0,0,0.020608978003166568
0,0,8.491145053044793e-06
0,0,0.26821639013307197
0,0,0.09144897676492524
0,0,8.493307361958159e-05
0,0,0.30249761802418984
0,0,0.1082491794159659
1,0,0.16298317962118963
0,0,0.0008775348800834813
0,0,0.00039966987891810167
0,0,0.28125446142420985
0,0,7.332192211652018e-05
0,0,0.02372303051894166
0,0,1.4055499984900722e-05
0,0,0.06957360362717142
0,0,0.018798315349077624
0,0,5.4252755317179605e-05
0,0,2.5374539813947887e-05
0,0,0.00022570507145362216
0,0,0.1277041580359179
0,0,0.000416651713412433
0,0,0.009502563071445572
0,0,0.0011516737403215688
0,0,0.00017623614252125502
0,0,0.00015251470350431377
0,0,0.0007139670667507774
0,0,0.0007002502911107807
1,1,0.9981426801006684
0,0,0.00014811218115705704
0,0,0.012340244494100299
0,0,4.511949661490049e-05
0,0,0.012613419252255745
0,0,0.0002632414566212401
0,0,0.00014731413384882867
0,0,0.0003050214070105522
0,0,1.3349449109338569e-05
0,0,0.00572276453502849
0,0,4.250442484200993e-05
0,0,0.00036698254281164266
0,0,0.00018964199032262368
0,0,1.6920447386547622e-05
0,0,5.262138889477106e-06
0,0,0.015427842120563329
0,0,0.019807597288088483
0,0,3.0737291566013575e-05
0,0,0.00020449701681166864
0,1,0.6689673280831402
0,0,0.010331737534081962
0,0,0.009157447957107708
0,0,0.00013812799159046427
0,0,0.00039513567190925655
0,0,0.055350733590742246
0,0,2.7305867656991695e-05
1,0,0.06465314768220319
0,0,0.00022581215355964526
0,0,0.07230884829761458
0,0,6.180765961223031e-05
0,0,0.3785813093910286
0,0,1.6999750178782773e-05
0,0,0.00030883228685604975
0,0,0.0004877572397539657
0,0,0.1458814196364298
0,0,0.00028984645071533215
0,0,0.00034592977212389366
0,0,1.2409979563046917e-05
0,0,0.0007203744703540043
1,1,0.9996664396084434
1,0,0.2791926014073475
0,0,2.944619862874749e-05
0,0,0.06635606559658143
0,0,0.10776921310854981
0,0,0.0002013875471699472
0,0,0.00032116181018185643
0,0,0.0002850337667396526
0,0,0.0001294823671600324
0,0,0.0003173347360657241
0,0,0.00037820151615296964
0,0,0.00020872701978773742
0,0,0.0003139074826465339
0,0,0.05379403808541068
0,0,0.0015227821929915681
0,0,0.10283975672969421
0,0,4.962059553721227e-05
0,0,2.303093002520868e-05
0,0,0.01752011441752292
0,0,0.0005606263350231837
0,0,0.05240251944387043
0,0,0.00011368789041115629
0,0,6.959830941513943e-05
0,0,3.5733071164213816e-05
1,0,0.22768264385634374
0,0,0.16801648791152132
1,1,0.9980322311519322
0,0,0.00010141003004123025
0,0,0.0125002499954045
0,0,0.11515695593014501
0,0,0.00044185599796106595
0,0,0.0006086515617032804
0,0,0.00035029028775450366
0,0,0.1095102142934819
0,0,0.00012990442436589436
0,0,0.0001716308694660684
0,0,0.01029551672743228
0,0,1.2555306993589018e-05
0,0,6.36793706488741e-05
0,0,0.0004804808594490952
0,0,0.00022085048532166735
0,0,0.02186020107593983
0,0,0.0003396698551605888
0,0,2.590740481058924e-05
0,0,0.00011942621702272454
1,1,0.998835386020725
0,0,0.0003321669365397667
0,0,0.02301457344636058
0,0,0.05521302827704579
0,0,0.00018698334218786867
0,0,0.0328435528027369
0,0,0.013462419832849674
0,0,0.0006472229767784885
0,0,0.0004784341941850929
0,0,0.00019658339454449032
0,0,0.004029253262794841
1,1,0.5401761732466908
0,0,0.00012080177317324716
0,0,0.05008833584661798
0,0,4.0302988343109415e-05
0,0,0.006659551080638729
1,1,0.9999612238242883
0,0,0.043539648042189974
0,0,0.0012150630172955768
0,0,0.015196841659565816
0,0,5.609360495736355e-06
0,0,7.115312486714228e-06
0,0,0.02137079105040715
0,0,0.0011394408336700636
0,0,0.30104698962072657
0,0,0.000527817149376972
0,0,0.0003134796506601234
0,0,0.0003918440348248825
1,1,0.9972648248967276
0,0,0.00018703236183998151
1,0,0.1668379941790887
1,1,0.9994736381937267
0,0,0.0005039568183054136
0,0,0.00016576795583706975
0,0,0.035086234191530875
0,0,2.26435350578701e-05
0,0,0.0012061623879709806
0,1,0.5424421323508822
0,0,0.0007605353350757804
0,0,3.6473630807094556e-05
1,1,0.9980349298399303
0,0,0.0010160329874290398
0,0,4.875110717769416e-05
0,0,0.005004467028618205
1,0,0.2835290210436893
1,0,0.058523209776403816
0,0,0.002054681471811218
0,0,0.00035677969401509886
0,0,0.008802645129973715
0,0,0.0007361112850787191
0,0,0.0018522904639993103
0,0,4.527772234941333e-05
0,0,0.0011282545916310321
0,0,0.056853457206015916
0,0,0.0005593737971440331
0,0,9.396126218701482e-05
0,0,0.15886960037454517
0,0,0.020309330035048617
0,0,0.19778212244112586
0,0,4.90406694360512e-05
0,0,0.00020221701977051848
0,0,0.004997671923411417
1,0,0.22065756386985122
0,0,0.0002495821986742308
0,0,0.0005769733072134034
0,0,0.0006698558982227697
0,0,0.0002677858294856379
0,0,1.3987037159940764e-05
0,0,0.003899557322954274
0,0,0.10948081050973454
0,0,0.005029985682611575
0,0,0.0040992692206907365
0,0,0.1887472546707755
0,0,0.007826113837651333
0,0,0.00017553473041031465
0,0,0.00028381864049811307
0,0,1.7439081859310695e-05
1,1,0.99960170920764
1,1,0.9999740716792461
0,0,3.233778793336684e-06
1,1,0.998857314562998
0,0,2.1737990275627194e-05
0,0,5.8425069291954645e-05
0,0,0.4207956879003963
0,0,2.260923881349393e-05
0,0,8.262602926048599e-06
0,0,0.0006532167681716839
0,0,1.2300638443921647e-05
0,0,0.00010875655469074365
0,0,0.031244949995703316
0,0,0.00016314363999239174
0,0,2.239393895937731e-05
0,0,0.04426365521561887
0,0,0.0004792740895861815
0,0,0.0005053198824286245
0,0,0.06800348554897677
0,0,0.0006057672599171665
0,0,0.000450427690210707
0,0,0.038604603201821484
0,0,5.695736290577571e-05
0,0,0.001000389206946538
0,0,3.3281551563990006e-05
0,0,2.5980714415855062e-05
0,0,0.0002442302491184595
0,0,0.2896152320963462
0,0,0.009192544711144491
1,1,0.9999846755166152
0,0,0.0007715787782982691
0,0,0.06485049715523
0,0,0.0009132896171117201
0,0,1.564415299367766e-05
0,0,0.08044840105167947
0,0,0.07173293688360924
0,0,0.001063851801878327
0,0,0.0014023860107305079
0,0,0.06058768163965244
0,0,0.006060116920037717
0,0,0.0004682395877429932
0,0,0.016644735307070852
0,0,3.3059410270189454e-05
0,0,0.11107647160851987
0,0,3.7653341921816456e-05
0,0,8.636775167822057e-05
0,0,2.7414558390120585e-05
0,0,0.0003642316262947858
0,0,0.0016483362714947683
0,0,3.6330574845924726e-05
0,0,0.06498276064656174
0,0,7.258955188923586e-06
0,0,0.03562614640339736
0,0,0.0008128040731848221
0,0,8.829153708187692e-05
0,0,2.6047941610127953e-05
0,0,0.2544369128014273
0,0,0.0009911677137680135
0,0,0.18384938041775353
0,0,0.06073222921461905
0,0,0.00030977066565309223
0,0,2.1345412721210095e-06
0,0,0.0695101321073157
0,0,0.00011594169798926423
0,0,0.01141907480774092
0,0,2.71709826594541e-05
0,0,0.4190174498013788
0,0,0.00035444637713431614
0,0,9.587643207143062e-05
1,0,0.23299410781767665
0,0,0.00017782428866666008
0,0,0.00022982937556187226
0,0,0.00023910094066050076
0,0,0.008428256057604576
0,0,3.3467817307150604e-05
0,0,5.375918184521696e-05
1,1,0.9993067077102258
0,0,0.029881892242571716
0,0,1.3431637360469948e-05
0,0,0.00021034684350005502
0,0,0.0010133720563526795
0,0,0.23420011107306893
0,0,0.0001789152618394301
0,0,0.03368186294277976
0,0,0.0014255132971663568
1,1,0.9992284218811937
0,0,0.22084406415763236
0,0,1.624691541524344e-05
0,0,0.012235316431892183
0,0,0.00023435588843475328
0,0,0.02770264118196915
0,0,2.0486191675616832e-05
0,0,3.86041880233317e-05
0,0,7.115312486714228e-06
0,0,0.0049962670087287525
0,0,1.8631544707510842e-05
0,0,7.989717675386638e-05
0,0,4.14086674396816e-05
0,0,5.524024080095229e-05
0,0,0.0021520001169078365
0,0,0.00025880430004917454
0,0,0.002032216534026512
0,0,1.929700274449953e-05
0,0,0.004682966369047825
0,0,0.0006139705138959665
0,0,0.0010793116732694802
0,0,0.0001986964781106619
0,0,0.1516180759814024
0,0,0.0002745691980095947
0,0,0.0003761194068483886
0,0,0.09883337742729656
1,1,0.9947879191667532
0,0,5.9989773844924234e-05
1,1,0.9986361595016215
0,0,0.0003294255268429732
0,0,2.8453033954413425e-05
0,0,1.958172847564468e-05
0,0,0.0004656278368810179
0,0,4.1709776932799166e-05
0,0,0.3715826771826663
0,0,8.350623968835212e-06
0,0,0.0003674774783467449
0,0,0.001046823966679556
0,0,0.3080980164559462
0,0,0.0002455712054381149
0,0,7.382169172151788e-05
0,0,0.03400426864680247
0,0,6.536444125175251e-05
0,0,0.0032926098970411156
0,0,0.00015178435532982884
1,0,0.018791008378263217
0,0,1.938183488435485e-06
0,0,5.1619322021345165e-05
0,0,0.0009515345917154799
1,1,0.9990763962450483
0,0,0.07956125454852103
0,0,0.1092752585848506
0,0,0.35845533582793915
0,0,0.0009235601876912446
0,0,3.7179675701455716e-05
0,0,1.3023360178620033e-05
0,0,0.001545588151816038
0,0,0.00015542256442281583
0,0,5.66230427416544e-05
0,0,3.112707974152218e-05
1,1,0.9991686865203794
0,0,0.042272079520616956
0,0,0.0002194527565840008
0,0,0.000346892706304389
0,0,0.0010486792366951102
0,0,0.0285723097998809
0,0,0.006731958096116175
0,0,0.07056314656866589
0,0,9.045157770032706e-06
0,0,0.0006432844576317397
0,0,0.013092318202436502
0,0,0.4217896953959851
0,0,0.0006342673630455168
0,0,3.0881338806755015e-05
0,0,0.00034707056022688517
0,0,0.0020859208594272306
0,0,0.068515659547493
0,0,0.0005880595361410549
0,0,0.00034673519791548747
0,0,0.00010811702747999599
0,0,0.023991932876886186
0,0,0.0011179673909789182
0,0,0.00037766880131219753
0,0,0.00028385385555349684
0,0,0.0003767629790269761
0,0,0.0005553917092954011
1,0,0.11472851885775592
0,0,0.0005131754378523127
0,0,0.00014892549923877586
0,0,0.0003841529744096369
0,0,0.07821570077047392
0,0,4.098007228407612e-05
1,1,0.998841123587916
0,0,0.0068618597825114
0,0,3.1360197417089876e-05
0,0,0.0003743677807160049
0,0,0.04749471968514115
0,0,0.010798267552013262
0,0,2.0699259020504294e-05
0,0,0.021071663065311472
0,0,3.4977365418983566e-05
0,0,0.0004349767368050128
0,0,0.0002022617806254555
0,0,0.025023982040073306
0,0,7.87755470064116e-05
0,0,0.1267205772356089
0,0,0.0008454308373140648
1,0,0.3827996213767789
0,0,2.641401017146451e-05
1,1,0.999963293210642
0,0,1.8491344417125966e-05
0,0,4.029289042813511e-05
1,1,0.9974887189755265
0,0,0.025530727501954505
0,0,0.00018193150731624343
0,0,0.00397500212141506
0,0,2.040490385821899e-05
0,0,0.0004696471438578635
0,0,0.00043949684937040446
0,0,0.32353443526418696
0,0,0.012954953523652047
0,0,0.0015793628907180169
0,0,0.0003301072337017784
1,1,0.9996172987642833
0,0,0.0005259800725466191
0,0,0.0001860973703759717
0,0,0.23900006320648753
0,0,0.00043268466680318636
0,0,0.020490191831140397
0,0,0.03202794065047651
0,0,0.0008726909027774164
0,0,0.00013729110325941073
0,0,0.03785363644589834
0,0,0.00047095815680540086
0,0,2.966162333732952e-05
0,0,0.00017593302223180765
0,0,0.06893409079415164
0,0,0.03516123181034931
0,0,0.0006044104027862476
0,0,8.156520011980426e-06
0,0,0.0006944206999385293
0,0,2.0870017861001637e-05
0,0,0.0003581131034865668
1,1,0.9999086660690931
0,0,0.0486219745471592
0,0,0.0006102076108272276
0,0,7.118020246095713e-06
0,0,0.05141954672428882
0,0,0.03291516486011115
0,0,0.027129533840090845
0,0,0.0004582251848801252
0,0,4.621472576412626e-05
0,0,0.0002531233830829508
0,0,2.6049499223512383e-05
0,0,0.0002169914825956427
0,0,0.0012687622682877884
0,0,0.0003140256408921886
0,0,9.981674839554896e-05
0,0,0.06488260709900251
0,0,0.0002681606491519947
0,0,0.0003519872647792752
0,0,0.0002076944883775968
0,0,0.006101349748216162
0,0,0.0002689533119069979
0,0,0.0018445941001232354
0,0,5.229950991016297e-05
0,0,0.0352614564780262
0,0,0.007630172902906016
0,0,0.0005574820390127722
0,0,0.04720854314260255
0,0,4.7928957300809674e-05
1,0,0.15308022254256756
0,0,0.0006201410591527145
0,0,0.0032251312944907174
0,0,0.00022798964179500365
0,0,0.00034544709374043314
0,0,0.12443790097482668
0,0,6.65460801063869e-05
1,1,0.9988265877365035
0,0,0.02405158822656853
0,0,0.019109008124865094
0,0,0.2488003633331996
0,0,0.0005911521042468388
0,0,0.0006172629059859449
1,1,0.9975026754453387
0,0,0.00013609444235958645
0,0,8.511637923113384e-05
0,0,9.296376114385897e-05
0,0,0.010122457293520936
0,0,8.399244914170618e-06
0,0,5.130679171156348e-05
1,1,0.9977545663700965
0,0,0.00027333772174775197
0,0,4.1840523372225095e-05
0,0,0.26261307956463426
0,0,0.0003531469887662573
0,0,4.647761269613554e-05
0,0,0.00037244322533915367
0,0,0.0006288253347753656
1,1,0.999091148942423
0,0,1.3574158915479431e-05
0,0,0.00010815194609717444
0,0,0.00019059653158425355
0,0,7.173010535832153e-05
0,0,0.000249752030924812
0,0,0.06184710815076279
0,0,9.430888214547337e-05
0,0,2.606092369635109e-05
0,0,0.272761138794189
0,0,8.0937034865765e-06
0,0,0.0001564172435189918
0,0,0.00028288204557169364
0,0,0.003266593507825071
0,0,0.09584754544919757
0,0,1.3349449109338569e-05
0,0,0.0013048064408113695
0,0,3.338569032153086e-05
0,0,0.08980807412486279
0,0,0.023915719151591006
0,0,0.0525722739925492
1,1,0.998878514529199
0,0,0.0003548100521516328
0,0,8.0937034865765e-06
0,0,0.02477023901036693
0,0,0.01659844525923413
0,0,0.0004031568254195265
0,0,0.0003429983089008523
0,0,5.2528597984162596e-05
0,0,0.00031951245291245243
0,0,0.000917525107864622
0,0,0.0012285939650340605
0,0,0.0019246228947810732
0,0,0.00022639514331207814
0,0,0.0018332434868998163
0,0,0.00023244161919660426
1,1,0.9984705438290387
0,0,0.011405666011198813
0,0,0.17266687185969412
0,0,0.005182558089490477
0,0,0.0031154514950556774
0,0,0.01462902873443193
0,0,0.00023721073349211352
0,0,0.00014245003349417612
0,0,6.561797574094164e-05
0,0,0.0002959192340661839
0,0,0.16841944185323904
0,0,0.0002526556049509095
0,0,0.0002820077219030735
0,0,0.034830772518187864
0,0,0.00010448489780139987
0,0,0.000608351661559436
0,0,0.33243575859427305
0,0,7.347751357214431e-06
0,0,0.0004282709696097753
0,0,7.381888138333878e-05
0,0,0.0003219953212033083
0,0,0.004435932683725795
0,0,0.00014070545658595595
0,0,1.8057211265787698e-05
0,0,3.716686324232748e-05
0,0,0.0004001843258677088
0,0,0.0003725209617382808
0,0,0.0011267085163888053
0,0,0.0027663786181358766
0,0,0.013547352494016078
0,0,3.9897880993096605e-05
0,0,0.0007062484388519584
0,0,0.08349964171093033
0,0,4.9203660566895965e-05
0,0,0.001892031626398225
0,1,0.5643115015014518
0,0,0.0004527984052181414
0,0,6.685222947842985e-06
0,0,0.03929760739192671
0,0,6.307101921938698e-06
0,0,0.1670038150463034
0,0,0.04160400392045886
0,0,0.00042035551212571697
0,0,3.46505814947608e-05
0,0,4.277425570140652e-05
1,1,0.9999031580900528
0,0,0.00461706278010225
0,0,0.2521669077612127
0,0,0.058220298167010034
0,0,0.00023222540881462418
1,0,0.01704179494975376
0,0,0.030340054434700833
0,0,2.747901644692605e-05
0,0,0.008899749648093149
0,0,0.11869968788530333
0,0,0.004725584127499929
0,0,0.0029250198449932716
1,1,0.9999797183096307
0,0,0.000721961617300327
0,0,0.040294345240445374
0,0,3.589594332461968e-05
0,0,0.019295189666933027
0,0,0.004334173563454164
0,0,0.0006482442118926792
0,0,0.27886391016262807
0,0,0.0004831999940715377
0,0,0.00019255558352080407
1,0,0.020334795061550653
0,0,0.04079511615127354
0,0,2.8641661772230357e-05
0,0,0.059673723877082196
0,0,0.0007118983399339651
1,1,0.9961092243404778
0,0,0.039714457311317126
0,0,1.7203013710020452e-05
0,0,0.00024681163779481153
0,0,0.14764931755016142
0,0,0.0006876862028637081
0,0,0.11022782571221036
1,1,0.9972911107851359
0,0,0.00011456766594947646
0,0,0.013708938431725527
0,0,0.07411770196425942
0,0,0.00022349733192240752
0,0,0.005927222289970806
0,0,0.0002176326138112722
0,0,3.7746731170041566e-05
0,0,0.0001817805286465625
0,0,7.125679217862663e-05
1,0,0.08623956569750614
0,0,0.00026835318759007524
0,0,0.0003582481179153201
0,0,9.964053257623347e-05
0,0,0.0010520273783641615
0,0,4.49611802676685e-05
0,0,1.2134710333701642e-05
0,0,3.748739918232352e-05
0,0,0.00015816112083629342
0,0,0.009861258605839076
0,0,4.955958132923585e-05
0,0,0.06808566624144761
0,0,0.06108305516722487
0,0,0.0002621807095316017
0,0,0.00020809471240081917
1,1,0.9953213673165225
0,0,0.1046947088053215
0,0,0.08839935525066474
0,0,0.012204018951720732
0,0,1.894670260315116e-05
1,1,0.9999412722711973
0,0,4.442948241968457e-05
0,0,3.6480474727043364e-05
0,0,0.0466195634964511
1,0,0.051153297565330484
0,0,0.00023263301598050565
0,0,0.00014284205956038433
0,0,0.014517622512201534
0,0,0.04411539942922213
0,0,0.025668141036603902
0,0,0.07887289954120182
0,0,0.010477607008236947
0,0,0.05582991059553577
0,0,1.2671501544194357e-05
0,0,0.06565176455663621
0,0,2.944619862874749e-05
0,0,6.685222947842985e-06
0,0,0.04736055902437361
1,1,0.9986950134943465
0,0,0.002246301521844068
0,0,3.4111780854279924e-05
0,0,0.0005147230297875092
1,1,0.9972195096076064
0,0,0.0004559530788223656
0,0,6.323129191117861e-05
0,0,0.00037167990041356595
0,0,0.00023395674947186636
0,0,0.009069882589490562
1,0,0.3901326978854477
0,0,0.00016727661194996192
1,0,0.35105352350117497
0,0,0.00016378429738720385
0,0,0.0624792688198516
0,0,5.836493429239652e-05
0,0,0.00014126578636631517
1,1,0.5457268562788664
0,0,0.06541831990345624
0,0,0.0015455477868797415
0,0,0.004517406420668138
1,1,0.999952722499069
0,0,0.00077228480171489
0,0,2.8853645874333166e-05
0,0,0.00010785561207004238
0,0,0.03194178677810189
0,0,0.008131358489443952
0,0,3.677895563026626e-05
0,0,0.00039976093692674185
0,0,3.2204511629793164e-05
0,0,0.004954973354230896
0,0,0.0007083195672740836
0,0,0.0002773102865487091
0,0,0.00028462939361957314
0,0,0.0003485235234945442
0,0,7.950812331725352e-05
0,0,2.7642909639734373e-05
0,0,0.032210482688110734
0,0,0.00025204384830922335
0,0,0.00013493147916149856
0,0,0.06389465909724024
1,1,0.9999722442763278
0,0,0.0003082764638164995
1,1,0.9973838002950328
0,0,0.007799271725401456
0,0,0.08255450287544559
0,0,0.0003482074346204924
0,0,6.71254567105271e-06
0,0,0.0003622635320066378
0,0,0.048525710158343095
0,0,0.0001552397772969279
0,0,0.00036064560037297913
1,0,0.21218539309444126
0,0,0.0861316943195154
1,1,0.9999544459546216
0,0,0.00015775541819980916
1,1,0.9976294924761466
0,0,0.0004703518687773838
1,1,0.9964725186590655
0,0,0.0010241303956913367
0,0,0.004189589761706358
0,0,0.0002071240587161963
0,0,4.008015018377672e-05
0,0,0.0003138345146726555
0,0,0.0048259424616256446
0,0,0.00013350511889122178
0,0,0.034439665616366084
0,0,0.0005240393976060325
0,0,0.00015886990613186912
0,0,0.0004542176435282547
0,0,0.000637481751414334
1,1,0.998193167049313
1,1,0.9990045297788092
0,0,0.003081865725773738
0,0,0.05482622969061293
0,0,9.012098859787599e-06
0,0,0.047293124078197704
0,0,0.00024350560005142728
0,0,0.00035349475989828285
0,0,4.90406694360512e-05
0,0,0.0003598066505942163
0,0,0.047297245826184775
0,0,3.3467817307150604e-05
0,0,0.0013585537460113553
0,0,0.1279111397498337
0,0,0.000325080355016267
0,0,4.139385797788295e-05
0,0,0.0004724450975079357
0,0,0.0002767990850630902
0,0,0.000303373638034649
0,0,0.00017161662839522497
0,0,0.00023846595770631693
0,0,0.00022646046889975978
0,0,2.2886419627080504e-05
0,0,0.0010314055563909836
1,0,0.2677593955379358
0,0,2.598320097333637e-05
0,0,0.00017717959669319986
0,0,0.00014349983800028416
0,0,4.805632540223405e-05
0,0,0.3777307424051934
0,0,0.00024757294078925763
0,0,0.23875217462792903
0,0,0.0003016317986465219
0,0,0.0001661205328924029
0,0,0.00016777580818122049
0,0,0.00047970125108045137
0,0,5.406688974359611e-05
0,0,0.13960692314072035
0,0,0.0002441313494548632
0,0,1.836000165257548e-05
0,0,5.8588928520491305e-05
0,0,0.007402921878906485
0,0,0.00028261137476050035
0,0,0.0006129340226923444
0,0,0.017697262500386828
0,0,1.2265547276600045e-05
0,0,2.5365313897460903e-05
1,0,0.27669317298795176
0,0,0.0006252639336939823
0,0,0.0005103537192823289
0,0,3.086912025253573e-05
0,0,0.05081639263063411
0,0,0.00019165229956930854
0,0,6.40356833590224e-05
0,0,0.01674791730422946
0,0,9.202327440729464e-05
0,0,0.00015079949288123335
0,0,0.0005909104139201619
0,0,0.08092169059800705
0,0,7.0535601353329725e-06
1,1,0.9999214731913845
0,0,0.0006957171524506513
0,0,1.3627396943709727e-05
0,0,0.019719100190902224
0,0,0.006438855890654398
0,0,0.012090680405810768
0,0,0.043190694032042294
0,0,0.00010382672975507743
0,0,8.849579001471082e-05
0,0,0.055510136561937116
0,0,0.009619874319246678
1,1,0.9981199155961483
0,0,0.14505345565864614
0,0,1.7500340117978027e-05
0,0,0.0013614294055154432
0,0,0.04718673868198658
0,0,0.0001282502097598163
1,0,0.4648332612366184
0,0,1.0906875010724678e-05
1,0,0.013221806502885836
0,0,0.003528426323730849
0,0,0.0003741836755136929
0,0,0.00020095952200744257
0,0,0.0002859979574320263
0,0,0.010598360130924578
0,0,0.00017945455286479264
0,0,6.397145346387793e-05
0,0,0.00584834116759703
1,1,0.9965634880455442
0,0,0.0009103550192686046
0,0,0.06288801498360318
0,0,6.172732815026822e-05
0,0,0.024359427007119735
0,0,0.00011478341675452475
0,0,0.07508544930410878
0,0,0.05114957009070595
0,0,1.0931359034578307e-05
0,0,0.005522107325101485
0,0,3.412621153857587e-06
0,0,0.0006175591802314518
0,0,0.06093226184777921
0,0,0.000658130620309016
0,0,2.0341602092736014e-05
0,0,0.00028139100674305623
0,0,0.1122056020515319
1,1,0.9989188350209841
0,0,0.35589900162064186
0,0,0.007644893202326113
0,0,0.00012806814888230005
1,0,0.1814620235901381
0,0,0.003978901738598677
0,0,0.2668117136059149
1,1,0.9967154715240809
1,1,0.996201558238774
0,0,0.00011254120476031613
0,0,0.010255593361461713
0,0,2.375197397815051e-05
0,0,0.0002260952258590186
1,0,0.01641987885668297
0,0,0.13584604629672478
0,0,0.00011062099934340086
0,0,1.524701626418666e-05
0,0,0.03958280938325341
0,0,0.00029382635790316166
0,0,0.013209014216518555
0,0,0.00022548912638760762
0,0,0.0009763871362070521
0,0,0.00044998659787448195
0,0,0.4856016344421434
0,0,0.04612803925180331
0,0,0.00042589029132975655
0,0,0.00011774156577452963
0,0,0.1145705548021266
0,0,9.879926604335792e-05
0,0,0.0271943421403438
0,0,0.00016875576886348002
0,0,0.00039778491375281195
0,0,0.022732408426449722
0,0,1.2262612470578129e-05
0,0,0.0002850299759135185
0,0,0.0007102433855334723
1,0,0.22860566675557847
0,0,0.011582948280567955
0,0,0.030887992857482054
0,0,3.708034096365637e-05
0,0,0.02356946844783598
0,0,1.9787198528393393e-05
0,0,0.00014014709410451736
0,0,4.431166124150526e-05
0,0,0.00023245459911349584
0,0,4.317682729110905e-05
0,0,0.0005274243759700245
0,0,0.00018849130579107776
0,0,0.010192284579440764
0,0,0.00042523802781407806
0,0,7.308601719665068e-05
0,0,8.104756995781628e-05
0,0,2.3144823461224485e-05
0,0,0.16859416075057143
0,0,0.00028864743263332815
0,0,0.0005714414664972774
0,0,6.670812829488453e-05
0,0,0.00474989401261326
0,0,0.00030257422291788983
0,0,1.9531569260309894e-05
0,0,9.033804953277559e-05
0,0,0.0001495604558144034
0,0,0.00022357148456766328
0,0,0.012817384110734218
0,0,0.00021263134419350932
0,0,0.02841468083507521
0,0,0.00021163493800563927
0,0,0.04071493205327602
0,0,0.0006214283031841564
0,0,9.031453991402154e-06
0,0,0.08825029543962905
0,0,0.00013944487378110743
0,0,0.0038957802314105168
0,0,0.00028997649604195746
0,0,0.07094912932590226
0,0,4.716669624387403e-05
0,0,0.12871350817190808
0,0,4.997927522709731e-05
0,0,0.0004619561283436744
0,0,4.205276867632816e-05
0,0,4.285459663360516e-05
0,0,0.0004593944583183698
0,0,0.003670089480404712
0,0,0.00047739713228304163
0,0,0.00019700261759747373
0,0,0.16051239648104207
0,0,0.00020231228663146507
0,0,4.838461546674077e-06
0,0,0.1281242002894916
0,0,0.00016740144905291602
0,0,3.696619212173189e-05
1,0,0.298607643223145
0,0,1.3257076346449213e-05
0,0,0.002668430430440226
0,0,4.79162914435106e-05
0,0,7.519563492387633e-05
0,0,0.0005558785428447406
0,0,0.0023558456826359734
0,0,0.00012539811581781214
0,0,5.0549163366188544e-05
0,0,0.0005708811638791297
0,0,0.004753189217196824
0,0,3.629339497064373e-05
0,0,0.010085145402041598
0,0,0.00033431034263754604
0,0,0.1075067332777485
0,0,0.08616034798140247
0,0,5.522349353251612e-05
0,0,0.0006855223567549135
0,0,0.08812621591369958
0,0,0.00015456486510752494
0,0,0.0009766578281500148
0,0,7.430099099747988e-06
0,0,7.579158722825157e-05
0,0,0.0002723675315956064
0,0,0.004225236692136397
1,0,0.07235255272000067
0,0,0.0006269776724991649
1,1,0.9999653954399019
1,1,0.9988064926517544
0,0,0.012826475691836117
0,0,2.9085007765718915e-05
0,0,0.00012864478960885058
0,0,0.013494101664212879
0,0,0.00014872588754506
0,0,0.10988646945481279
0,0,0.00025868584320581147
0,0,0.00026958611411226135
1,1,0.9937443791624999
0,0,0.007669024011025912
0,0,0.013529342392255282
0,0,2.0983112703862406e-05
0,0,0.0006774057949881032
0,0,0.0004217021894569275
0,0,0.0008329543630445071
0,0,8.323473561008051e-05
0,0,5.718268367077146e-05
0,0,0.3436304267182182
0,0,0.0002718898604176914
0,0,8.298157024900346e-05
0,0,0.00011742990385299052
0,0,0.0006526349168319111
0,0,5.977556158381696e-06
0,0,0.06570620245760628
0,0,0.00035033706597996844
0,0,0.00020473585301304578
0,0,0.00012229201868838946
0,0,0.00015352169975966845
0,0,0.0006267830759020072
0,0,0.000275669671641707
0,0,0.0630676306958635
0,0,1.0598053253454022e-05
0,0,0.0002204293082908503
0,0,0.22891166512470973
0,0,5.133506150863102e-05
0,0,0.0002434165150298959
0,0,0.026462519606455733
0,0,0.005111614641536477
0,0,0.00010582016073865272
0,0,0.0023370940113552115
0,0,0.002137690450604857
0,0,0.25591750178936445
0,0,0.07461652575015039
0,0,0.0022089378402854313
0,0,7.54004858672442e-06
0,0,0.0019045827062111784
0,0,0.09590783245212718
1,0,0.07321710952328046
0,0,0.00019569352944858029
0,0,4.608138522595873e-05
0,0,4.239620192233543e-05
1,1,0.9946344925275188
0,0,0.0002725022420912326
0,0,0.0002616687014543777
0,0,0.13669574201933385
0,0,0.03306997790538094
1,1,0.539492335883414
0,0,0.0010584390636365032
0,0,0.06965299663531725
0,0,0.0005551180838937082
0,0,0.0001761076621952299
0,0,7.558902064608296e-06
0,0,6.355763754874134e-06
0,0,0.0008797899938782689
0,0,0.0013600334571085867
0,0,0.00010698186473312385
0,0,0.00046989307265511286
0,0,0.02029217787388148
0,0,0.0383560890930772
0,0,3.642877860709451e-05
0,0,0.026518838507918415
0,0,0.0014182163750198877
0,0,0.0006326249152879176
0,0,0.010078705764140126
0,0,0.00024073185074537136
0,0,0.06818958331291006
0,0,1.3559809419924025e-05
0,0,1.5539517257344384e-05
1,1,0.9999858447478841
0,0,0.010921107238161592
0,0,0.004152748117302944
0,0,0.0006636066666131359
0,0,4.9702226151655745e-05
0,0,0.0014667592332757312
0,0,0.1878035083107755
0,0,0.00037913218487336896
0,0,9.192504376201833e-05
0,0,2.481723832092177e-05
0,0,2.5966498546458733e-05
0,0,0.0017945208129084994
0,0,4.526376355133344e-05
0,0,0.08064509975345643
0,0,9.088861062189737e-05
0,0,1.2750151571838285e-05
0,0,8.644833990855002e-06
0,0,0.0009824189145168998
0,0,0.004361862070037522
0,0,0.0001081075289608171
0,0,0.0031088249108550386
0,0,0.010749237498697207
0,0,0.00012363363944129568
0,0,0.01589105696218182
0,0,3.0881338806755015e-05
0,0,0.06452216622771817
0,0,4.123079131617943e-05
0,0,5.162026409757924e-05
0,0,0.00392169321425246
0,0,0.08290268643592147
0,0,0.00024643603537978964
0,0,0.00014628136402671204
0,0,0.001260518397611485
0,0,0.010079190740096033
0,0,4.455755729951598e-05
0,0,0.00022785894803282775
0,0,1.5248883941093534e-05
0,0,0.0004604328406589348
0,0,0.0004555746551851203
0,0,0.008567398580156286
0,0,2.3026943986846935e-05
0,0,2.131298566128049e-05
0,0,0.00024633055981833525
1,1,0.9993951711619143
0,0,0.0024825695274051963
0,0,5.164072348179456e-05
0,0,4.055643646779214e-05
1,1,0.9989017464776877
0,0,0.00045514921964295716
0,0,0.001728428100428277
0,0,0.0010821282601169786
0,0,4.3753963858744215e-05
0,0,0.0001520515647467766
0,0,0.00020804751554766797
0,0,1.4632925423098924e-05
0,0,8.639271062625467e-05
0,0,2.9226200915622665e-05
1,0,0.34070974633769596
0,0,0.032997124855618815
0,0,0.0008598376378217024
0,0,0.00011407278185000424
0,0,0.045449839085743814
0,0,0.3070282095884445
0,0,0.0002703769898632304
0,0,0.16629993159514977
0,0,0.03262671631282766
0,0,0.019264795513073404
0,0,6.604844297679492e-05
1,0,0.3058012530656083
0,0,0.012759107101397342
0,0,0.00048423970815994694
0,0,0.05025037867907974
0,0,0.17742260532703297
0,0,0.1448401910787909
0,0,7.684268861120618e-05
0,0,0.0005252510679140725
0,0,0.3854244216900915
0,0,0.00039117911315145356
0,0,3.178211349401823e-05
0,0,0.0027322345120128198
0,0,5.333058803610015e-05
0,0,0.00025200561585941297
0,0,9.815454945550577e-06
0,0,0.0001667108173329178
0,0,0.004986176231786404
0,0,7.0535601353329725e-06
0,0,0.00010457257448743442
0,0,0.0002499114553480834
0,0,7.452656053189175e-05
0,0,0.22607387807961826
0,0,0.00045514921964295716
0,0,9.80139456111344e-05
0,0,0.00414782415998653
0,0,0.000526317303758844
0,0,0.0003163380005882825
0,0,0.12113399541782238
0,0,0.0003277310624964002
0,0,0.0008697671461673811
0,0,2.7616220685256545e-05
1,1,0.9999932111605623
0,0,0.00021367117897956025
0,0,0.00207276199133004
0,0,4.361813722281257e-05
0,0,0.4203654669398033
0,0,0.059080015742822664
1,1,0.9983875231271865
0,0,0.0899512554559232
0,0,0.012504535416543894
0,0,0.0006277879774446637
0,0,0.000894307621796734
0,0,2.369720210913208e-05
0,0,3.594650840043338e-05
0,0,3.143247844322606e-05
0,0,0.00906650690449257
0,0,0.17151801196821043
0,0,0.1379884628133606
0,0,1.4595565293683788e-05
1,1,0.9993167934255692
0,0,0.0259801628131891
0,0,0.0002551449483804093
0,0,0.03163334313729728
0,0,6.4784834901416365e-06
0,0,0.03892625242198814
0,0,0.036532835281400555
0,0,0.0012744051186600644
0,0,1.179903636024477e-05
0,0,5.793217936908623e-05
0,0,0.00017820353477772966
0,0,0.0007453499906983299
0,0,0.016302608945606714
0,0,0.17935481412183582
0,0,0.0005660155299981983
0,0,0.0005295789875884484
0,0,0.0005161652134107325
0,0,0.2273830060568978
0,0,0.0023460134406796617
0,0,0.0003546326305960986
0,0,0.0001952693339600754
0,0,0.0001239149303544413
0,0,4.9134493186825525e-06
0,0,0.12908934453797
0,0,0.004530569322592366
0,0,0.05671042709226059
0,0,0.07120432407588889
0,0,0.00040954653343810526
0,0,8.58072370502739e-06
0,0,0.011230234305810735
0,0,0.05550210198354416
0,0,1.9472981976688304e-05
0,0,0.01083488613644953
0,0,0.0003017589331230441
0,0,0.2713464897737482
0,0,0.022160832042560676
1,1,0.9994588096323256
0,0,0.06896019407439437
0,0,0.00016329983822765712
0,0,0.0003390635914392137
0,0,0.1705792496245294
0,0,0.18422956243501312
0,0,0.0007821827757427103
1,1,0.9991338069858272
0,0,0.01531048590909838
0,0,0.0004166051853527627
0,0,1.1923046603805415e-05
0,0,0.005907888359407391
0,0,1.3349449109338569e-05
0,0,0.2707279543432571
0,0,0.0030277341974492672
0,0,1.3885181789826787e-05
0,0,0.00455860392803522
0,0,0.18953486717116338
0,0,2.1939246029199788e-05
0,0,0.002002172932148292
0,0,0.00019105035881813082
0,0,0.030117816528269795
0,0,7.092001433126221e-06
0,0,1.661389364452836e-05
0,0,3.0410121153608378e-05
0,0,0.00021688222675948416
0,0,0.00020415920431718032
0,0,0.00046649469079355536
1,1,0.9999077467135921
0,0,6.690230131583695e-05
0,0,0.0007036254850724772
0,0,0.0003038805106403498
0,0,0.15947600201077602
0,0,0.2659162058349578
0,0,0.0011616081421985415
0,0,4.3244057964584766e-05
0,0,0.0002653385585024307
0,0,0.0002671948480244219
0,0,0.22006046792751657
0,0,0.00017490100930877222
0,0,1.1104995887791911e-05
0,0,0.017743244673640184
0,0,0.017786497270005697
0,0,3.198910495005413e-05
0,0,7.696103070276582e-05
1,1,0.9999595858111366
0,0,0.14906505550029975
0,0,0.08761756954258691
0,0,3.987944491186646e-05
0,0,0.016184211180529835
0,0,4.435113729417602e-05
0,0,0.00017118251532303333
0,1,0.6104030046937534
0,0,6.141550066373845e-05
0,0,1.0454230924986344e-05
0,0,0.0029250198449932716
0,0,0.07072943346244
1,1,0.9966114937274564
0,0,8.173607814444799e-05
0,0,0.0002817444133343696
0,0,0.0003654949329209383
0,0,0.0002043001484416752
0,0,0.008580590301655767
0,0,0.0013098336808536185
0,0,0.00034636425030335513
0,0,0.2123980862802737
0,0,0.01907389115933275
1,1,0.7272783639241441
0,0,0.0003678529454709682
0,0,0.0004589802615603109
0,0,0.00021751629271757008
0,0,2.1223067868221632e-05
1,1,0.996689296940041
0,0,0.009050208655087084
0,0,0.0010583029540206657
0,0,0.1613737034798779
1,1,0.9989282410846018
1,1,0.9981823753756769
0,0,2.3137786603663084e-05
0,0,0.0003095723536990787
0,0,0.0001721167747498772
0,0,1.9473095892600943e-05
0,0,0.14102636624769022
0,0,0.00023685257590526249
0,0,0.028730644326994355
0,0,0.06985610277686258
0,0,0.011610112333060607
0,0,0.0005159202080410845
0,1,0.7838228916738299
0,0,2.4976154193892907e-05
0,0,7.795236733100539e-05
0,0,8.814236058508258e-06
0,0,0.00016860020013908695
0,0,0.014632992821501453
0,0,1.7239060595475214e-05
1,1,0.9959361211229023
0,0,0.021965800653476808
0,0,6.775841190135486e-05
0,0,0.00022813042250853353
0,0,0.0014342921242891003
0,0,0.014165829386476345
0,0,0.0003462808319399965
1,1,0.9996004336803883
1,1,0.9983465090043925
0,0,0.07010015110064949
1,1,0.9999256292819845
0,0,6.264420993021882e-05
0,0,5.137104113671131e-05
0,0,0.05292229038924476
0,0,0.0012015121663387503
0,0,1.836000165257548e-05
0,0,0.00031391284374738377
0,0,0.11378230271593703
0,0,6.249753441398329e-05
0,0,0.00018162448520414793
0,0,0.00024037141961317024
0,0,0.0006199795386687304
0,0,8.426209002403455e-05
0,0,0.1528039809774609
0,0,0.05472886780763949
0,0,8.315806297799532e-05
0,0,0.0002813378226074328
0,0,0.039064067522577704
0,0,0.24649430983828646
0,0,0.0005851851232621327
0,0,0.00010640495813162591
0,0,0.00041570186397420027
0,0,0.009760759387752354
0,0,0.025676044088780384
0,0,0.15104852457834195
0,0,3.788850290946543e-05
0,0,1.406559689431078e-05
0,0,0.13732232770262107
0,0,0.0002484032736340525
0,0,0.00047029224126285245
0,0,5.327607535784832e-05
0,0,0.08917870387976978
0,0,0.0003072093597576278
0,0,0.00034520798726588346
0,0,0.052147243917941614
0,0,3.507895635547104e-05
0,0,0.00014076363996634638
0,0,0.04682365291735499
0,0,0.00012711725786271777
0,0,6.604844297679492e-05
0,0,0.013229481544411824
0,0,0.0012961207107346257
0,0,4.123079131617943e-05
0,0,0.38185080701791047
0,0,0.0016287492498726823
0,0,0.00037980349666604657
0,0,8.475917772271513e-06
0,0,0.0007568612820528543
0,0,0.0011591728410734622
0,0,0.0017677024059166422
1,1,0.9988613356896682
0,0,0.00017195480142212144
0,0,0.00048715434866619694
0,1,0.6055181254142512
0,0,1.8545353725008888e-05
0,0,0.00031391398958953784
0,0,8.493681271417906e-06
0,0,0.0005840602695555543
0,0,0.024916373542961293
0,0,0.0005067026221715868
0,0,0.00029253790943660653
0,0,4.1885041949023305e-05
0,0,0.0003717015415276377
0,0,0.0002503752690956802
0,0,0.0003543911872897536
0,0,0.006396400166643248
1,1,0.9973310470698102
0,0,2.4613417228586214e-05
0,0,3.543768409262164e-06
0,0,0.07920844013343449
0,0,0.005308994699342536
0,0,2.2048506536238196e-05
0,0,0.15936134076440275
0,0,0.00027431126242112434
0,0,4.597055692804368e-05
0,0,0.06254406607540564
0,0,3.929338812482442e-05
0,0,0.20046573260171427
0,0,9.552145960802968e-05
0,0,0.00020681946125060134
0,0,0.00011323803381459673
0,0,0.008035516145185826
0,0,0.0002121438311456534
0,0,0.00012018742928950857
0,0,0.00032886503533012377
0,0,0.1164603352962825
0,0,0.0002051668481627888
0,0,0.00012530783936036177
0,0,0.011238798056488095
0,0,0.00017081169006723983
0,0,0.0025596630853747383
0,0,1.099300693610301e-05
0,0,0.0001273305884535011
0,0,0.0001005587434564199
0,0,0.06896603741033658
0,0,0.06851362542879866
0,0,0.0002902867570686947
0,0,0.0005300469867871227
0,0,0.012158278211398574
0,0,4.230041000748838e-05
0,0,0.18829086025269062
0,0,0.00016795956822474
0,0,2.9758522534662148e-05
0,0,0.00031487316385662463
0,0,0.0005164486326588787
0,0,0.018761060053358806
0,0,0.0006682419752977912
0,0,0.016983272764666834
0,0,2.7979352007175498e-05
0,0,0.0003682993071542494
0,0,3.505546974820246e-05
1,1,0.9958770099500173
0,0,0.00012594598433754165
0,0,0.004982251073050089
0,0,0.002100546655775128
0,0,0.00029077967762246917
0,0,1.8706576502227304e-05
0,0,0.05574114294295893
1,1,0.9993914453542732
0,0,0.00010582353970272463
0,0,0.01619200953075832
0,0,0.05372337671742227
0,0,0.007404262787632605
0,0,1.911226853185274e-05
1,1,0.99639716107828
0,0,0.0001921575225478172
0,0,0.00025598234663704023
0,0,3.077240172794955e-05
0,0,0.008593077067856895
1,1,0.9970982684058383
0,0,0.0003674030700259022
0,0,0.00039791542569829534
0,0,0.038157258707962174
0,0,0.3083814003896407
1,1,0.9955175090684936
0,0,0.0005373196269004446
0,0,0.00014987476480407736
0,0,0.0011098371387550216
0,0,0.0507740316553859
0,0,5.301692555767278e-05
0,0,0.008248123429323946
0,0,0.015405450805906508
0,0,0.0006138439766890279
0,0,0.014302361315782252
1,0,0.0024487036662702985
0,0,0.0012548794187180765
0,0,0.03600111748498065
0,0,0.19429343179215575
0,0,0.0007357875472423667
0,0,0.00015108591475293024
0,0,0.030851951675745212
0,0,2.3611524719967903e-05
0,0,0.09048198214213815
0,0,0.000193618758885507
0,0,0.0007140666018467688
0,0,8.44984094590194e-05
0,0,9.03889025307674e-06
0,0,0.00019943342072280105
0,0,1.8146787600328342e-05
0,0,0.00026717443924873836
0,0,1.3445310349645269e-05
0,0,0.00020082025494469921
0,0,0.17612330458759673
0,0,6.1662608421411764e-06
0,0,0.061041253893787464
0,0,0.0002069484525362814
1,0,0.33647434789069763
0,0,0.013145451033380169
0,0,0.10549115820177418
0,0,0.08329854181311569
0,0,0.008231399409406492
0,0,5.9448178825639474e-05
0,0,0.0001889367758991351
0,0,0.09109479835707303
0,0,6.074328483276842e-05
0,0,1.5157615424773724e-05
0,0,2.7744023233135495e-05
0,0,0.00021391710652360777
0,0,0.0001443128738780574
0,0,1.3198520312822605e-05
0,0,7.636238028038566e-06
0,0,0.47765004244454345
0,0,0.00022351132069358635
0,0,0.0003905489732878432
1,1,0.999945142947287
0,0,0.000293528340471885
0,0,0.00012695142057976436
0,0,0.1088533651067679
0,0,0.00026029927341310316
0,0,0.005494561172765542
0,0,0.010984795353950487
0,0,3.9666352907345324e-05
0,0,0.3603120164452731
1,0,0.31377992878441163
0,0,0.00018150789923256178
0,0,3.8049956137966333e-06
0,0,0.0008998681829779624
0,0,3.575542047299515e-05
0,0,7.021912217421654e-06
0,0,0.017439818838957892
1,0,0.13836485399980505
1,0,0.21447591736564933
0,0,0.001257444112791361
0,0,0.0013909256580434783
0,0,0.00021137576141892035
0,0,1.6022851378765485e-05
0,0,2.792584557557174e-05
0,0,0.4112142355113601
0,0,1.8601885718230672e-05
0,0,0.000523908516983213
0,0,0.0015716765652697825
0,0,1.9516624416528637e-06
1,1,0.9994484835772307
0,0,0.0003303567817539348
0,0,1.68572481710146e-05
0,0,0.16954433470081973
0,0,0.00018554768675612359
1,1,0.9991269712035984
1,0,0.031643326326098564
1,0,0.13789393717077342
0,0,0.034411422152069306
0,0,0.00027277045853190806
0,0,0.00010623408760713697
0,0,0.026991778885911775
0,0,0.00017975924136208457
0,0,0.00010839054463108014
0,0,1.7268604416674155e-05
0,0,0.000277729320625872
0,0,0.4733622199566423
0,0,0.0005875381628644096
0,0,3.161549167296609e-05
0,0,0.0010774632625512905
0,0,0.0005322267240496896
0,0,4.9203660566895965e-05
0,0,0.06915975513590819
0,0,0.0015834528296161097
0,0,0.00013306710630544178
0,0,3.178211349401823e-05
0,0,0.058269608102300696
0,0,0.006151763343243785
0,0,0.0005787531603433384
0,0,0.00023273638770248737
0,0,0.0007790915306118833
0,0,6.837704738207727e-06
0,0,0.048117414577330944
0,0,0.0003255855088953879
0,0,0.10476368005860383
0,0,7.06289198352907e-05
0,0,0.00011585636894491639
0,0,0.0051700778391181
0,0,0.25079931600036987
0,0,0.0004143773747600561
0,0,4.699864580748401e-05
1,1,0.9983702821814572
1,1,0.99722162004032
0,0,7.061411607153456e-05
0,0,0.00014841727556297904
0,0,6.1662608421411764e-06
0,0,0.00023734236007679808
0,0,0.013142824731127344
0,0,0.015753608335669158
1,1,0.9973021364485188
0,0,5.022182259421301e-05
0,0,6.404905352001472e-05
0,0,0.42698000250309265
0,0,0.0006636066666131359
0,0,0.00025608381207552347
0,0,0.00040035313543676287
0,0,0.00016495239019752685
0,0,0.24463213355866503
0,0,0.1199486035497856
0,0,0.0014717416773011092
0,0,0.028432872526852164
0,0,6.132345013435837e-05
0,0,0.0027431579185641375
0,0,0.00025369821256116475
0,0,0.00018682395453033975
1,0,0.1398987577899073
0,0,0.0002653385585024307
0,0,0.00019896532689636718
0,0,0.0428047493525851
0,0,0.0002548427539377057
0,0,6.757465902067848e-06
0,0,7.707810886359687e-06
0,0,0.29344034307752387
1,1,0.9999777956671871
0,0,1.0433961997274903e-05
0,0,0.00023302069445792345
0,0,0.21333003103757092
0,0,0.01962995672464721
1,0,0.03540586555102035
1,0,0.3507526256195508
0,0,0.0006056733115638269
1,1,0.9964283786891786
0,0,4.805266347297884e-05
0,0,0.03130163496026341
0,0,3.1881985465948016e-05
0,0,0.1376949037307237
1,1,0.9976824049996361
0,0,0.00815387458662808
0,0,0.0003368555169852517
0,0,0.45394073124614287
0,0,0.2603150267056825
0,0,0.0001322681084634094
0,0,0.04327028277883928
1,1,0.9993016690237578
0,0,4.643578726263392e-05
0,0,0.0005247627906358489
0,0,0.0003179288279416747
0,0,1.2922753209395988e-05
0,0,0.01529514021239675
0,0,0.001883621349652986
0,0,0.040302312041389406
0,0,0.00011684441646914203
0,0,0.0001850195894461992
0,0,0.14171120444051236
0,0,0.00011658963038628338
0,0,0.1430866991090687
0,0,0.00022228677702038427
0,0,0.0002289054228267779
0,0,0.0005013903580892366
0,0,0.0008392915129979635
0,0,0.04909179400046303
0,0,0.00033398817247319763
0,0,0.001417478982665879
0,0,5.021371923876264e-05
0,0,0.000110173386751853
0,0,0.001691288965999276
0,0,0.02100663653653708
0,0,0.0002508994844177038
0,0,1.0081684976804033e-05
0,0,0.061802349005673204
0,0,0.00030553363925221706
0,0,0.0001302873867996382
0,0,0.13657370334622737
0,0,4.7928957300809674e-05
0,0,0.12778592109776202
0,0,0.012093295547855707
0,0,0.00043185146276794156
0,0,0.02395588979942479
1,0,0.09553391883721814
0,0,0.1037043801574309
0,0,7.990286359593528e-05
0,0,0.003568642746375369
0,0,0.00411722292957968
0,0,7.249580475120563e-05
0,0,0.0003898119639261693
0,0,0.0002511498232861846
0,0,0.037117442332581234
0,0,0.007630172902906016
0,0,0.0006327062729600839
0,0,0.00042324171362017937
0,0,0.0003971592899142587
0,0,0.0002852839549767299
0,0,0.018033728566896622
0,0,0.0001762101276857622
0,0,0.00034062004905817617
0,0,0.15884540532431912
0,0,5.9923228836488924e-05
0,0,0.00016583519572566362
1,1,0.9989965400921988
0,0,0.05019551289320398
0,0,0.0009916760328659516
0,0,0.0041840257532239295
0,0,0.018283812541038322
0,0,9.089752584481163e-05
0,0,0.0002659090146935292
0,0,3.106240398311233e-05
0,0,0.0002943941695341624
0,0,0.00019809630626181008
0,0,0.00042333738589568257
0,0,3.500899098119895e-05
0,0,0.00024850833528890925
1,1,0.9971415498030494
0,0,0.0033170601536709862
0,0,2.7949039758151008e-05
0,0,7.604298923728147e-05
0,0,0.23252260022307716
0,0,0.0005487363107382198
0,0,0.09428613558044176
0,0,0.000196416602910465
0,0,0.01298927559081443
0,0,0.021708353694041532
0,0,0.20317078697120006
0,0,8.657442818977381e-05
0,0,0.00012678883500501402
0,0,1.995418566962553e-05
0,0,0.05892253091177959
0,0,4.2957952824689166e-05
0,0,4.309494571403131e-05
0,0,8.079520059200904e-06
0,0,0.00046573544075863244
0,0,0.00013985016312322398
0,1,0.5292881047369566
0,0,0.00876068429679118
0,0,3.85777832227245e-05
0,0,4.273609666959787e-05
0,0,0.0002649931520158118
0,0,0.0002906104577881287
0,0,0.0008054552122161065
0,0,0.0009164756595682515
1,0,0.08796805066657074
1,0,0.05637135252600287
0,0,7.271148491818716e-05
0,0,3.513109433739573e-05
1,1,0.9961637826947101
0,0,3.990022884975105e-05
0,0,0.007307930127286667
0,0,0.16465293504854644
0,0,0.0003763170969754479
0,0,0.21844715816797247
0,0,3.589594332461968e-05
0,0,0.24240691156494737
0,0,0.30496272203573355
0,0,0.012528760587188614
0,0,0.15033581003987703
0,0,0.02397778299416223
0,0,1.0422487257038822e-05
0,0,7.713609988236826e-06
0,0,0.048943097647030566
0,0,0.0004800472985528519
0,0,0.0006359326841655715
0,0,0.000287189213350909
0,0,8.954009364228079e-05
0,0,0.00015937777508454528
0,0,0.0002698727538265263
1,0,0.08626271353489941
1,0,0.15688537496496732
1,0,0.059152699016649296
0,0,0.0006404635254592206
0,0,0.00018602948131341343
0,0,0.0008635573688817299
0,0,0.0035433059143770533
0,0,0.000404090272280067
1,1,0.9968368102083441
0,0,0.0003130060404056687
0,0,0.024922473878349588
0,0,7.1456399389987785e-06
0,0,0.0014757190884731907
0,0,0.00019026257298805738
1,0,0.35874863158021564
0,0,0.000155390221653542
0,0,3.75269249915397e-05
0,0,0.00017457019454289707
0,0,0.00022054815299019003
0,0,8.010035256374154e-05
0,0,4.938822650148348e-05
0,0,0.00011819238655424433
0,0,0.0031873888054694877
0,0,0.009347775024300469
0,0,0.00040114734340661497
0,0,5.844258187820322e-06
0,0,0.0005319901614278819
0,0,5.2478418213337e-05
0,0,0.0002963361827963588
0,0,0.00017161662839522497
1,1,0.999771579263971
0,0,3.6840879598146076e-05
1,1,0.9990443776601802
0,0,0.0003469399474914139
0,0,7.79320976749496e-06
0,0,0.00015030104594040988
0,0,4.14086674396816e-05
0,0,0.14039128645447632
0,0,7.478621987313846e-06
0,0,0.0009842029084568276
0,0,0.008509167809537694
0,0,0.46076467176116376
0,0,6.397145346387793e-05
0,0,3.544595302511916e-05
1,1,0.9999226051670121
0,0,0.0002878837871139158
0,0,9.784893171104348e-06
0,0,5.915793811071064e-05
0,0,0.0003581131034865668
0,0,0.024749903693886736
0,0,0.01049377695515311
0,0,0.00016260533961101918
0,0,0.0004383309821902183
0,0,0.053531155218873125
0,0,0.00015415676019456473
0,0,0.0006106145529594343
0,0,0.19093427158777143
0,0,0.00026267637908323056
0,0,0.0004427520856140996
0,0,6.72532604606321e-05
1,1,0.9986934840104642
0,0,0.00028132371795472854
0,0,0.00011758394127088344
0,0,0.09858116995860437
0,0,0.00019560805541884792
1,1,0.7337648236194084
0,0,0.00010290178488450072
0,0,0.03744209798967445
0,0,0.00034708287617710127
0,0,0.0002259632291889061
0,0,0.0014265139295291495
0,0,0.15079109883323905
0,0,6.543388218248964e-05
0,0,1.0279734205837716e-05
0,0,0.002190681940182377
0,0,0.00017567839262386378
0,0,0.004954973354230896
1,0,0.307216139436555
0,0,0.00032165076470453893
0,0,0.33351129208830166
0,0,0.017274904698417196
0,0,0.0005106013299555913
1,1,0.9983473485663511
0,0,0.0013931469927291878
0,0,8.809888246007766e-05
0,0,0.16392430195654997
0,0,0.009051900210503002
0,0,0.000389111403217933
0,0,0.0022490784744271506
0,0,0.00018873803069775283
0,0,0.0003726084838354697
0,0,0.00029787702783889085
0,0,0.05069192975312739
0,0,0.00044369435090769587
0,0,0.00034189373462343263
0,0,0.09017945226144376
0,0,0.00037181970145161463
0,0,0.00022201055357625097
0,0,4.716669624387403e-05
0,0,4.603023745247468e-05
1,1,0.9999438130254258
0,0,0.07071060484068437
0,0,4.382983747037413e-05
0,0,4.4016249288075195e-05
0,0,0.00019809215620851664
0,0,0.40343108767989294
0,0,7.434189469317375e-05
1,0,0.198417641318587
0,0,0.0002739853931859671
0,0,0.01499904705923041
1,1,0.9999508601631576
0,0,0.0002402844609639798
0,0,0.13131321733595844
0,0,0.00046717858493144335
0,0,0.023086816597839725
0,0,0.0004739617111683834
0,0,0.0001937876649687969
0,0,0.0014858840957079358
0,0,0.15409678126438214
0,0,0.007199436340345856
1,0,0.2253414950001155
0,0,0.0002921878669278914
1,1,0.9999253565666356
0,0,0.0008523353705530219
0,0,2.051987231823875e-05
0,0,0.0002345310032341925
0,0,0.049377266440172374
0,0,0.0494921442420733
0,0,0.00023084581220277368
0,0,1.2454289657989461e-05
0,0,0.0025306585163195135
0,0,0.035756354413231176
0,0,0.006877010411470206
0,0,0.0001733394696790788
0,0,0.00013973153453066627
0,0,0.08014762405123592
0,0,1.2860855638010254e-05
1,0,0.09334783316879053
0,0,0.029889351772562845
0,0,7.115312486714228e-06
0,0,0.00012552438578124092
0,0,0.0001578762589811622
0,0,0.001081562715816692
0,0,4.076495394436775e-05
0,0,0.017234643103208425
0,0,0.0784203668792552
0,0,0.10041270194611611
0,0,0.0802136268783672
0,0,6.685222947842985e-06
0,0,0.011392568462736305
0,0,0.00036474791755160686
0,0,0.0406869525757922
1,1,0.9991082155010408
0,0,0.0012011891119259452
0,0,0.009344999032567825
0,0,2.481723832092177e-05
0,0,0.00030383183008016895
0,0,0.26511433338026813
1,0,0.10771755457231245
0,0,0.00024074125337420174
0,0,0.0006359326841655715
0,0,0.0002275227231352852
0,0,0.00013147206768863225
0,0,1.1306430482025714e-05
0,0,0.00029936168344781835
0,0,0.038865236251748356
1,1,0.9988180898741558
0,0,0.2865149705374654
0,0,0.09604761287107617
0,0,0.0001904713936554743
0,0,0.0004793994998122061
0,0,2.3176623562565413e-05
0,0,0.005562796813989556
0,0,0.09717138133657104
0,0,0.00017272413577539353
0,0,7.430099099747988e-06
0,0,0.00036950342358229357
1,1,0.9950466588980295
0,0,0.00027617303622870135
0,0,0.012201388720000976
0,0,0.00033679830778159467
0,0,0.22400807944258172
0,0,0.0023944779499650635
0,0,0.01243880749604308
0,0,0.11915683590276764
0,0,0.003490268841604379
0,0,0.00017496277367107674
0,0,1.6103465636747365e-05
0,0,1.458491016621996e-05
0,0,0.00032203987405938155
0,0,0.00022478842733434065
0,0,0.0006663370551894044
1,1,0.9988933821846365
0,0,0.17357346377487282
0,0,3.4882679033566614e-05
0,0,0.021732244454577897
0,0,0.0005075849112911488
0,0,7.835963296804251e-05
0,0,0.005461932556531433
0,0,0.0012091608811634895
0,0,9.363056861445978e-05
0,0,0.0002975003224550953
0,0,0.001013564829665022
0,0,0.0001507220752276743
1,0,0.18459382415210832
0,0,0.060624626414806725
0,0,0.05805356789167579
0,0,0.020361426881028714
0,0,0.0020579819338896297
1,1,0.9963159452668306
0,0,7.291058296655936e-05
0,0,0.13049598460666928
0,0,0.0029250198449932716
0,0,0.011621887252537634
0,0,0.00012070671218178562
1,1,0.9985087255068281
0,0,0.0010657916895390844
0,0,0.0017831327035578732
1,1,0.9993570870042019
0,0,0.0002869484268413496
0,0,0.00015424352504155034
0,0,3.535732334333714e-05
0,0,0.0013177753543053721
0,0,0.0006181817949391432
0,0,0.008001061835157355
0,0,0.00011944034164086544
0,0,0.005845776905043493
0,0,0.20869684645560949
0,0,0.006490156911708807
0,0,0.0012186413562807895
0,0,1.8096970712797752e-05
1,1,0.9981866834828377
0,0,3.551857735189147e-05
0,0,0.4930213981618977
0,0,0.2122937781883114
0,0,0.22346365029805335
0,0,0.00044604116447228653
1,1,0.9995156368558197
0,0,0.07343670963860664
0,0,0.0030175504198923096
0,0,1.4919661219391652e-05
1,0,0.11775786234982938
0,0,0.00018828007674756068
0,0,0.004138411050988007
0,0,0.018068122238704236
0,0,8.62199633085721e-05
0,0,1.121794904317703e-05
0,0,0.0003534553177536185
0,0,0.00031845110551506856
0,0,5.5988631406989735e-05
0,0,0.00018057695632036288
0,0,0.000601402636314794
0,0,0.0013859013693704675
0,0,0.016772750932873767
0,0,4.716669624387403e-05
0,0,7.2313164171306975e-06
1,0,0.005025086169514247
0,0,0.0005130831103840053
0,0,0.00042595648434632125
0,0,4.62310051631559e-05
0,0,0.0018296000319113403
0,0,6.895897740619408e-06
0,0,0.00022068530094856832
0,0,7.848482728813579e-05
0,0,0.19350944180521026
0,0,0.0002515459448180349
0,0,4.4308893129021495e-05
1,1,0.9996349407981512
0,0,3.7426378613028486e-05
0,0,0.0016127476200676271
0,0,0.11033124720694712
0,0,0.0001942791618215148
0,0,0.006909612001118486
0,0,0.0004259719564312532
0,0,0.06701373095204119
0,0,0.05176294808386744
0,0,0.07123591134726368
0,0,4.92372595546842e-06
1,0,0.36486581434337323
0,0,0.00924180930864563
0,0,0.033545788423846305
0,0,0.1178389400258671
0,0,3.544595302511916e-05
0,0,0.0015054801938524333
0,1,0.5033126592210532
0,0,0.04695639383772924
0,0,0.005419715689359606
0,0,1.736219307567693e-05
0,0,0.0025347803156361088
1,1,0.9999458699903354
0,0,1.3979867918739132e-05
0,0,0.00016885645812364953
0,0,0.006312354976535067
0,0,0.0011516737403215688
0,0,3.3676667041023065e-05
0,0,2.1229253615220614e-05
0,0,3.147340433208707e-05
0,0,8.039378017501852e-05
0,0,0.029683407439479666
0,0,0.0010230630720379575
0,0,8.030434399356104e-05
0,0,0.03307572062673769
0,0,2.9919607886773087e-05
1,1,0.9991125529995547
0,0,0.04497142791397321
0,0,0.009084905093269726
0,0,0.0018176233848956342
1,1,0.999963884812736
0,0,1.7106207945957154e-05
0,0,0.00206151527870725
0,0,2.6763401613416576e-05
0,0,7.315415057197325e-05
0,0,0.014144208153184581
0,0,0.00046533145010901406
0,0,3.745392240846512e-05
0,0,4.309494571403131e-05
0,0,0.058269608102300696
0,0,0.02888022786057337
0,0,3.10063447818078e-05
0,0,1.1499190378937417e-05
0,0,0.0005263093790160296
0,0,0.2795791358922438
0,0,0.00019634298979164286
0,0,0.003149354964767039
0,0,0.00033564376675927456
0,0,0.00033210690398914557
0,0,4.0781584038000086e-05
0,0,0.0001089380978957474
0,0,0.0005490167719758137
0,0,0.0002456844539313735
0,0,0.0037187643813810316
0,0,0.05513592537084141
0,0,4.232830747228827e-05
0,0,4.361813722281257e-05
0,0,0.00010290178488450072
0,0,7.857214579284311e-05
0,0,0.00013622012397496093
0,0,0.0003339522698657503
0,0,0.11564549470027566
0,0,0.0002703315233230497
0,0,8.842078045771185e-06
0,0,0.0006036897339214603
0,0,0.0012886106435718043
0,0,5.186317888936329e-05
0,0,4.106184182042686e-05
0,0,1.7137094356696612e-05
0,0,0.0006726100149843455
0,0,0.2742836378475315
0,0,1.5673397588284948e-05
0,0,0.0002499739418839974
0,0,0.36075620109399986
0,0,0.0322699925982242
0,0,0.00016307605391861665
0,0,0.12247636948971034
1,0,0.24357647637272506
0,0,0.00027920731790311937
0,0,0.00024659434185341726
0,0,0.0014765049517543546
1,1,0.9992410836382476
0,0,0.0002418946061244303
0,0,0.0003357894811708628
0,0,0.0005518390801098454
0,0,0.09793684904683427
0,0,7.848482728813579e-05
0,0,0.00022919073492356986
0,0,0.0003551127324706726
0,0,0.0002665902933284945
1,1,0.9991779471964783
0,0,6.6677803854167e-05
0,0,0.0014412515515111234
0,0,0.0010771406103064777
0,0,7.114567961669518e-06
0,0,4.9349813004361713e-05
0,0,0.006070761023292075
0,0,0.10214058678982177
0,0,0.008667624887553925
1,0,0.2799557267218007
0,0,0.015905475602875023
0,0,0.019809413963008598
0,0,0.12704774803079677
0,0,0.0059276877907784705
1,1,0.9992580703611245
0,0,0.0002114262787721523
0,0,0.0006052271227417397
0,0,0.10986159618936532
0,0,3.044200109082891e-05
0,0,0.4903305106689886
0,0,0.00021050631215202665
0,0,0.00020525086243344308
1,1,0.9977370960534943
0,0,1.9735582606775208e-05
0,0,0.0002653385585024307
0,0,0.020206862244999336
0,0,0.07054611628203875
0,0,0.15577478665338398
0,0,0.2032838884934211
0,0,0.0003927793602549935
0,0,0.00016801194280874113
0,0,0.005699162794739116
0,0,0.19463648892729882
0,0,0.07032647129458221
0,0,0.0003228493718066589
0,0,3.9920168485645124e-05
0,0,0.00014094122525941407
0,0,0.0683417363304643
0,0,6.837704738207727e-06
0,0,0.10974695125926566
0,0,0.08374353483805107
0,0,0.034911256515085705
0,0,0.04532073173835189
0,0,0.00020570038042354852
0,0,0.023690252469219384
0,0,0.0006345611248690276
0,0,0.00020022308624177278
1,1,0.999928776480639
0,0,0.0018229252564576494
0,0,0.23486251790047175
0,0,0.000910307112096125
0,0,0.0003035752686916036
0,0,0.46787070969044664
1,1,0.9965735801926018
0,0,9.447019733142592e-05
0,0,0.0004884881056362999
0,0,0.00025083358016655846
0,0,3.9884252302137014e-05
0,0,0.00018093289019881288
0,0,0.00012342314478342364
0,0,3.071980293897853e-05
1,1,0.9992964976969969
0,0,2.8669619547939314e-05
0,0,0.4744050004820913
1,1,0.999507722203041
0,0,0.00013317994661939684
0,0,0.00024727166647986926
0,0,0.0005259800725466191
0,0,0.00011889908309759253
0,0,0.19742525716819154
0,0,0.017767728218429188
0,0,1.7008763024827326e-05
0,0,0.4133569654834304
0,0,5.249723204149586e-06
0,0,0.0002912186153789526
0,0,0.0002927822241665436
0,0,6.685222947842985e-06
1,1,0.9978423788656966
0,0,0.0009388368762043826
0,0,0.03211458349015217
0,0,2.9560497176616423e-05
1,0,0.31764806298574394
0,0,0.0011092021692839721
0,0,0.0004982303584740531
0,0,0.00018505185389989127
0,0,0.0017760417393302907
0,0,0.00018702445313940083
0,0,0.015058840349987602
0,0,3.819587043002593e-05
1,0,0.32590340997899625
0,0,0.0001052045181366485
0,0,0.025008401722338893
0,0,0.000233510848285258
0,0,0.00015244032290466204
0,0,0.00017783907308669577
0,0,6.2225281118825e-05
0,0,0.00033120123465919723
0,0,7.243776183296703e-05
0,0,0.028305691652765256
0,0,0.10424040214802133
0,0,0.00029688464532951685
0,0,0.0003203783004969322
0,0,0.00065599565498269
0,0,0.00014510099000671973
0,0,0.0018865072625926984
0,0,1.1996547130399373e-05
0,0,2.25304147542277e-05
0,0,0.0014447327038709479
0,0,0.0015575054016227425
0,0,2.449374873850756e-06
0,0,7.279601105621292e-05
0,0,0.0004556403562370374
0,0,0.00034412149476325204
0,0,0.002164473378078903
0,0,0.0006736998536721325
0,0,0.00020177547591045572
0,0,3.6840879598146076e-05
0,0,0.00023754903583462863
0,0,0.0018948864169148912
0,0,3.0737291566013575e-05
0,0,0.016616382532236983
0,0,0.06843491897141683
0,0,0.00016175372340556944
0,0,0.00016228929968108665
0,0,6.971300019024783e-05
0,0,0.004525210863664323
1,0,0.3061078729290084
1,1,0.998569897495993
0,0,0.10466599373342768
0,0,0.0008548975160910318
0,0,0.22247895841165194
0,0,0.001188457576420126
0,0,0.0002561060424950543
0,0,0.00027467824632203573
0,0,5.06284287787776e-05
0,0,4.6996429127867364e-05
1,0,0.2992284217258777
1,0,0.10370379240088629
0,0,6.333299670189019e-06
0,0,0.09329529797862872
0,0,0.0007023579539111216
0,0,2.260917610085101e-05
0,0,0.0005613094331534199
0,0,0.08175775536832616
0,0,0.000110082429687641
0,0,0.006135180358060098
0,0,9.794418923348868e-05
0,0,0.17218427824911603
0,0,0.0003660392560068417
0,0,0.032231250674660004
0,0,0.0014615740075271909
0,0,0.00011466653545953208
0,0,0.0002868640910473492
0,0,5.354719526269453e-06
0,0,2.0299595419751498e-05
0,1,0.5725000207487083
0,0,0.005273855418865383
0,0,0.0009794485812776085
0,0,0.02615948588556433
1,1,0.9999797824325322
0,0,1.610120692102524e-05
0,0,0.00030937457293503065
0,0,0.133936474284561
0,0,0.0010810339021207556
0,0,0.131299869187535
0,0,0.0002097718685503226
0,0,0.00023694931998667016
0,0,0.0015353572217734251
1,1,0.9969425996473552
0,0,0.08565150179528393
0,0,0.016484699177882447
0,0,0.08974701498235096
0,0,0.03125311625777115
0,0,0.0006588881059095633
0,0,0.01516730908659066
0,0,9.647693288179664e-05
0,0,4.601242616061665e-06
0,0,0.0023002068662384572
0,0,2.354969426491216e-05
0,0,0.012675976950741826
0,0,5.647671049436395e-05
0,0,0.0001994602904416678
0,0,0.00022686064821624674
0,0,0.31656615519559234
0,0,0.00014225428159357964
0,0,0.018514710258524726
0,0,0.009650297453335416
0,0,0.00709801218523406
0,0,0.40565397589575203
0,0,0.03650109134897405
0,0,2.251212312655933e-05
0,0,0.0004913161927598042
0,0,0.000165242742098742
0,0,0.012207863293956994
1,1,0.9991151093795889
0,0,2.654950603029784e-05
0,0,0.03536008764082659
0,0,0.00045530446266238227
0,0,0.00036961358834068463
1,0,0.3002140380545968
0,0,5.822544266996959e-05
0,0,0.0008401174336660835
0,0,0.00039157139068171805
0,0,0.0002144011291602846
0,0,4.2127258920910955e-05
0,0,0.0004471759433944564
0,0,0.00620954009527835
0,0,0.001252018927158611
0,0,0.03540394470441514
0,0,2.5754920394687793e-05
0,0,0.0004201889847510187
0,0,0.16337593046135118
0,0,0.4142853700290033
1,1,0.9990063202140635
0,0,9.442332129891814e-05
0,0,1.8010183705661677e-05
0,1,0.5256737109488698
0,0,0.23794116698558393
0,0,0.11753684649288385
0,0,0.008590244223293355
0,0,0.027831065463176416
0,0,0.00032960456614198556
0,0,0.0001375685550621396
1,0,0.02971873008197245
0,0,0.0005872510590373524
0,0,2.9175445682561234e-05
0,0,0.0002001159890425214
0,0,4.828246286413673e-05
0,0,0.0003933857955628092
0,0,5.661265871255622e-06
0,0,0.00019952398498460796
0,0,0.0006214317235096688
0,0,0.189730335930938
0,0,0.0011097718753635079
0,0,0.0008257380896314927
0,0,0.0019002826524161442
0,0,1.181472074294152e-05
0,0,2.749908173782103e-05
0,0,0.0008954692136023047
0,0,0.00039793168140758164
0,0,0.00022323940758307595
0,0,0.00027933402910507014
0,0,6.249753441398329e-05
0,0,4.261197513778469e-05
0,0,0.0006668407454660577
0,0,0.0322328207008966
0,0,0.030319930113478905
0,0,0.013975531466323866
0,0,0.00019555396288606472
0,0,0.0060677894564717385
0,0,0.0003698376209724536
0,0,3.9105464667018925e-05
0,0,0.00035801505653984073
0,0,0.004691198901545652
0,0,0.00041035362691931677
0,0,0.004826780359336641
0,0,0.11452164787255129
0,0,2.694410550199407e-05
0,0,0.00010131878319792656
0,0,0.0001274064915299284
0,0,1.3987037159940764e-05
0,0,0.0010577836970412748
0,0,0.0001072603469813033
0,0,0.004058190121456529
0,0,0.0005004487955811582
0,0,1.5624671005867818e-05
0,0,0.02041813472925314
0,0,0.0004819089679287153
0,0,1.1027978149301117e-05
0,0,0.0006866846361626176
0,0,0.17843317236317885
0,0,5.133506150863102e-05
0,0,0.0005711003401541892
0,0,0.00024530574571781445
0,0,0.0009281185238485783
0,0,0.10975230077863586
0,0,0.11778429244297377
0,0,1.5295170643632757e-05
0,0,7.377725716370499e-05
0,0,9.996931813166907e-06
0,0,4.345075383908795e-05
0,0,0.0002276851034589372
0,0,1.996705964283792e-06
0,0,0.004283042142597736
0,0,1.935882340617639e-05
0,0,0.2908338830720502
0,0,0.0004885506700425665
0,0,9.174151564804388e-06
0,0,0.00015139101063259503
0,0,0.00020827076887728146
0,0,2.154863348521098e-06
0,0,0.00013544882603952685
1,1,0.9999514838341359
0,0,0.0004525347634435579
0,0,0.11906019888717838
1,0,0.322980790270735
0,0,0.00016330644284764245
0,0,0.00026814702746455894
0,0,0.00591651225651063
0,0,6.943677101123318e-06
0,0,0.0008607493338928862
0,0,0.2686726897442312
0,0,3.931653488110678e-05
1,1,0.9999710526205807
0,0,0.4111362505720443
1,1,0.9987937046087813
0,0,0.0004297536048620837
0,0,1.7203013710020452e-05
0,0,0.000619144550195246
0,0,0.0004249176049205405
0,0,0.0026126791114152335
0,0,0.0005273420545619963
0,0,0.0006654098294430141
0,0,0.0013688097666184988
0,0,0.0001608102835354122
0,0,0.06841678871512478
0,0,0.0001321107372193629
0,0,7.72581898178084e-05
0,0,0.00010239241598821342
0,0,0.010972128726605947
0,0,0.00022139329262834987
0,0,0.0005066545394473361
0,0,0.0009842808030602428
0,0,0.0032039588549509714
0,0,0.08939903274215548
0,0,0.0011818313717604084
0,0,0.0022488394834678516
0,0,0.01298927559081443
0,0,0.0609492526326228
0,0,0.00024362525516468625
0,0,0.005966998590568224
0,0,0.0004320933338277252
0,0,6.133338948308614e-05
0,0,0.0001516903161048185
0,0,3.361828011590067e-05
0,0,0.00029314853005208227
0,0,2.6700233542165118e-05
0,0,0.00017698696532566233
0,0,0.0006288249601978745
0,0,0.00016789889973407
0,0,0.0341595094055299
0,0,0.01206873568523361
0,0,2.1002189088840373e-05
1,0,0.19276008562173663
0,0,2.6526865593889303e-05
0,0,9.833520736109081e-05
0,0,3.167578953920891e-05
0,0,0.1268589715329172
0,0,0.0001762545838981926
0,0,0.0006171196041685656
0,0,0.00011052071024658204
0,0,1.243721254137199e-05
0,0,0.005452299152211318
0,0,0.046133730004644
0,0,0.05326285401557949
0,0,0.00048230446696717144
0,0,0.030530780129392712
0,0,0.000261752454598364
1,1,0.9985483523673342
0,0,0.0035844321707896513
1,0,0.2269413322202403
0,0,0.0002885302787745429
0,0,7.579158722825157e-05
0,0,0.19255461872025217
0,0,0.00014053621119329766
1,0,0.07642062527865572
0,0,1.670538312674871e-05
0,0,0.00040696380947979123
0,0,0.0049326737308838875
0,0,0.00014269585885846295
0,0,0.00010512153520953047
0,0,0.015727130634399105
0,0,0.00041113653688762636
0,0,7.069948263349949e-05
0,0,0.0002836532284297459
1,1,0.9985676562141788
0,0,0.0005134529519824766
1,1,0.9999644043436883
0,0,0.045866021011307795
0,0,0.10504326921359258
1,0,0.024300793372114583
0,0,0.004191865660436294
0,0,3.0881338806755015e-05
0,0,0.006854119170508846
0,0,0.003715105192973203
0,0,0.41933974042903066
0,0,0.000309920123413248
0,0,6.421035380870035e-05
0,0,6.369075801853316e-05
0,0,0.0013812405190864025
1,1,0.9999304840887301
0,0,0.050513015332987285
0,0,0.0002326302705398568
0,0,6.1662608421411764e-06
0,0,0.006653132412817337
0,0,0.01677847450997922
0,0,0.0008838487598199344
0,0,0.017843388092683387
0,0,0.002107957471810218
0,0,0.004293115740148569
0,0,3.173528436730037e-05
0,0,1.1107942070804029e-05
0,0,0.0019442513203761001
0,0,0.00041167961965604525
0,0,5.071707248125353e-05
0,0,0.01871055783116642
0,0,0.0002753896539883969
0,0,4.1526580889209e-05
0,0,0.05135461933956487
0,0,3.065127652626138e-05
1,1,0.9990537420066186
1,1,0.9969375792765964
1,1,0.9999874285260594
0,0,2.1345412721210095e-06
1,1,0.9951919985995813
0,0,0.29684324984384275
0,0,0.0002830156380003657
0,0,0.0007164200637513793
0,0,1.8222015607365565e-05
0,0,0.043793326253943436
0,0,2.7414558390120585e-05
0,0,0.0005911521042468388
0,0,0.000244944605834656
0,0,0.14023929377463465
1,1,0.9999555877966645
0,0,1.4194644114160663e-05
0,0,8.223022939759429e-06
0,0,0.18468786863493156
0,0,0.0033829548168933846
0,0,0.00020396464663330986
0,0,0.00024242554638158
1,1,0.9999295303392502
0,0,0.0005156462553307092
0,0,0.00010631536111667943
0,0,6.162809309065284e-05
0,0,3.590002990355346e-05
0,0,2.3602885436510203e-05
1,0,0.04359637510893357
0,0,0.00019858737367268347
0,0,6.965575616988997e-05
0,0,1.4934048739257884e-05
0,0,0.0002672266201526053
0,0,0.0024240311710445627
0,0,6.348356228422592e-06
0,0,0.07731154735990967
0,0,0.0002849967925141646
0,0,1.2089325612414185e-05
0,0,8.500980618113317e-05
0,0,0.0007854920434592054
1,0,0.10831237340537005
0,0,0.00027376116752913073
0,0,0.16388794099466172
0,0,0.0011106887633595144
0,0,0.00023659921098111427
0,0,0.0006688885879416608
0,0,7.189533163096916e-05
0,0,0.00032981406031930256
0,0,0.0001341852367914663
0,0,1.503027167006885e-05
1,1,0.9944811155409969
0,0,2.1683139060826147e-05
0,0,0.04118135031423937
0,0,1.8491344417125966e-05
0,0,9.044315667065375e-05
0,0,0.0002850137221437795
0,0,0.10743660133202883
0,0,0.0003773387030705581
0,0,0.24760506992606546
0,0,0.003258665704903107
0,0,1.16620071260499e-05
0,0,0.20640171923492553
0,0,1.642981390926521e-05
0,0,0.327053608265342
0,0,5.800735466932455e-05
0,0,0.00017593104555299613
0,0,1.3221528578162974e-05
1,0,0.09147295006074177
0,0,0.0006596844961037965
0,0,0.00017675123712562957
0,0,0.30469056647074844
0,0,0.0004409979130433492
0,0,0.0003316479667169388
0,0,2.9793477318797403e-05
0,0,0.3831279535001898
0,0,1.7031731211400277e-05
0,0,0.0004653689161169602
0,0,0.15834252306099963
0,0,0.0013938178908307415
0,0,7.64816874688711e-05
0,0,2.449374873850756e-06
1,0,0.17953329977521032
0,0,0.09959982499598177
0,0,0.0005168413908808122
0,0,0.012115289100229163
0,0,0.057415085063861844
0,0,7.118045645752543e-05
0,0,0.019215469079245144
0,0,0.00032569377092053753
0,0,0.0007785916787696067
0,0,0.00451611770514397
0,0,0.0017540032284912071
0,0,0.005621606521226452
0,0,0.00019461278280449333
0,0,0.016360783426584806
0,0,0.0003881097323391061
0,0,0.0002324393459388451
0,0,0.13503705521682527
0,0,0.0002613529669223391
0,0,5.678921427661689e-06
0,0,0.02903680612038436
0,0,0.0003391209526949347
0,0,0.00017792364809954552
0,0,0.0004508456240492779
0,0,0.0002505568654955486
1,1,0.999618317832325
0,0,0.07822815089898208
1,1,0.9999536610003549
0,0,0.02904124439890267
0,0,0.07731659498775655
0,0,0.036704181035567295
0,0,3.8277576330596006e-05
0,0,0.001419801708102901
0,0,0.11518204076245361
0,1,0.6184943161067239
0,0,2.969810441950596e-05
0,0,0.0006037360661843991
0,0,9.509536866372215e-06
0,0,0.00046490472771576507
0,0,7.192318744013317e-05
0,0,0.00699886056441825
0,0,0.0003168846198656066
0,0,6.49475306274392e-05
0,0,5.964042122645866e-06
0,0,6.545527201378884e-05
0,0,2.919187787611437e-05
0,0,2.451792254819546e-05
0,0,2.182075646777807e-05
0,0,0.34340207004743906
1,1,0.9969581134842413
0,0,1.8838159609114338e-05
0,0,0.00028562081893444597
1,0,0.42904176651967296
0,0,0.00015515627758191204
0,0,0.000227676729219643
0,0,2.523619212927345e-05
0,0,0.018565180685693575
1,1,0.9992803624669514
0,0,4.687936886097877e-05
0,0,0.0012030759953907916
0,0,0.023992895596537767
0,0,0.00026762158856617437
1,1,0.9994359938975667
0,0,0.0002777503160915855
0,0,0.0001758322925095357
0,0,0.0003431368774466625
0,0,0.0001408103704550271
0,0,3.384460640514723e-05
0,0,0.07883649827268382
0,0,0.0001754294718248194
0,0,0.0002607731764922429
0,0,3.668423475707602e-05
0,0,7.1645363174739125e-06
0,0,0.05644080638261567
0,0,0.0010453257835998304
0,0,0.0482871064003657
0,0,0.00014799185633732404
0,0,0.025469915740777973
0,0,0.00014230047477192364
0,0,1.9962304221360734e-06
0,0,0.00012965746386978734
0,0,0.09882392257269379
0,0,0.1271404469405382
0,0,0.0002699683379823136
0,0,7.5017382365095e-05
0,0,0.038959808221784874
0,0,2.8344223757368044e-05
0,0,0.00012477533835969298
0,0,8.084334605145126e-05
0,0,0.00041453951810994986
0,0,0.00029918060211086054
0,0,0.00021375759738751998
0,0,0.0003905117050487815
0,0,0.00870644484841867
0,0,0.010610863162243979
0,0,7.073673281183847e-05
0,0,0.0001281178393519247
1,1,0.9984175414866875
0,0,1.8583659301622077e-05
0,0,3.369594047644947e-05
0,0,0.0004977420481132125
1,1,0.9984307581956293
0,0,0.0007053473882014275
0,0,0.3115815836931351
0,0,0.09959355625588022
0,0,6.522214643908264e-06
0,0,0.02184032037924611
0,0,0.00012914097419350497
0,0,0.00017471297178396454
1,1,0.9994356538530442
0,0,0.0005529310331280617
0,0,0.0003503650959749526
0,0,0.00024457896888579285
0,0,0.0002006908056001058
0,0,0.02747427181476071
0,0,0.0005299882877904712
0,0,0.000198457298235574
1,0,0.24938392791625602
0,0,0.09381190817371592
0,0,0.00011374931402210499
0,0,2.970427274257619e-06
0,0,0.011064826754061598
0,0,0.00032563166854116806
0,0,0.0002290804586064561
0,0,0.0010551682281933932
0,0,0.047050472704831675
0,0,0.0527227997171699
0,0,0.002080347622605509
0,0,3.758433805805283e-05
0,0,0.00020118411152948655
0,0,0.00022412609656789127
1,1,0.9999490976628832
0,0,0.004646305425093625
0,0,6.40356833590224e-05
0,0,0.08677988965620802
0,0,0.0020686166269667993
0,0,0.18701918468391335
0,0,0.0005636112506423349
0,0,0.14861606423052395
0,0,0.00026446064744551755
0,0,0.010860695086376833
0,0,0.01580676733486143
0,0,0.11199541862992794
1,1,0.9985183264064774
0,0,0.0003948036192884466
0,0,0.02863991804231545
1,0,0.07377964582002162
0,0,7.862493911670569e-06
0,0,0.13617431890650594
0,0,0.0004274173497599671
1,1,0.9999894048898765
0,0,0.11076280456701053
0,0,3.2300336103010263e-05
0,0,0.0004864263213518106
0,0,0.0005677015923628168
0,0,2.1317942968129654e-06
0,0,0.002717158565178697
1,1,0.9991173193025706
0,0,0.08383264206783433
0,0,0.0001372415106679219
0,0,0.00042649958070393453
0,0,3.9074777330170506e-05
0,0,0.06442772636695455
0,0,0.00038587624576110234
0,0,8.0937034865765e-06
0,0,0.00014417249565899576
0,0,0.34552031876660333
0,0,0.009897610761685043
0,0,0.0002125116789061155
0,0,0.04481150381649873
0,0,0.00025290872421660285
0,0,0.0003390901908575099
0,0,8.0937034865765e-06
0,0,1.901601808580544e-05
0,0,0.0004894128715831012
0,0,0.00023939521447914776
0,0,0.00039752789603531333
0,0,2.3633107435703006e-05
0,0,0.08587674101719081
0,0,0.0089933218921995
0,0,0.00021411771814526702
0,0,0.0002583316107667065
0,0,0.0013084164177886975
0,0,0.0005764768693966863
0,0,2.625337685305516e-05
0,0,0.00040729375844363036
0,0,0.0003681019436191433
0,0,7.38960765475362e-05
0,0,5.257044086073298e-05
0,0,0.00017327449014108428
0,0,0.0011947892996689074
0,0,0.003923027791600581
0,0,0.08857720663754863
0,0,0.0005175036030468709
0,0,0.00030686338276207246
1,1,0.9985087980720782
0,0,0.012657735297749701
0,0,0.0011554258027730554
0,0,9.61407986098403e-05
0,0,8.791634415947544e-05
0,0,0.018423847234203573
0,0,0.0385982878753784
0,0,8.28725024304241e-05
0,0,1.169417248136159e-05
0,0,0.13589780959801412
0,0,0.013752409007099344
0,0,9.951786669676826e-05
0,0,0.010485669264623939
0,0,0.00011785674182975824
0,0,0.007017376301325687
0,0,0.0002713738280408523
0,0,0.0003723241631979608
0,0,0.0005169153676955428
0,0,0.019656025694003952
1,1,0.9991544167340917
0,0,0.00011913657364967992
0,0,5.509938201658696e-05
0,0,0.00030622854080739493
0,0,0.00019492275586571105
0,0,0.0008123897741342406
0,0,0.0014224672995528864
0,0,0.00027774191138682486
0,0,0.00036001566417602157
0,0,0.0003733197020882699
0,0,8.360766438759141e-05
0,0,0.00022241693779473056
0,0,0.3718414212829831
0,0,0.000122691139253651
0,0,0.0007425171061343388
0,0,0.00026787840624098306
0,0,0.02944120828951447
0,0,0.0001348894461929763
0,0,9.238842463330168e-05
0,0,0.014420661690371156
0,0,0.0002243875654093313
0,0,0.00043857514719385223
0,0,0.00025214500036586744
0,0,0.00011361019197385462
0,0,7.061436226153102e-05
0,0,0.0030776886706595694
1,0,0.018996049408488168
0,0,4.008015018377672e-05
0,0,0.009830501160525171
0,0,9.070486368473133e-06
0,0,0.0002596101376961162
0,0,5.895198098754778e-05
0,0,0.002150639097987122
0,0,0.0003931414764292125
0,0,0.006088178550977017
0,0,0.006024851712088839
0,0,0.00022101802182390744
0,0,0.0037500771951637806
0,0,0.0013933309694518436
0,0,0.00038944710668241476
0,0,6.470231158053618e-05
0,0,0.0003674529898775687
0,0,0.00010084889590216294
0,0,0.0009052511549094465
0,0,7.301262051905464e-05
1,1,0.9963717657656401
0,0,0.00504433874355351
0,0,0.006076160622271057
0,0,2.878149431980075e-06
0,0,0.00020094972542436982
0,0,6.584681295664455e-05
0,0,0.0001189949201791715
0,0,0.00034569603633882224
0,0,0.0023712001786921353
1,1,0.9979757136753525
0,0,6.685222947842985e-06
0,0,0.0003594567284278276
0,0,0.005091685451539904
0,0,1.438799825786169e-05
0,0,0.0001342949921074715
0,0,7.474303907279728e-05
0,0,2.571064942435316e-05
0,0,9.68771494791406e-06
0,0,2.6702641900108177e-05
0,0,0.00032553744963432254
0,0,3.243703761169804e-05
1,0,0.22183791888883128
0,0,0.00011478178383636211
0,1,0.5256343447893893
0,0,0.00019846795768161941
0,0,0.11774100866797654
0,0,0.00285941848137753
0,0,0.0006359326841655715
1,1,0.6266858078861529
0,0,0.05072940606603506
0,0,5.816037512915419e-06
0,0,0.18030093162816965
0,0,0.00019460803498025516
0,0,0.0007461803193843702
0,0,0.047091521015443276
0,0,0.00021134855359555263
0,0,0.00012877920648219452
0,0,0.00041430497012894413
0,0,0.24066115116148756
0,0,0.0003373157279359564
0,0,0.0003997028060196268
0,0,0.00010413335071375766
0,0,8.284331062075711e-05
0,0,0.1121446276199698
0,0,0.02747427181476071
0,0,0.00040139012175582065
0,0,0.13451519922910565
1,1,0.9966236519095534
1,1,0.99919802090351
0,0,0.13773108892114808
0,0,0.006710046475777643
0,0,8.0937034865765e-06
0,0,0.0002973961554399232
0,0,0.0012177700922704907
0,0,0.13136297422718238
0,0,0.00024779169912340796
0,0,3.2996921489726633e-05
0,0,1.6549503476578066e-05
0,0,0.004449636813492736
1,1,0.999874025874886
0,0,0.0005913251886021353
0,0,0.025104920572605865
0,0,0.08325098829382886
0,0,0.000877705547739817
0,0,0.04882078762558828
1,1,0.995985321562597
0,0,2.1280481824578628e-05
0,0,0.0007279231982628121
0,0,1.4131748809888406e-05
0,0,0.08575009823601745
0,0,0.0001736615908339741
0,0,0.0006175791644572432
0,0,0.00021863317773777944
0,0,3.381771720942555e-05
0,0,0.0021316663196162943
0,0,0.0001309935536590059
0,0,0.4364378758583596
0,0,1.8340012099888898e-05
1,0,0.054325972567512676
0,0,1.1651744364876057e-05
0,0,0.021855533717212307
0,0,0.001023238836365298
1,1,0.9962070035242724
0,0,0.015661184434704843
0,0,0.0005222569073132558
0,0,0.27738936657228286
0,0,0.00021676583905870118
1,0,0.4439399967385932
0,0,3.57609186133886e-05
0,0,0.21425185929108362
1,1,0.9984030782265997
0,0,0.0003987685163943218
0,0,0.0011164459802506413
0,0,4.029289042813511e-05
0,0,0.0007800385350144196
0,0,0.0002103797512802449
0,0,0.0001371991925110193
0,0,0.00023435588843475328
0,0,0.034261323804740305
0,0,0.03559685728683627
1,0,0.1847764724521318
0,0,0.0002518584817055824
0,0,0.008668341939033122
0,0,0.0011378841280109853
0,0,6.606251829748202e-05
0,0,0.0004824772092655746
0,0,6.386443788763319e-05
0,0,0.10708886731905738
0,0,0.0015736317504778132
0,0,5.6251765020001646e-05
0,0,0.061937116452819935
1,1,0.9999796011805689
0,0,2.6612312196447078e-05
0,0,0.11156855753381595
0,0,0.007440601882943404
0,0,0.00048532349267623647
0,0,5.1811696697725724e-05
0,0,3.101905257399399e-05
0,0,9.02516717847538e-05
0,0,0.002267146634968898
0,0,0.0003102513017701266
0,0,3.714920971007276e-05
0,0,0.00041257987138516205
0,0,0.0001580655215743586
1,1,0.5059417665944564
0,0,0.0002444339640467702
0,0,7.877266761441478e-06
0,0,0.0004947950988071745
0,0,0.0019374207317794914
0,0,0.14991887239613502
0,0,0.0027257066583867727
0,0,0.026907343820427008
0,0,2.3779703832106386e-06
0,0,0.06714061097668338
0,0,1.9787198528393393e-05
0,0,0.00028507203391984614
0,0,0.00019138146781941454
0,0,5.034673641814169e-06
0,0,0.00024615383790121514
0,0,5.029851337200362e-05
0,0,0.21613922678173605
0,0,0.00015939812324640472
0,0,4.221159130640846e-05
0,0,0.0003041218259042072
0,0,0.07949409226631815
0,0,0.044311434252484315
0,0,0.04097692628114637
0,0,1.4989348911611038e-05
1,1,0.999606192750334
0,0,0.0024446433050829023
0,0,7.677288141422504e-06
0,0,4.4152326091080306e-05
0,0,0.00011979327823314717
0,0,4.455921291625459e-05
0,0,0.00017193808855426145
0,0,1.5338363439152486e-05
1,1,0.9961432680147017
0,0,0.00017384700977561183
0,0,7.270421802351642e-06
1,0,0.11962730053425923
1,1,0.9956324975036758
0,0,0.001490707336907443
0,0,0.0003398284336589669
0,0,0.01941014828695562
0,0,2.686107678466416e-05
0,0,7.489965132508037e-05
0,0,0.21503375926498147
0,0,0.0005159942861762453
0,0,0.0005077327533711482
0,0,0.04948569389656137
0,0,0.0005854715749834273
0,0,0.04543762486302717
0,0,0.07777510076754517
0,0,0.18146760158179062
0,0,8.813769183316167e-05
0,0,0.0004246984965160602
0,0,0.0022974544169906404
0,0,0.3856348439085588
0,0,0.00012216510931121067
0,0,0.00033128351586925403
0,0,0.000929888443779249
0,0,3.745392240846512e-05
0,0,0.04579785168920928
0,0,0.0002991859473569789
0,0,0.028902025413786937
0,0,0.02332518608885889
0,0,0.00010969547964814112
0,0,5.427330113450195e-05
0,0,0.11050785421475234
0,0,6.719076071216347e-05
1,1,0.9999075970929462
0,0,0.0012901248658006407
0,0,0.10952795823956048
0,0,3.853792084697071e-05
0,0,0.2744959843708356
0,0,0.0030352602199287585
0,0,5.6726318513766454e-05
0,0,0.11411974369437501
0,0,0.0009108257959812081
0,0,0.3095485909232113
0,0,0.001626330136331247
0,0,3.5276907610276444e-05
0,0,0.27641604942986064
0,0,0.00010926471647178299
0,0,0.0005192448633988148
0,0,0.0005554381114070538
0,0,0.025646301811741802
0,0,0.0007148341548403012
0,0,0.08287665884256892
0,0,0.133542352921998
0,0,0.0018296000319113403
0,0,0.0002108646286077874
0,0,3.0077139426392862e-05
0,0,0.00018312708852460388
0,0,0.00013279205410527
0,0,0.0027393776873510635
0,0,0.03751904264060475
0,0,7.352583281125893e-05
0,0,4.139962602997698e-05
0,0,5.3209670853193924e-05
0,0,7.706984254962085e-06
0,0,0.001843297880371309
0,0,2.2400830194025256e-05
0,0,0.0005634550036041174
0,0,0.04806795907473909
0,0,0.009112790531849423
0,0,0.00015800354754044922
0,0,7.092441616304333e-05
0,0,2.660605084122051e-05
0,0,0.05052847871878361
0,0,0.17520278002595135
0,0,0.00014060202873594863
0,0,1.126110878391721e-05
0,0,0.009501542474346064
0,0,0.0003710148288884843
0,0,0.0002609833617611664
0,0,0.037783664696145365
0,0,5.70781923493953e-06
0,0,3.63390011104162e-05
0,0,0.00035199373400602587
0,0,0.0015470453825827456
0,0,0.022743791094238918
0,0,7.406819391204348e-05
0,0,3.3183380229296755e-05
0,0,7.115312486714228e-06
0,1,0.5960986767229131
0,0,4.282107084377361e-05
0,0,0.0001715899667673573
0,0,0.0034756110987027833
0,0,3.0525675699502024e-05
0,0,0.015123319163349596
0,0,1.1166857893962874e-05
0,0,0.0003499910852761224
1,1,0.9993084619746078
0,0,0.0335617819565007
0,0,0.00017565571386128978
0,0,0.00042372554303365256
0,0,0.045286643804268105
0,0,0.10228033156464864
1,1,0.9980508022578501
0,0,9.110844051258708e-06
0,0,3.925273392935719e-05
0,0,0.002106382348472931
0,0,0.08340156827386253
0,0,0.00023216490834045486
0,0,0.00028931339793800777
0,0,0.000346796220922129
0,0,0.157922230257209
0,0,0.007100460226672397
0,0,7.069948263349949e-05
0,0,0.032937846967002235
0,0,4.635855463788009e-05
0,0,0.07611048534714503
0,0,0.00021104766777522828
0,0,8.434163650858408e-05
1,1,0.9999725892849936
0,0,0.00032624844162855394
0,0,3.6840879598146076e-05
0,0,1.4520993201189688e-05
0,0,0.00015499556550830438
0,0,3.896096274246512e-05
0,0,0.011130802424181815
0,0,1.4911001610112497e-05
0,0,0.08517245559050671
0,0,0.0004379177863489065
0,0,0.0016287492498726823
0,0,0.00016811955556156701
0,0,6.685222947842985e-06
0,0,2.2400830194025256e-05
0,0,0.007423372242899018
0,0,0.0007565157297388447
0,0,0.02188940587009273
0,0,0.005636387171313198
0,0,0.00032701916413844855
0,0,0.05495474466762218
0,0,0.04897531901104221
0,0,0.002880753609024469
0,0,0.1292465852597533
0,0,0.00038081456301010554
0,0,5.8908711209390946e-05
0,0,9.31579245125109e-06
0,0,0.0014150878682670904
1,0,0.06877528924022025
0,0,0.1257378443771844
0,0,0.08088944321275052
0,0,8.570270116625258e-05
0,0,0.017922482419890706
0,0,0.000588554758090225
0,0,0.00021793984942230653
0,0,0.0001222607420141712
0,0,0.00012237253329689215
0,0,0.07607657868243765
0,0,0.01727776108564204
0,0,0.00014651693182087558
0,0,0.03329634933313388
0,0,0.0006633505830564114
1,1,0.9993047819642413
0,0,0.0004576066691010852
0,0,0.0003390635914392137
0,0,1.266948926079655e-05
0,0,0.1366714519021864
0,0,0.02495811738527153
0,0,0.0005259257695359095
0,0,7.1645363174739125e-06
0,0,0.007995896508326312
0,0,0.09573878564054863
0,0,0.00047590624025049865
0,0,2.3904730299066785e-05
0,0,6.6061000799227654e-06
0,0,7.693337163013733e-05
0,0,7.064574390636767e-05
0,0,0.00016251187859098003
0,0,0.00828135806812592
1,0,0.4533896477406058
0,0,3.3467122233164254e-05
0,0,0.001105412380041003
0,0,0.2238418368423094
0,0,4.623680325355142e-05
0,0,0.02201413508950287
0,0,7.088816423993596e-05
1,0,0.16324971824472106
0,0,0.0013379223574811598
0,0,8.776531646355359e-05
0,0,0.000639212145106042
0,0,0.0050526512201973075
0,0,0.00048461859993313765
0,0,0.03816010680827464
0,0,0.0059410507225477645
0,0,0.0005145782952983782
0,0,0.0004708556768440937
0,0,0.000628690082269152
1,1,0.9989253440645105
0,0,3.254280731318757e-05
0,0,0.002556568567571323
0,0,0.0006043308858114239
1,1,0.9991696378957987
1,0,0.2717344389988014
0,0,0.02188327070852301
0,0,6.685222947842985e-06
0,0,1.3548910252954718e-05
0,0,0.01801778233175344
0,0,0.13288729979824926
0,0,0.1998167165387755
0,0,0.0003616093431860254
0,0,0.0008755081391297513
0,0,0.0007800432735607291
0,0,0.00023517633165617377
0,0,0.0003161322499882447
0,0,0.002696236993972508
0,0,0.02275061956206671
0,0,0.02714155136966419
0,0,0.2445543688379912
0,0,6.404905352001472e-05
0,0,0.00027620517540261617
0,0,0.044121176580284915
1,1,0.9995205020907774
0,0,0.00036281684417000757
0,0,0.0009388368762043826
0,0,0.003980688135943397
0,0,0.029365877380487314
0,0,0.013084191542846586
0,0,0.009015503912595807
0,0,1.5908556043470922e-05
0,0,0.04743679138125798
0,0,1.2183835113707793e-05
0,0,0.0005911521042468388
0,0,5.888880197546476e-05
1,0,0.17978218387787903
0,0,0.00457554906901707
0,0,0.0003355495098668788
0,0,0.0004568664909138652
0,0,0.0001821951141592402
0,0,0.1694339438871841
0,0,8.96974475335719e-05
0,0,6.261757339128611e-05
0,0,0.0003552146361694604
0,0,0.0003129693019457
0,0,0.00037778409830249764
0,0,0.01802683330152954
0,0,7.83710011413027e-05
0,0,0.011516015079904927
0,0,0.1292982698645272
0,0,0.00043770933744929967
0,0,0.0004828733038640259
0,0,0.0005213710900864245
0,0,0.00016986574357820812
0,0,0.0040233200816359735
0,0,0.0005321202426698607
0,0,0.00026274364043393523
0,0,0.0004673484091217735
1,1,0.9979549145898915
0,0,1.8998234246593165e-05
0,0,6.073234125925596e-06
1,1,0.9983224606617814
0,0,0.001003321674810846
0,0,0.08344198361587496
0,0,0.018528157994827894
0,0,0.0009276279284577439
0,0,0.000290536726355455
0,0,4.861209559410942e-05
0,0,0.00033659752458173065
0,0,0.0005112741925058738
0,0,0.0003213550111746989
0,0,7.425091061205808e-06
0,0,0.00022924274328431935
0,0,0.011899259308029174
0,0,0.0009180520746802555
0,0,0.00029418354871901185
0,0,0.00014216762637324603
0,0,0.00017161662839522497
0,0,0.0002770495893367401
0,0,3.391953850832475e-05
0,0,0.00017408175656804996
0,0,0.024531650894126872
0,0,5.218076888294928e-05
0,0,1.4669497721049108e-05
0,0,6.514604078316802e-05
0,0,0.0001745520735945188
0,0,0.00291498276193556
1,1,0.9996451603499742
1,1,0.9999772264018821
0,0,7.448868485527623e-06
0,0,0.0005579546380307383
0,0,0.0012744051186600644
0,0,0.00019783284967885733
0,0,0.0004386804354099342
0,0,0.0002318747453644092
0,0,0.0001052045181366485
0,0,0.00030081639812448734
0,0,2.195291849764676e-05
0,0,3.080052953830399e-05
0,0,1.969925509888369e-05
0,0,0.12434029262003164
0,0,2.1985681485497063e-05
0,0,0.08380044565599921
1,1,0.9995059051675564
0,0,0.000325975047151695
0,0,0.007805325923716222
0,0,0.00046717858493144335
0,0,0.00799104031774545
0,0,0.008034330571231338
0,0,0.0002959502658089466
0,0,0.00023808613636118204
0,0,1.5293623970440113e-05
0,0,0.022171971675341493
0,0,0.00046893779444808913
0,0,9.758355257316953e-05
0,0,0.0007801427007821151
0,0,0.009464139067861956
0,1,0.5338811686501324
0,0,2.448553461158743e-05
0,0,0.00085493522329814
1,1,0.9996548434497703
0,0,0.0336962910153949
0,0,0.0009619068786548538
0,0,0.00013210667819048418
0,0,0.0432224228753948
0,0,0.00032233969797306497
0,0,0.00017452359570585896
0,0,0.00025346550815548105
0,0,0.00010811567763962722
0,0,3.849686638707343e-05
0,0,1.750426905926048e-05
0,0,0.059146674558590635
0,0,0.00012485015059550763
0,0,0.0002163323494297895
0,0,0.0005191689991446426
0,0,3.518415763121342e-05
0,0,0.19293349309523927
0,0,0.0014977993613594313
0,0,0.00023580214465958768
0,0,0.00021109150126714615
0,0,2.5058446239522967e-05
0,0,1.3601079762640258e-05
0,0,6.357488811423086e-05
0,0,0.013732269395814265
0,0,0.00043052527778080586
0,0,0.001337164091605308
0,0,0.032856918162418425
0,0,0.0005430700782488307
0,0,0.0006248477887972084
0,0,0.003688911069906408
0,0,0.000905618027801552
0,0,0.00023751911028503347
0,0,0.000142768541608937
0,0,1.8143762871085783e-05
0,0,0.00016819702561407635
1,1,0.999623328536678
1,1,0.9977692258300875
0,0,0.20110069116239643
0,0,0.00037841827083220084
0,0,0.00020800503022003474
1,1,0.9999791543719971
0,0,0.0001016928848618656
0,0,0.0001326465489081241
0,0,0.015060952754709906
0,0,0.39607047000153883
0,0,0.000145203883804062
0,0,0.0293029494817644
1,0,0.31332173454339746
0,0,2.031806294504941e-05
0,0,0.06863122583413322
0,0,0.0011058970066414443
0,0,0.026594199021705768
0,0,2.3047965045795342e-05
0,0,0.00011370939130358942
0,0,0.0244437661123084
0,0,3.838466806973642e-05
0,0,0.00030953100819272936
0,0,3.768310925929251e-05
0,0,0.06331340202722333
0,0,0.0003675594855551994
0,0,0.000731835724743626
0,0,1.9817851263375206e-05
0,0,0.022077359432191884
0,0,0.0003794217425027158
0,0,0.0001595517025742695
0,0,0.04100417022201114
0,0,7.7401233446449e-05
0,0,0.01610675941506986
0,0,0.00011953715675177499
0,0,2.1442128812038007e-05
1,1,0.9972679076714145
0,0,0.0005724991884183154
0,0,6.421035380870035e-05
0,0,0.0001050887250619537
0,0,0.0007226837065801266
0,0,2.1152466646013286e-06
0,0,0.0623430952005085
0,0,0.0008699157828101152
0,0,0.0462367260964625
0,0,0.0016563358890787972
0,0,3.5858204164086836e-05
1,0,0.2611558393486325
0,0,2.945685076479891e-05
0,0,0.12086669534805368
0,0,0.00045582726299903245
1,0,0.10345772135442208
0,0,0.0004247682335623423
0,0,0.02124393440550439
1,0,0.3539767825509585
0,0,7.064574390636767e-05
0,0,0.08579687700618382
0,0,0.018517781195715535
0,0,0.00028166283689715375
0,0,0.0011968080982024541
1,0,0.029291944183154523
0,0,6.685222947842985e-06
0,0,0.00011667823580342579
1,1,0.9965811464748195
0,0,3.907607390051991e-05
0,0,0.00023374820703816256
0,0,8.0937034865765e-06
0,0,0.21970183769906337
0,0,0.00017228339250766978
0,0,0.32264238573008697
0,0,0.1715684853023636
0,0,3.464691848150225e-05
0,0,8.086441438987672e-05
0,0,0.09127426642347308
0,0,0.00029204185475764183
0,0,0.00012840919193818506
0,0,0.00035739068977528097
0,0,0.00031690771023042493
0,0,0.003174996787820724
0,0,0.021392823606515957
0,0,0.055111711798269666
0,0,0.00013580969596930676
0,0,0.00018873803069775283
0,0,0.00048629420170113227
0,0,0.15211493374205995
0,0,2.4788197952767615e-05
0,0,0.17538973179267991
0,0,0.0003648169533563155
0,0,7.434189469317375e-05
0,0,0.0002591016982253664
0,0,0.10281238003810278
0,0,7.215042924744596e-05
0,0,0.0007640478963602321
0,0,0.0005252083786623533
0,0,0.013267598620027885
0,0,0.00012872196714067456
0,0,0.001889682003145691
0,0,0.0004667414063649502
1,1,0.9967818965681055
0,0,0.0007340290976017221
0,0,0.007607821022891231
0,0,0.00013035111894699924
0,0,0.00038514045036276885
0,0,0.006596853947303293
0,0,0.016861280351723424
0,0,0.00018411790104594359
0,0,0.3867703038724098
0,0,0.0002588061161539121
0,0,0.0004118868726440382
0,0,0.19618275235565466
0,0,0.033698818244217145
0,0,1.7731216995328082e-05
0,0,0.018761496355664927
0,0,0.17805386527634934
0,0,0.0004614905827458805
0,0,3.641210634770227e-05
0,0,0.002150041661050062
0,0,0.07664468317774271
0,0,0.00016112078308967145
0,0,3.769208581172461e-05
0,0,0.00019071945412150117
0,0,0.10090005103175115
0,0,2.6618367287640323e-05
0,0,5.219874707872466e-05
0,0,0.0001445528067110716
0,0,0.007925395693322956
0,0,0.06451802993339908
0,0,0.0006641448959326464
0,0,7.0535601353329725e-06
0,0,0.08494916088882318
0,0,0.03255387797618655
0,0,8.075495434197012e-06
0,0,0.00023307556483820088
0,0,0.0003320261255691293
0,0,0.0003443574723696837
0,0,7.370348668499069e-06
0,0,0.01646456578026892
0,0,0.0005291872772621646
0,0,0.10287683726472506
0,0,0.007973747520081079
0,0,5.52285166548331e-05
0,0,0.07652125482422754
0,0,0.027249685857489513
0,0,0.019098025672635056
0,0,0.00016389971115635438
0,0,1.76308633970584e-05
0,0,1.8424908765851733e-05
0,0,0.00011411549412629349
1,0,0.4853585031450247
0,0,0.005734444282134317
0,0,0.00016513377686892401
0,0,0.00034049002715043147
0,0,0.00023745901748665444
0,0,0.001215216801478449
1,1,0.9999793110570111
0,0,7.785228587795071e-06
0,0,0.000538924800741204
0,0,2.3874226037388895e-05
0,0,0.018049535882390357
0,0,0.0005394200267497543
0,0,8.313168562543589e-05
0,0,5.5018989014523626e-05
0,0,0.006499191334455954
0,0,0.0019522187132425689
0,0,0.0005325439383156602
0,0,1.0922211973051626e-05
0,0,6.762798296967774e-06
0,0,0.006405459021697918
0,0,5.8763878923967074e-05
0,0,0.01914138557572723
1,1,0.9999601114505867
0,0,0.04804670287895885
0,0,0.2520080633131016
0,0,0.17327672199120303
0,0,0.00029013169115675553
0,0,4.991206482017921e-06
0,0,0.06379411127778384
0,0,0.0006434312743922897
0,0,0.07480077508958478
0,0,4.6996429127867364e-05
0,0,0.0003084091792471616
0,0,0.0002135862649838887
0,0,0.0005412745117244857
0,0,0.4941178342232734
0,0,4.843750335052153e-05
1,1,0.9981956318422415
0,0,0.05775268416558028
0,0,0.0069994388721535
1,0,0.35690703581850763
0,0,0.0009927214086290156
1,1,0.9987001812774642
0,0,8.270687399146029e-05
0,0,0.0048501582278279946
0,0,0.0007478623636851479
1,1,0.9999489461891631
0,0,1.1811409989021671e-05
0,0,0.0015424029755438944
0,0,0.028561733868312785
0,0,0.00046857722593843406
0,0,0.00020192865498611744
0,0,0.16229120313888992
0,0,7.228703449884476e-05
0,0,0.06062178519066189
0,0,0.00019478404258252332
0,0,3.620395042224537e-05
0,0,7.755610867861164e-06
0,0,0.0004045134986307258
0,0,0.00021232995951704566
1,1,0.998549709307136
0,0,0.00013260453073333004
0,0,0.0011876347916040557
0,0,3.642877860709451e-05
0,0,0.04098949595591206
0,0,0.02283682100222568
0,0,1.743291547907646e-05
0,0,0.00033385588523466035
0,0,0.017513410406053746
0,0,0.015943141741212134
1,1,0.9979908676812067
0,0,4.102963938717169e-05
0,0,0.0005256950900568117
0,0,3.949601758930143e-05
0,0,0.00036089043307133524
0,0,0.00017352675485425532
0,0,0.0017182567834196152
0,0,0.0007326015424660351
0,0,0.0019121141225847318
0,0,3.25773666033697e-05
0,0,0.0009635358727296778
0,0,0.17483877031938058
0,0,0.034079930458801075
0,0,2.8810877543070064e-05
0,0,0.23334768399450515
0,0,0.00011878854221067878
0,0,2.5099843671180177e-05
0,0,0.011193626357727962
0,0,9.180204150863977e-05
0,0,0.002107449628189222
0,0,0.0002719692889227009
0,0,0.05336885808769154
0,0,0.00444956250493591
0,0,0.019881694980157225
0,0,7.06289198352907e-05
0,0,0.00010381646024966098
0,0,0.00024300671911695713
0,0,0.024875061827333855
0,0,0.000987440607037363
0,0,0.06524939836680702
0,0,0.0058506938130149025
0,0,0.06066414727106269
1,1,0.997792633377973
0,0,0.0002221522584990609
0,0,0.0009173747166458647
1,0,0.05162681213865264
1,1,0.9999022976122168
0,0,0.26504070659811446
0,0,5.086873220438304e-05
0,0,2.71031419915959e-06
0,0,7.081492054331482e-05
0,0,0.00036759978680074443
0,0,0.00028315939783008843
0,1,0.5323383424826437
0,0,0.00013707444592251156
0,0,7.0535601353329725e-06
1,1,0.994826669235593
0,0,7.250746787539556e-05
0,0,8.972627338840981e-05
0,0,0.03982124555936119
0,0,0.00023187420611016303
0,0,0.004879538014624916
0,0,0.09969102920967031
0,0,0.1336509189545286
0,0,0.000937838913393637
0,0,0.0007781081139697452
0,0,0.03797291090899175
0,0,0.028495557800758933
0,0,7.06289198352907e-05
0,0,0.06590237227432925
0,0,0.010667966447999827
0,0,0.03771183214232953
0,0,0.003686749722647379
0,0,0.00012080134137636501
0,0,0.048948543471485674
0,0,0.00018110128864921713
0,0,1.786250145619285e-05
0,0,0.0004201889847510187
0,0,3.190721775619788e-05
0,0,8.683157550917708e-05
0,0,0.000349405648719559
0,0,0.06780917752765049
0,0,0.0009789609877939058
0,0,0.0003378853500726886
0,0,0.0003381601116677681
0,0,0.0006667912422028921
0,0,0.023649994566551095
0,0,0.08271741844262553
0,0,0.00041475184025362074
0,0,0.0001384344134613028
0,0,0.014081994937815808
0,0,0.02069046555061368
0,0,0.09071669701476569
0,0,0.17751434553655637
0,0,2.2751047040032036e-05
0,0,4.8244975900608846e-05
1,0,0.47610000139921577
0,0,0.04643965574568975
0,0,0.0008391303660256877
0,0,0.00037342635799984786
1,1,0.9986917656453677
0,0,6.561242205993596e-06
0,0,0.23810958876195676
0,0,0.0009382074694242924
0,0,0.00026379247822354404
0,0,0.00012319106632747076
0,0,7.644692722590267e-05
0,0,0.004036956710773557
1,0,0.21722638362586413
0,0,0.00014578290397602607
0,0,1.6794470484510372e-05
1,1,0.9971163461264274
0,0,5.390804714737756e-05
0,0,0.15200602854495834
0,0,0.0010275203560951463
0,0,0.0003302966274320897
0,0,7.715510208644177e-05
0,0,0.0003483746014843336
0,0,3.2244356196470816e-05
1,1,0.9999272396906095
0,0,0.00035357493607495545
0,0,0.00010893373185699686
0,0,1.8751101990200926e-05
0,0,0.00125076734472329
0,0,1.1697311613304735e-05
0,0,0.0019206092062933645
0,0,6.685222947842985e-06
0,0,0.00026066700944125877
0,0,4.00599624416367e-06
0,0,7.248466242566865e-06
0,0,0.15954479635237612
0,0,1.971127060638204e-06
0,0,0.0005492058381265565
0,0,0.0025962674643787136
0,0,0.057899294818405916
0,0,4.2746276850614306e-05
1,1,0.9988625690015851
0,0,1.579117363987071e-05
0,0,0.0003445555320949436
0,0,0.00046445516084487535
0,0,0.000631622667499518
0,0,0.00021834205889014016
0,0,0.0014682894810765883
0,0,6.604844297679492e-05
0,0,0.08902802324579424
0,0,0.037367122120827635
0,0,7.51049602911146e-05
1,1,0.9999883165994847
0,0,0.19458026946591925
0,0,0.304154093579307
0,0,0.00019887693546873759
0,0,0.0334896741380428
1,1,0.9979861448477098
0,0,0.014486496070982029
0,0,7.0535601353329725e-06
0,0,0.0011959053430234165
0,0,0.0057855075536798715
0,0,0.2028383415738851
0,0,5.2204759900340424e-05
0,0,1.7113148162226473e-05
1,1,0.9934790691465019
0,0,0.0019162480438516638
0,0,0.0002539708924087389
0,0,0.00011517507129988798
0,0,0.001066241068285351
0,0,0.051040813181197
0,0,0.0004272831953053971
0,0,0.20439298094041336
0,0,0.050755525139868675
0,0,0.16921944482818485
0,0,0.012060572250997112
0,0,1.468312819403719e-05
1,0,0.1993414169974448
0,0,0.0004076711734270498
0,0,0.00033814317870441087
0,0,0.00048431189562182607
0,0,0.018327563900410234
0,0,0.004600905665191832
0,0,0.0658668740972619
1,1,0.9967597521833085
0,0,0.000263837609898272
0,0,0.026990253118243948
0,0,0.0005445818835259723
1,0,0.35450342301802973
0,0,0.01619801212510855
0,0,7.767310934876064e-05
0,0,0.0018535894704340872
0,0,0.0008954692136023047
0,0,0.33961537355521926
0,0,0.00014986845266015163
0,0,4.588581426870495e-06
0,0,6.2505837813418916e-06
0,0,0.0025347803156361088
0,0,7.48825967970372e-05
0,0,0.2877361204708618
0,0,0.00021687357128133498
0,0,0.003808835639185372
0,0,6.805290917946643e-05
0,0,0.0006396642757619947
0,0,3.503445410405516e-05
0,0,0.0010275159117440645
0,0,0.10600337555769891
0,0,0.1244976045203135
1,1,0.9994515835423204
0,0,0.06957360362717142
0,0,0.00026583782177902856
0,0,4.3753963858744215e-05
0,0,0.002013248877104786
0,0,0.060013392428921446
0,0,0.030928317397183963
0,0,0.0005702612251157166
1,1,0.9999076406508131
0,0,0.00028397748460109876
0,0,0.00010873165802608998
0,0,9.55154684737129e-05
0,0,0.00032181759111574176
0,0,0.01922744117878175
0,0,5.64273634139148e-05
0,0,0.04577104646818794
0,0,0.00018827647227471822
0,0,4.569529625344863e-05
0,0,0.006474698419243344
0,0,4.76615159794578e-05
1,1,0.9990571076017285
0,0,0.001883621349652986
0,0,0.00028920165622193166
0,0,0.0006181027340695907
0,0,0.0001908557853217123
0,0,0.015937587181774363
0,0,0.000463302375659608
0,0,0.012926216829780025
0,0,0.0006043308858114239
0,0,0.005037348033730186
0,0,0.003346441103251004
0,0,3.543114008182539e-05
0,0,0.07787047123760477
0,0,0.0006586682997579838
0,0,1.0608888315099422e-05
0,0,0.00022692035122339895
0,0,0.05303987978698197
1,1,0.9999530221986699
0,0,0.001047417679653102
0,0,1.7736577917229555e-05
0,0,0.024035389975921903
0,0,0.0007264706055195963
0,0,0.0187887711965565
0,0,0.3880368640644286
0,0,0.00033210690398914557
0,0,0.0006041926876855088
0,0,0.06932542636039611
0,0,0.02288577998127833
0,0,9.649878968321442e-06
0,0,0.00024515534245926656
0,0,0.3395738272800301
0,0,0.030105587095840033
0,0,0.062222571945285396
1,1,0.9982523058957286
0,0,0.000363318819222903
0,0,0.0025511694785139392
0,0,7.075557751720295e-06
0,0,0.0008694711011014351
0,0,0.0003629113717535334
0,0,5.8739991348628575e-05
0,0,0.00044771518904494057
0,0,0.00016737012279471308
0,0,0.0017510110575128292
0,0,0.09688476080067557
0,0,0.00013248055293181815
0,0,0.2578894623397234
0,0,0.13489844139978976
0,0,0.0001109329147996826
0,0,0.00016994467314294175
0,0,0.0006458873362854233
0,0,0.0007150334303823589
0,0,0.0854188398284089
0,0,0.0002634148145852514
0,0,0.09240624453452524
0,0,5.844258187820322e-06
0,0,0.00028786973463070317
0,0,0.010682454001810206
0,0,9.39201079374252e-05
0,0,4.221159130640846e-05
0,0,0.0006100844559069337
0,0,0.02648180219350266
0,0,0.00035660973734715043
0,0,0.01164994525824504
1,1,0.9986659389026432
0,0,8.961329995102758e-05
0,0,0.0008331725829711825
0,0,0.00020456648334781177
0,0,0.0002907222471910651
0,0,1.7158003298594075e-05
0,0,5.2484406607156806e-05
0,0,0.0004258836521244303
0,0,0.01744118261724579
1,1,0.9997361522390822
0,0,0.03586519967165854
0,0,6.188647066209595e-05
0,0,4.128952698819738e-05
0,0,0.005827028478843707
0,0,0.03585330624721224
0,0,9.791914434437241e-05
0,0,0.0036458298421172286
0,0,1.0016016952117212e-05
0,0,0.0003289702074864466
0,0,0.19201261183041637
0,0,0.07507435966503817
0,0,0.4780311057236257
0,0,0.006494573707161559
0,0,2.4472616813853376e-05
0,0,0.0002984151148360736
0,0,1.7633779532900648e-05
0,0,0.0001711639761221758
0,0,0.03061221290198033
0,0,0.00044646756222259355
0,0,0.00026434737728716755
0,0,0.2723833268811079
1,1,0.9999574963099075
0,0,0.0554250412280215
0,0,0.024538187433076786
0,0,0.0003207518960573519
0,0,0.0010935495537274535
0,0,0.07876474737808954
0,0,0.013529342392255282
0,0,0.008713152228471454
0,0,0.0004698089647816583
0,0,0.0002260952258590186
0,0,0.006752686169741298
0,0,5.490931283068479e-05
0,0,6.821411229533673e-05
0,0,0.0011983219240841924
0,0,4.402521993968509e-06
0,0,0.05172848727667117
0,0,0.007483499266902344
0,0,0.0002176326138112722
0,0,0.0003942360257060115
0,0,1.7439081859310695e-05
0,0,2.2352452103846123e-05
0,0,0.000470568601169662
0,0,1.2758901238167593e-05
0,0,6.355763754874134e-06
0,0,0.30019018398567254
0,0,2.9671132057746958e-05
0,0,2.670993226044612e-05
0,0,0.05686843862514367
0,0,0.06226438900475584
0,0,0.005292698351170614
0,0,0.00016266930906245482
0,0,0.017011421733884455
0,0,0.0003202100868817383
0,0,0.00013783975357279805
0,0,0.0005332981840051038
0,0,1.27630598361652e-05
0,0,0.0013995857578565677
0,0,0.0009400810114799732
0,0,0.0005146380596931608
0,0,0.07185844973502983
0,0,0.00010825267095738326
0,0,0.0005421448886275996
0,0,0.39040845189084133
0,0,0.00041630303519502206
0,0,0.00025511519988911794
0,0,0.06961555703268947
0,0,0.00011823745199191654
0,0,0.0004614170073186952
0,0,0.0004758843019605771
0,0,0.0024519493246683696
1,1,0.9999576042038232
1,1,0.9989913757942775
0,0,3.634934584192838e-05
0,0,0.011420572383595558
0,0,0.14846484507645985
0,0,0.07847723323962297
0,0,0.2923202650330645
0,0,0.00033220891627454036
0,0,0.007423372242899018
0,0,0.163938633327223
0,0,0.13313293070322965
0,0,0.00010757420421708257
0,0,0.0005964802538370338
0,0,0.0008328421865104381
0,0,0.00046356820810768823
0,0,0.06115722623929317
0,0,0.0004604417985722595
0,0,0.0003893261156886462
0,0,0.004167848371205152
0,0,0.0019874814773892667
0,0,0.00031220182032853515
0,0,0.1680875123817051
0,0,3.269448870871682e-05
0,0,0.00017082984519704606
0,0,1.0858154047546481e-05
0,0,0.014723777988862995
0,0,1.7325721403603644e-05
0,0,0.001346473309856028
0,0,0.038103260068756785
0,0,0.00046991662241278393
0,0,0.000365261712415244
0,0,4.673369686989201e-06
0,0,0.02991861272739776
0,0,2.3238016935864254e-05
0,0,0.00024235827860394991
0,0,1.4193031139800726e-05
0,0,0.001419801708102901
1,1,0.9970802457213485
0,0,0.0002855484757172626
0,0,2.574172055872473e-05
0,0,0.10029947220059282
0,0,0.00025781834383187
0,0,0.0583306566449354
0,1,0.5763874763576289
0,0,0.0001476619535681815
0,0,0.04758747838627036
0,0,4.297232899527956e-05
0,0,0.00032831172005099227
0,0,0.19923785405974614
0,0,0.10118766374267603
0,0,0.14195851265150883
0,0,0.00031398873508142034
0,0,0.0003948154722407854
0,0,0.00044160484942379227
0,0,0.0013249524884276875
1,1,0.9999283838391081
0,0,6.604844297679492e-05
0,0,0.0003823469567174659
0,0,0.3409889409462074
0,0,0.00028622685822128814
0,0,0.008116627444982986
0,0,0.15614464933181835
0,0,0.2806822330745244
0,0,0.01364955298793754
0,0,0.0006855172555510182
0,0,0.010646140164608721
0,0,0.0010301337462225821
0,0,0.05895006193715618
0,0,0.1430208003796492
0,0,0.00017976216359225607
0,0,0.00010038637521518315
0,0,7.715510208644177e-05
0,0,4.717596580774636e-05
0,0,0.00021723880453977272
0,0,0.00011658963038628338
0,0,4.687936886097877e-05
0,0,4.0452908514390636e-05
0,0,0.028598828916568675
0,0,0.0019434011506889285
0,0,1.9516624416528637e-06
0,0,9.393938343107165e-05
0,0,0.0003091999701455969
0,0,0.0051313426117661305
0,0,0.00044287175703119344
0,0,0.01245743047483567
0,0,0.00038670240355404326
1,1,0.9997963648807131
0,0,4.548509030821109e-05
0,0,1.6245417257361642e-05
0,0,7.771612646044024e-05
0,0,2.750496088697087e-05
0,0,1.0442259035227398e-05
0,0,0.0004474361965553246
0,0,0.16970673639670666
0,0,0.07772112202692917
0,0,6.2550453204865166e-06
0,0,0.020175686021145316
1,0,0.3265896127260536
0,0,7.049520328152312e-06
0,0,0.00020424904650217932
0,0,5.1943033288202646e-05
0,0,0.0002752426377640135
0,0,0.00020959269938307972
0,0,0.0003855258066684562
0,0,0.00014743896266180726
0,0,0.0041655131147106785
0,0,0.0007750145077277355
0,0,3.704336819263532e-05
0,0,0.09399137771564248
1,1,0.9994725976969847
0,0,0.009676767372866565
0,0,1.1447485220375812e-05
0,0,9.812703088474502e-05
0,0,0.00018048763661920487
0,0,0.0002627976158762153
0,0,7.596457552802897e-05
0,0,9.195305948462263e-06
0,0,0.022575101976162117
0,0,0.21662442140660976
0,0,0.0013594805567058268
0,0,2.8809249657573042e-05
0,0,9.775452544429455e-05
1,1,0.9935611359854528
0,0,0.008999182909342172
0,0,0.0004643253466162139
0,0,0.03210829517233668
0,0,0.09176123671245053
0,0,4.12071966527325e-05
0,0,4.623680325355142e-05
0,0,0.00017055561822254563
0,0,0.0005258621367248198
0,0,0.00026314305237742984
0,0,0.034874283550895356
1,0,0.231596869963744
0,0,4.1559174971646194e-05
0,0,4.1986145114160327e-05
0,0,0.0006345972456010659
0,0,0.40337585439988083
0,0,4.597017734035728e-05
0,0,1.5682448176932432e-05
0,0,5.0890063935341805e-05
0,0,3.496531565702833e-05
0,0,0.0003919562842350219
0,0,0.00030031319415780016
0,0,0.06734156197318145
0,0,7.038504619490825e-06
0,0,0.0005545993334163478
0,0,0.0005673601123251924
0,0,0.0006379413275312486
0,0,0.022360363751165634
0,0,0.2128602004955487
0,0,0.026855746961233627
0,0,0.00015011873693725523
0,0,0.00040666468346596703
0,0,0.17607992899232416
0,0,0.00044293423573293575
0,0,0.00039711841471557044
0,0,0.00047693960208788536
0,0,0.0007587568506370192
0,0,0.00028398854465296096
0,0,0.0008458308960533272
0,0,9.633750316230961e-05
0,0,4.166675703031569e-05
0,0,0.0179603690205606
0,0,0.0002899665896165358
0,0,0.001140659747338177
0,0,0.00018480732197035695
0,0,0.0034492095751162215
0,0,0.05101376172231936
0,0,0.000567692270812688
0,0,0.00020678850989613095
0,0,0.00024582582152124467
0,0,0.001972248041233153
0,0,0.0014042865464502351
0,0,0.0028285844606542035
0,0,0.0002214781021236797
0,0,0.060590539850234576
0,0,0.00033275076026378903
0,0,0.0002771771278441094
0,0,0.06191640007843528
0,0,1.4313677181760482e-05
1,1,0.9999397736198524
0,0,0.0002788216158300103
0,1,0.5715869321418036
0,0,0.0001977208275753144
0,0,0.00026805690504060075
0,0,1.9494411148891002e-05
0,0,7.06289198352907e-05
0,0,0.01743069288467521
0,0,2.5688819314402766e-06
0,0,0.00018784788061527107
0,0,0.0005220777223640508
0,0,6.650234314387972e-06
0,0,3.093111501870352e-05
0,0,0.0013936061637044505
0,0,0.0015529303858792208
0,0,0.0004604490897746518
0,0,0.00010846689630293126
0,0,0.011788747215180738
0,0,0.00018849130579107776
0,0,0.05049649279274065
0,0,0.007861976438333165
0,0,0.10751393800461577
0,0,3.1218595275157636e-05
0,0,0.00024056384706088458
0,0,0.00016008867841593342
0,0,5.3552103609445484e-05
0,0,0.00012638988051397705
0,0,0.004530619690518928
0,0,1.9210403552840224e-05
0,0,0.06285751971030436
1,1,0.9999367805725728
0,0,0.005666764158761045
0,0,0.0002598420999460612
1,0,0.4039612152125447
0,0,0.07142956185294518
0,0,0.020490159885944787
1,1,0.9999409685755145
0,0,0.0003870013038340737
0,0,0.0003638239248042337
0,0,0.00016087965097541043
0,0,0.0006474203585535936
0,0,8.0937034865765e-06
0,0,5.3415143894606336e-05
0,0,0.0005592906538634639
0,0,0.0001901621438770785
0,0,0.000156063355801133
0,0,0.000686751662738647
0,0,9.188060012730069e-05
0,0,0.0006659250485998724
0,0,1.6727200871720568e-05
0,0,0.22048388079451342
0,0,0.07587676508554425
0,0,0.00016371051913801018
0,0,1.8804547928301748e-05
0,0,0.0004029191833437677
0,0,3.443849736254121e-05
0,0,4.524400534072867e-05
0,0,0.0001237389199897637
0,0,5.977556158381696e-06
0,0,0.08243091296853872
0,0,9.806088937315176e-05
0,0,6.310989483024981e-06
0,0,0.0001152902037338259
0,0,0.3146186296873758
0,0,0.0002173509871198681
0,0,2.3114971088838972e-05
0,0,0.069954509531026
0,0,0.11878124636216131
0,0,0.000300713027909002
0,0,0.004206069357009437
0,0,5.260284818197898e-05
0,0,1.602710794064552e-05
0,0,0.00021968002956044246
0,0,2.9135600412772243e-05
1,0,0.00935250734704747
0,0,0.0005876267094973307
0,0,0.27922340865155776
0,0,0.011384576010712747
0,0,2.1335431460536425e-05
0,0,0.0005410617204279521
0,0,0.0001977798552094416
1,1,0.710793032413656
0,0,0.08851342909257369
0,0,0.0001661205328924029
1,1,0.9999883512363719
0,0,0.00010712744935180115
0,0,7.3756306094431e-05
0,0,0.00023350351089890963
0,0,0.0005894478896774422
0,0,0.0002576390948728363
0,0,0.00021694686084351998
0,0,0.0009470253060149573
0,0,0.000569280299807686
0,0,3.358758845361824e-05
0,0,0.019251814200051055
0,0,0.00022686481975231715
0,0,0.0003474144027287835
0,0,0.007029451870453033
0,0,0.00032010967902186684
0,0,0.0007084274462549313
0,0,0.0015897848992181653
0,0,0.007013772926400033
0,0,0.004446992102877996
1,1,0.9982014352055274
0,0,0.0009978738651631556
0,0,6.837704738207727e-06
0,0,0.000129824502658848
0,0,0.011555086311445294
0,0,0.0036051039297798023
0,0,0.35048423078922497
0,0,0.0056340636592992965
0,0,0.0001286075359652853
0,0,0.0003761449182031516
0,0,1.179788428653158e-05
0,0,0.19624698702819027
0,0,0.011568580319133513
0,0,1.3396017997847036e-05
1,1,0.996078259360981
0,0,0.007819065522070092
0,0,0.22167479271327403
0,0,0.04223227752038097
0,0,6.788832128002854e-06
0,0,0.006491602353766871
0,0,7.115312486714228e-06
0,0,3.391953850832475e-05
0,0,0.0009268071092082988
0,0,0.03185349151272919
0,0,0.00030996949819479396
0,0,0.04396623779078438
0,0,0.006854119170508846
0,0,0.0042804927317547925
0,0,8.104756995781628e-05
0,0,0.0034255670046729777
0,0,0.00022334248712041154
0,0,0.0001081379502646692
0,0,0.0006195284603542978
0,0,0.04984761277784254
0,0,0.00018537717489145017
0,0,0.00020030752297034373
0,0,0.0004788428101968249
0,0,3.846659527631756e-06
0,0,0.0001099473936403915
0,0,0.00014548322290631026
1,1,0.9999640269330842
0,0,5.467801243709218e-05
0,0,0.0003514292694053154
0,0,0.0005161593580615271
0,0,0.0005247280269341672
0,0,0.0006359326841655715
0,0,7.813554606966493e-05
0,0,0.0013600334571085867
0,0,2.372340119195549e-05
0,0,0.000613137399443834
0,0,0.0002789385149421924
0,0,1.4417442378153665e-05
0,0,0.009590893552172521
0,0,0.000922390383435311
0,0,0.00046815846282536705
0,0,5.727227040470506e-06
0,0,0.00021287219668532993
0,0,6.104618501747967e-05
0,0,0.027360965243922872
0,0,3.671423537397642e-05
0,0,0.0007181594198018647
0,0,0.00010316333089235426
1,1,0.997986745912865
0,0,0.00014133045063152795
1,1,0.9975550095200721
0,0,0.0008406283821421587
0,0,0.05854106376418208
0,0,4.4218623810527325e-05
0,0,3.139403252879597e-05
0,0,0.010403270387881466
0,0,0.00996105799629576
1,1,0.9996093179721164
0,1,0.546963773143577
0,0,0.0007024622118206989
0,0,0.0002796548799677401
1,0,0.4395670078773937
0,0,1.2008902751166554e-05
0,0,4.147599899831366e-05
1,1,0.9953217599151203
0,0,0.00033783692783697744
0,0,4.058904578074491e-05
0,0,0.002249287812326515
0,0,8.215308165665764e-06
1,1,0.9999691611548962
0,0,0.23552418427583388
0,0,0.00023196021823841684
0,0,0.0002536808201334498
0,0,6.94648917378728e-05
0,0,6.1662608421411764e-06
0,0,0.0940455234305976
0,0,3.0581407320286594e-05
0,0,0.0002527062081529683
0,0,0.0009733282565417722
0,1,0.6006176436107346
0,0,5.8763878923967074e-05
1,0,0.1570838884603951
0,0,0.23759295129654515
0,0,0.025694462276807446
0,0,0.04210354857051093
0,0,2.0734855079969438e-05
0,0,0.12357940645701608
0,0,0.0406869525757922
0,0,0.08368001187607348
0,0,0.13810701336129025
0,0,0.00025195426684168214
0,0,0.00038098484852765895
0,0,0.0017187299177971167
0,0,0.00018180686869456755
0,0,0.005827028478843707
0,0,0.00014481302746764384
0,0,0.08985455503062047
0,0,5.023428790013292e-05
0,0,9.030402669327993e-05
0,0,0.024686495010309693
0,0,5.204716421125449e-06
0,0,0.00020149720605998393
0,0,0.03975482758590622
0,0,0.00038759363847709984
0,0,0.06716157336573723
0,0,0.155408135058889
0,0,0.007059688577961641
0,0,1.8821565815790493e-05
0,0,0.0007154113978601152
0,0,6.496097835575763e-06
0,0,0.004826780359336641
0,0,2.509856819042996e-05
0,0,0.0001241662610013147
0,0,0.0071096701924119815
0,0,0.09370337639942942
0,0,0.0003434704190139544
0,0,1.707842628903525e-05
0,0,0.0002810846799417174
0,0,1.9516624416528637e-06
0,0,0.0013100523235288616
0,0,0.00044174374790488427
0,0,0.023345991447565648
0,0,0.0002843160752725883
0,0,0.010659817867262122
0,0,1.72072052985498e-05
0,0,3.3314866731215004e-05
0,0,0.0015313695694912177
0,0,3.3130694364177846e-05
0,0,0.010275069198142146
0,0,0.00021049505099924681
1,0,0.22262952488075952
0,0,0.0007306269919039935
0,0,7.54710712968245e-05
0,0,0.0003536749956157987
0,0,0.0003079090660469638
0,0,0.0017712763664823208
1,1,0.9999300104082679
1,1,0.9998204225534602
0,1,0.5685674678639551
0,0,0.00040745002480868057
0,0,0.08614043409450167
0,0,0.00019827357115838388
1,1,0.998133188838499
0,0,0.00033158176641218606
1,1,0.9969042621427489
0,0,0.27760369977281896
0,0,0.00010803988185596004
1,0,0.426467539038758
0,0,1.7736577917229555e-05
0,0,0.00014551787967070318
0,0,0.0021860126692393117
0,0,3.427161699962182e-05
0,0,0.0002145882233064609
0,0,0.0012501719669565795
0,0,0.0023059230346975474
0,0,0.0006868470261610256
0,0,0.0001499357514335137
0,0,0.00021814641362077653
0,0,0.00033253891167552355
0,0,1.377147317313691e-05
0,0,0.0003100632225542285
0,0,8.596985089546771e-05
0,0,0.006157803794435413
0,0,0.00022287925178836722
0,0,4.3028321722157116e-05
0,0,5.661265871255622e-06
0,0,0.000469932255420928
0,0,0.0009609937539226703
0,0,1.793825058867361e-05
0,0,0.23402548631121645
0,0,0.014372274175538366
0,0,0.001608762295477172
0,0,0.15891079429487445
0,0,0.00013141226539984148
0,0,0.14173362448811444
0,0,0.026305626059873435
0,0,0.000567692270812688
0,0,0.00046879315282837296
0,0,0.0017820684981190802
0,0,0.001489453592088234
0,0,0.00019171504377112365
1,1,0.9999609816192176
0,0,0.0006201020473499039
0,0,3.42514929574372e-05
0,0,9.601462705330864e-05
0,0,0.0002522006796920904
0,0,1.9962304221360734e-06
0,0,0.0005459005314230353
0,0,0.0017820684981190802
0,0,0.00035489171900949027
0,0,0.007420032830288928
0,0,0.00013108596003839543
1,0,0.07179985747706176
0,1,0.5002181999345536
0,0,0.00028687772088090336
0,0,0.0003300110825376186
0,0,0.01375033146287101
0,0,0.0004800472985528519
0,0,2.2013693448655673e-05
0,0,0.0024754324161537096
0,0,0.11683013328674145
0,0,0.06705162101610926
0,0,0.00022655656701031217
0,0,0.00010553529001951609
0,0,0.0001242235063712997
0,0,0.0003547505562420972
0,0,0.00028298819736108637
0,0,0.0005543130260181684
0,0,0.10597760473302413
0,0,0.2413745793763502
0,0,0.00019107204062950126
1,1,0.9975095658602741
0,0,0.00016404505549681017
1,1,0.9969409493519091
0,0,0.00023196021823841684
0,0,3.3906875304931065e-05
1,1,0.9999743669508071
0,0,5.249723204149586e-06
0,0,0.22471747496868308
0,0,0.20215453462303276
0,0,6.820783929368713e-06
0,0,0.02548388064639907
0,0,0.00015426605159529207
0,0,0.00022138597676631778
0,0,0.005936940460259622
0,0,0.00037010570349862954
0,0,3.6840879598146076e-05
0,0,0.28293640950187027
0,0,8.767058972931897e-05
0,1,0.6122480373507144
1,1,0.9996903735366832
0,0,0.06260379492863268
0,0,0.0045626767972302505
0,0,0.00034700475628481124
0,0,0.14084182115285945
0,0,0.02327969286595812
0,0,0.0002493752919619852
0,0,0.0003238105363748032
0,0,0.0003844827191555001
0,0,6.249753441398329e-05
0,0,0.0001738165232066077
0,0,0.00029981441297307016
0,0,0.00015515627758191204
0,0,0.02318502089908672
0,0,0.00214017479886543
0,0,0.024253205594519305
0,0,0.0011315688423753428
0,0,7.734617456742757e-05
0,0,0.0001060289284361852
0,0,0.00018864387430280325
0,0,0.0004097344340526781
0,0,0.02723059887674182
0,0,0.00016861315166132038
1,1,0.9970689705143976
0,0,0.000149854891030172
0,0,0.00022316731464358197
1,1,0.9996563717241076
0,0,0.0003568950011903747
0,0,0.0004450500602003201
1,1,0.9972792106987919
0,0,6.157324067009827e-05
0,0,1.2871060639919553e-05
0,0,5.453982981121815e-06
0,0,0.001115168735531535
0,0,0.0005119915862182786
0,0,0.08869551959247769
0,0,0.08768502535401781
0,0,0.025875928195132347
0,0,1.121061623401747e-05
0,0,8.951524872620347e-06
0,0,3.558173343489911e-05
0,0,1.2454289657989461e-05
0,0,0.00011059972917925112
0,0,0.06381517039299464
0,0,8.099591439096818e-06
0,0,0.0019408058816904406
0,0,2.8669619547939314e-05
0,0,0.0011038875088329688
0,0,6.157775507023653e-05
0,0,0.0002700414271633218
0,0,0.018478582136885417
1,1,0.9998856225608346
0,0,0.0005178229936442806
0,0,0.20722812645006267
1,1,0.9993379984351843
0,0,0.0005360128144872584
0,0,5.976841022281454e-05
0,0,0.0003543911872897536
1,0,0.009617305390945047
1,1,0.9987757480236058
0,0,0.0004909375284339923
0,0,0.018113083691735553
0,0,0.00012706839685010344
0,0,0.00026139132548366544
0,0,0.03199638928944257
0,0,4.81766813107848e-05
1,0,0.3983521843466368
0,0,0.04419744762270901
0,0,0.0024954476039529814
0,0,0.0007954093432908223
0,0,0.000166666743767072
0,0,0.08590261818545561
0,0,0.00013288674214112525
0,0,0.00024579530429799364
0,0,4.312803717252223e-05
0,0,0.00012599494037353364
0,0,0.0005977424469636297
0,0,0.00010594891130331178
1,0,0.21897751298351767
0,0,0.07514813466070278
0,0,0.0012353632086876264
1,1,0.9988818020163504
0,0,0.0007898297963731035
0,0,7.1456399389987785e-06
0,0,0.02945162644943851
0,0,0.00038211543739452987
0,0,0.0006053740823952696
0,0,0.001843297880371309
1,0,0.2910766098903326
0,0,0.0003233404638686966
0,0,0.0003294309587095716
1,1,0.9999872504600087
0,0,1.768629155009029e-05
0,0,0.0002484860007819833
0,0,7.532309776271463e-05
0,0,0.00026971216875246856
0,0,2.828080387420638e-05
0,0,1.0766860041125863e-05
0,0,0.00011484983285938126
0,0,0.0005887090233071423
0,0,0.00021998151860653858
0,0,0.0002679794230732689
1,1,0.9910011880883086
0,0,8.320414100419487e-06
0,0,0.0003591728679712006
0,0,0.1973779470515102
0,0,0.09381421347608608
0,0,0.00026632277164101534
1,1,0.9973802823580226
0,0,0.07692780857064929
0,0,0.004565480385745629
0,0,0.2122348088452281
0,0,0.0021854398094457482
0,0,0.00047979642074630715
0,0,0.0001309462195418701
0,0,0.022165704951547835
0,0,5.63344199751372e-05
0,0,6.106029695579989e-05
0,0,0.17828760978870192
0,0,7.282247777317576e-05
0,0,2.6820355770856488e-05
0,0,0.0003377339147492705
0,0,0.29890434106837366
0,0,0.06824759854729882
0,0,0.00037461476463277393
0,0,0.12458920149895215
1,1,0.9993620153079217
0,0,0.00014902334565803423
0,0,0.0010430641654032232
0,0,0.261788409195622
0,0,0.004780986494857724
0,0,1.319905310865922e-05
0,0,0.0003489618552697987
0,0,0.008696990151369507
0,0,0.00042761906371108525
1,1,0.9992659246475033
0,0,0.0005895515631638512
1,1,0.547963474357819
0,0,2.3884318577554457e-05
0,0,6.581920819785944e-05
0,0,0.0003041963608609736
0,0,8.377388140477854e-06
0,0,6.264420993021882e-05
1,0,0.006902614086238599
0,0,3.580364247990711e-05
0,0,0.03346464612655514
0,0,0.00044659983597672377
0,0,9.081347147606923e-06
1,0,0.18572484345416956
0,0,5.681982024812588e-06
0,0,0.00018190615323514543
0,0,4.6054550521915615e-05
0,0,0.15740858654895076
0,0,1.92040977882896e-05
1,1,0.9985885601739942
0,0,0.00029506859659921496
0,0,0.0073506976372427115
1,1,0.998480375618367
0,0,0.0002832285306104669
1,1,0.9997948573057208
0,0,0.00035503431434839644
0,0,2.168332436008245e-05
0,0,0.19196265881792887
0,0,0.0012137461681134745
0,0,6.724715651313634e-05
0,0,0.0003243647220650862
0,0,0.00024969136957362406
0,0,0.021922658480433885
0,0,0.0009281185238485783
0,0,0.019349358970122084
0,0,0.01503838085366195
0,0,0.0003008420936639258
0,0,0.22859750583595376
0,0,9.86154720465815e-05
0,0,0.00039573330703440463
0,0,0.054675876316512405
0,0,7.545431857606791e-05
0,0,0.0002101434596178331
0,0,0.0002081142324376769
1,1,0.9964898751017703
0,0,0.001832767503844538
0,0,0.010642503975472272
0,0,3.991104228821916e-05
0,0,0.020908960011681035
1,1,0.9958441719366952
0,0,6.57071674134063e-05
0,0,0.0003898119639261693
0,0,0.04161125726632772
0,0,4.456097049877409e-05
0,0,3.722012838608809e-05
0,0,0.001089833693901416
0,0,0.0005230458063298548
0,0,0.0014814918018401571
0,0,0.0006046474875247264
0,0,0.008013029512628937
0,0,4.678923224993749e-05
0,0,0.001334724038751202
0,0,1.1499190378937417e-05
0,0,0.27063843432493395
0,0,0.016542698327125786
0,0,0.12035786568365134
0,0,6.943677101123318e-06
0,0,1.3006217942544715e-05
0,0,0.011806013603472616
0,0,0.00022393881157269576
0,0,0.02529598608690272
0,0,0.019787827302761116
0,0,8.789872879551178e-05
0,0,0.0008002842466530692
0,0,0.00019258607806645439
0,0,1.1591329958705637e-05
0,0,8.778315021224233e-05
0,0,0.00011896459158400678
0,0,3.147789811830705e-05
0,0,0.00022582943121940058
1,0,0.45677788300001154
0,0,0.00016401721493358116
0,0,0.0005496352821940096
0,0,0.13059181731242078
0,0,0.00037679669607463504
0,0,0.026512319162110016
0,0,4.522637155726299e-05
1,1,0.999252727785531
0,0,9.837337561455646e-06
1,1,0.9972716208756349
0,0,0.03608927109402432
0,0,6.48567265222112e-05
0,0,0.00026896052305990144
0,0,0.0005663867455648048
0,0,6.128582005909427e-05
1,1,0.9975776381715659
0,0,0.07378158427876144
0,0,3.133077843985453e-05
0,0,1.836726777046196e-05
0,0,0.0008404471522444915
0,0,0.0001387713716808339
0,0,2.6327209068174106e-05
0,0,0.00045613885385438984
0,0,0.00029344009462082827
0,0,0.04392044209811827
1,1,0.9987133284002851
0,0,0.011438375685153612
1,0,0.44172938110512144
0,0,0.04778638450477441
0,0,0.00026829279087560204
0,0,0.00019191025943660642
0,0,0.012395178015570631
0,0,0.00015197853170442302
1,1,0.9977602314607557
0,0,1.7910478813429094e-05
0,0,0.00035700625815260773
0,0,1.589895343468673e-05
0,0,2.6711596639192284e-05
0,0,0.00015858901482712984
0,0,0.031691573617701536
0,0,9.66255309022356e-05
0,0,3.7534370218177414e-05
0,0,0.016798420346535475
0,0,3.1521006335278895e-06
0,0,0.05135760949942735
0,0,0.03982016914096346
0,0,2.118604012407469e-05
0,0,0.00023920220497404703
0,0,0.0003333561158411863
0,0,0.00018935922937346383
0,0,0.006998274293515222
0,0,0.09299887886881983
0,0,0.0005312122127438723
0,0,0.0004412404468203236
0,0,0.1027423924956755
0,0,0.0002180216508936666
0,0,0.0003197371388399461
0,0,0.1151096676029997
0,0,0.00024590020104980166
0,0,0.0006056028668932215
1,1,0.9974407166998578
0,0,0.00023749119969377353
0,0,0.0003010678442536444
1,1,0.9999129294283846
0,0,0.2463740818287056
0,0,0.00032911701012088436
0,0,0.00038044989296562727
0,0,0.009321822457745774
0,0,7.1645363174739125e-06
0,0,0.1581617854232587
0,0,0.00017047500133467438
0,0,0.00031651684740681744
0,0,0.0004784341941850929
0,0,0.03998928276145962
0,0,0.0007720829552976378
1,1,0.9983683328051379
0,0,7.021912217421654e-06
0,0,6.110072822555625e-05
0,0,0.0005693794732958651
0,0,7.120629940670824e-05
0,0,0.019573885658523908
0,0,1.654451353811142e-05
0,0,0.00044400526530240806
0,0,0.001260689506424091
0,0,0.0004313687633711553
0,0,0.00018386049362470238
0,0,0.0007925196440748679
0,0,3.2288286099553546e-05
0,0,0.0003067266015415073
0,0,0.00044308386511953513
0,0,0.012930858839651237
0,0,2.810575405794987e-05
0,0,0.010205535192266276
0,0,0.0019476656009670987
1,0,0.4532263898974897
0,0,0.00021201649049930587
0,0,0.2543650474437483
0,0,0.05235857973573361
0,0,0.00015265407008535373
0,0,0.0002581743183744278
0,0,0.07689348848871704
0,0,0.11755601245229258
0,0,0.00012347110487447894
0,0,3.718394521465864e-05
0,0,0.009126856716600698
0,0,0.1950866830256992
0,0,0.00010813637895026527
0,0,0.021116660135053103
0,0,0.018551800302582702
0,0,0.00038585383189472327
0,0,0.00037541164326698593
0,0,0.07652247898634269
0,0,0.0008075229306362189
0,0,0.0004259629080049861
0,0,0.15063807426998121
0,0,0.0004154101810758497
0,0,0.0841292230795489
0,0,0.0005226041428881294
0,0,0.0044936278711247245
1,1,0.9975742833474543
0,0,0.000324556056904378
0,0,0.00207072626266128
0,0,4.456097049877409e-05
0,0,7.916442224943393e-05
0,0,0.005245865475522687
0,0,0.00033726782689955234
0,0,0.00027494935817738795
0,0,0.18287695725265868
0,0,0.0006343759188066275
0,0,0.0005805159088272799
0,0,0.004804246924776381
0,0,4.5311347130060686e-05
0,0,0.0005022750966378499
0,0,0.25585215413087764
0,0,8.958452408833096e-05
0,0,0.04984666674828406
0,0,1.2085957149776453e-05
0,0,9.667051243422364e-05
0,0,0.30679352727617215
0,0,0.0002568495031731061
0,0,0.008817344709922542
0,0,0.00019818120811437512
0,0,1.2398889372866035e-05
0,0,2.374641594538409e-05
0,0,0.0010514073598602595
0,0,1.6023870733196604e-05
0,0,7.119114643495668e-06
0,0,0.003930576652494304
0,0,0.1999837571578697
0,0,0.0005433801079688435
0,0,0.30730090040229957
0,0,0.06250331329964215
0,0,1.786556546268335e-05
0,0,0.08718614039189852
0,0,0.00023142394073320092
1,1,0.9960743405138434
1,1,0.9973170331794277
0,0,0.013039440377295415
0,0,0.0003593718243280444
0,0,0.050197731668154985
0,0,1.2651765091460336e-05
0,0,0.0004343736780332655
0,0,0.03250056791013434
0,0,3.954884535252278e-06
0,0,0.010504380243832294
0,0,7.119114643495668e-06
0,0,6.174797355817112e-05
1,1,0.9954001485429715
0,0,0.000289672696110129
0,0,0.1567590890836321
0,0,0.0006474314381136285
0,0,0.00011062646649630077
1,1,0.9985190679716225
0,0,0.05568885499411074
0,0,0.0020468415563890015
0,0,0.0005161543659201594
0,0,0.04639883197213098
0,0,0.0008952407658491073
0,0,0.00034856519523129864
0,0,0.00043756856175266017
0,0,0.00033213909751540207
0,0,0.23123826033554265
0,0,0.03824091886541051
0,0,0.00020280501916936634
0,0,0.009004222222567844
0,0,0.10859163079680129
1,1,0.9979173101604595
0,0,0.3295343477149739
0,0,0.0854290654876412
0,0,0.00034192141328122903
0,0,0.00680810928987538
0,0,7.285993857991596e-05
0,0,0.0005186069347889341
0,0,0.0010230600548191136
0,0,0.0003230216595303669
0,0,2.2835270416956606e-05
0,0,1.5570705426472934e-05
0,0,2.1002189088840373e-05
0,0,6.48567265222112e-05
1,1,0.9965473106433155
0,0,0.07944602345064196
0,0,9.17770439974886e-05
0,0,0.00022954834108385112
0,0,0.001457691027978781
0,0,0.00031079132243513365
0,0,0.000781671347473707
0,0,9.03889025307674e-06
0,0,0.029195948924920175
0,0,0.0009251662865234256
0,0,6.427488634337107e-05
0,0,0.0004259442225190056
0,0,4.5902953842748386e-05
0,0,0.00023620233725333396
0,0,0.00033862531831213165
1,1,0.9972757961518832
0,1,0.504767055967601
1,1,0.9998391995500675
0,0,0.00011333393015517808
0,0,3.746383750080679e-05
0,0,9.195305948462263e-06
0,0,0.00011470257534068414
0,0,5.727227040470506e-06
0,0,0.00944639217902799
0,0,0.022971559107010518
0,0,0.001450790638183637
0,0,0.008685389179145513
0,0,0.00031822204735632953
0,0,4.380109685109343e-05
0,0,0.2619203375316569
0,0,0.05355542081717106
0,0,6.543388218248964e-05
0,0,0.00011480390307555386
0,0,0.0002597735898346006
0,0,7.856851994945248e-05
0,0,0.00015347479721456676
1,1,0.9978501405519511
0,0,0.08340458361793049
0,0,0.00117735835013451
0,0,0.010356165941020424
1,1,0.9958772555350012
0,0,0.017560461065608636
0,0,3.7746731170041566e-05
1,1,0.9992224938139856
0,0,0.0006905779097780922
0,0,0.045161400336888806
0,0,0.10272981234636552
0,0,0.006955377420861545
0,0,0.000461455104196885
0,0,0.0003966667209930541
0,0,0.0004894194088477527
0,0,0.0019202273484364117
0,0,0.04895781981305701
0,0,0.0006056733115638269
0,0,1.1104995887791911e-05
0,0,0.0037020597644239193
0,0,0.0827645211108076
0,0,0.00010917893270423083
0,0,0.02871983644796995
0,0,0.00020323484031390432
0,0,0.00012606782184254036
0,0,0.0003966667209930541
1,1,0.9988731382027112
0,0,0.0037688839300679846
0,0,4.706140671067094e-05
0,1,0.9810274980482936
0,0,4.297232899527956e-05
1,0,0.1255445213936388
0,0,8.80384105279721e-06
0,0,3.8739776194704264e-05
0,0,0.1464469082161418
0,0,3.8209688854525396e-05
0,0,5.3297794802824035e-05
0,0,0.00047740305298460563
0,0,0.00023565061100817958
0,0,0.00023370804960520038
0,0,0.0319994328918568
1,1,0.9967969075522867
0,0,0.00025105176780167344
0,0,0.010650841895709489
0,0,0.04531792383951183
0,0,0.00024437059995327005
1,0,0.05585116427395953
0,0,0.22365735533924186
0,0,0.0007147255637707767
0,0,0.00012413990595760247
0,0,0.04494756079470978
0,0,0.0004322170760060382
0,0,0.000355707679531332
0,0,2.0787231227055304e-05
0,0,0.00042760704833424675
0,0,0.0216754642821624
0,0,5.3552103609445484e-05
0,0,0.0004225414876489612
0,0,4.1537774052857285e-05
0,0,0.001543599459320152
1,1,0.9999686433774517
1,0,0.18165940073608744
0,0,0.0004467179615112878
0,0,0.10370202308867461
0,0,0.00023600772726679398
0,0,2.3659843958745816e-05
0,0,7.579158722825157e-05
0,0,1.3409735747488431e-05
0,0,0.013237692608171609
0,0,0.04233716333200143
0,0,4.222164655008848e-05
0,0,0.04098249682091233
0,0,0.0005245815892084691
0,0,0.023280331666992414
0,0,0.03617344161502627
0,0,0.03908956074452748
0,0,4.916344878458054e-05
0,0,5.2458694360135034e-05
0,0,0.0001820649739332021
0,0,0.0004827427821145132
1,1,0.9973998447497755
0,0,0.00019324556868718085
0,0,0.004602110089222698
0,0,0.20986907524915072
0,0,0.00034414643685074355
0,0,0.056842032108928735
0,0,0.043073012806928906
0,0,0.11392451622425301
0,0,0.21503114326437875
0,0,0.0002998273195117564
0,0,0.06703837639493176
0,0,0.00023889980378103055
0,0,0.0002715332677666287
0,0,0.0005402406213710331
0,0,3.658117268677067e-05
0,0,0.2177437543232339
0,0,2.4847275403558738e-05
0,0,2.3633326183878544e-05
0,0,0.060939247910779
0,0,0.07853375851741484
0,0,0.00027040934287417506
0,0,5.4031917200686296e-05
0,0,0.00020376177623764586
0,0,1.6726929826404697e-05
0,0,3.0147039253171227e-05
0,0,0.0005393712008394412
0,0,0.001234298684528565
0,0,0.027010031984582066
0,0,0.0008013910996659665
0,0,3.147340433208707e-05
0,0,0.2543650474437483
0,0,0.0113171867492531
0,0,3.7031425605292943e-05
0,0,0.38499994412611765
0,0,0.0006072186697310264
0,0,0.0001032098998822895
0,0,7.565721643812233e-05
0,0,0.005491513414243445
0,0,0.00020597997287575634
0,0,0.0007132803634765178
0,0,6.685222947842985e-06
0,0,0.008953381113743716
0,0,0.0005603337507227951
0,0,0.00013356830732733782
0,0,0.0006112622136982155
0,0,1.966839584748528e-05
0,0,0.00046376133500795967
0,0,0.0004538843809596733
0,0,2.6552667378443154e-05
0,0,0.30024053857044236
0,0,0.0010175097795878873
0,0,6.837704738207727e-06
0,0,0.011409953762097183
0,0,0.011749402881056248
0,0,0.000595785547710207
0,0,0.00024833398235637094
0,0,0.07873501493652495
0,0,0.0005089674837535261
0,0,0.0002607279110696236
0,0,3.028587703821725e-05
0,0,0.0004179503810817087
0,0,0.00041602801289087487
0,0,0.00012070943971099582
0,0,0.00036961358834068463
0,0,0.003864404410916765
1,1,0.9988130971148582
0,0,0.0006287849755677681
0,0,0.00034718158510872396
0,0,0.062266026713327524
0,0,0.002974239470185175
0,0,0.00024113122084998316
0,0,0.00033448767209888925
1,1,0.999332915149159
0,0,8.309632856580577e-05
0,0,2.8737917814441208e-05
0,0,0.0002949881818740514
0,0,0.00034693401563880706
0,0,0.000536443642699196
0,0,0.0002133410001165128
0,0,0.07725745384746217
1,0,0.31216285837574453
0,0,0.0010322300003368318
0,0,0.004152212596634605
0,0,0.016269572707375203
1,1,0.9995728328578378
0,0,0.07020294416802542
0,0,2.3063530834161257e-05
0,0,0.0006968534916155154
0,0,0.00011080219879193827
0,0,0.00030295641436871437
0,0,0.011911646684303348
0,0,0.0004479027608781431
0,0,5.226075209625588e-05
0,0,0.004354101791684567
0,0,0.0003370227322802384
0,0,0.007637188224331934
0,0,0.1489685175339201
0,0,6.943677101123318e-06
0,0,0.00040614219672480205
0,0,0.00033313926952584526
1,1,0.9987276293342988
0,0,4.0380490128764997e-05
0,0,0.00026211594117741876
0,0,0.00915691091824914
0,0,0.116306754867471
0,0,0.00026704021320526043
0,0,0.019306533119890074
0,0,9.634709806788803e-06
0,0,8.399676831225698e-06
0,0,0.00014218002599600857
1,1,0.9994410587464172
1,1,0.9951534427295521
0,0,0.00016009754874082388
0,0,3.8316614007038203e-05
1,1,0.9999184776236244
0,0,0.0006933201334218983
0,0,0.0005494758294018734
1,1,0.9996577527246993
0,0,1.9521273668339555e-06
0,0,0.00018740153993353545
0,0,0.0643390244596974
0,0,0.0001469636865987062
0,0,0.00037609872561930043
0,0,0.0003485235234945442
0,0,4.815225427819124e-05
0,0,3.644562321170744e-05
0,0,3.7683607236715185e-06
0,0,0.0004602803829276123
0,0,0.0001307689832342079
0,0,0.0002454547212320671
0,0,0.0003341771406386982
0,0,0.000447822758824178
0,0,0.00031166000682232835
0,0,7.396259419151845e-05
0,0,0.0100489671698635
0,0,0.00047483618280835495
0,0,0.00022587871851528207
0,0,0.1328198251891415
0,0,0.002868837768061261
0,0,0.0005367291852100779
0,0,0.0004953287678430565
0,0,0.00017884116393044206
0,0,0.041530962784008085
0,0,0.0006280624143102054
0,0,0.00010264620341013997
0,0,0.0331710874420776
1,1,0.9997473877156426
1,0,0.19720353817215744
0,0,0.0753394691967639
1,1,0.9987516027967137
0,0,0.006570131118167616
0,0,0.0003023083256976207
0,0,0.05537475924190083
0,0,0.0002441852831944266
0,0,0.0006319916710526445
0,0,0.00015562252286774526
0,0,0.00040817335501535767
0,0,0.00010026176665810132
1,1,0.99992419916155
0,0,0.00022228677702038427
0,0,0.00041912177513818037
0,0,0.06646261993068639
0,0,0.00042761906371108525
0,0,0.0005077327533711482
0,0,0.000310865102229624
1,1,0.999133860431278
0,0,0.00041047491250062755
0,0,1.4680718099123098e-05
1,1,0.9999837957800947
0,0,9.857201737378373e-05
0,0,0.15179732612007651
0,0,4.09860769540212e-05
0,0,0.4523337015705465
0,0,0.03203610338694665
0,0,0.006085080422838925
0,0,0.01829505774362259
0,0,4.754370335743359e-05
0,0,0.0035611224948791475
0,0,6.588896609091493e-05
0,0,4.903072580485401e-05
0,0,0.07643519268212705
0,0,0.0001738165232066077
0,0,0.0007102832925805361
0,0,0.0001081075289608171
0,0,0.021400192835582216
0,0,0.044806363709272344
1,1,0.998050646434521
0,0,0.07157737057028057
1,1,0.9990909179665841
0,0,5.667007612450501e-05
0,0,0.14156241033923445
0,0,0.0012483914768974663
0,0,1.314231063629204e-05
0,0,0.0007150359347168194
1,0,0.2779694293694366
0,0,0.22016261680793725
0,1,0.6215331216435552
0,0,0.11194639496136329
0,0,0.0013594805567058268
0,0,0.10430637453960957
0,0,0.02952013079754853
0,0,7.916442224943393e-05
0,0,0.05285365786188663
0,0,0.00038750184192646393
1,1,0.9999647698919563
0,0,0.0005300655375278318
0,0,0.0004776461661835132
0,0,8.303683297320918e-05
1,1,0.9965665834696599
0,0,1.7477907422127604e-05
0,0,5.491916643173733e-05
0,0,0.013529342392255282
0,0,0.0006127345959325429
0,0,0.00581965446819319
0,0,3.668423475707602e-05
0,0,0.10705640872318313
0,0,0.02558895461595555
0,0,0.03190131455822576
0,0,7.519563492387633e-05
0,0,4.0452908514390636e-05
0,0,0.04483405100999428
0,0,0.03448973348716896
0,0,0.17006546211841184
0,0,0.00025573296970837165
0,0,0.0006464340855010902
0,0,0.003984171856248371
1,1,0.9965518559439526
0,0,0.009528153622445013
0,0,0.23408739146340274
0,0,0.0006228014241187824
1,1,0.9996270602338397
0,0,0.03653670000435341
0,0,0.00029204185475764183
0,0,0.00013931365677218285
0,0,0.00016885214186422869
0,0,0.1362018498968742
0,0,0.01028634982977303
0,0,0.01639871966168181
0,0,0.0002921118646948999
0,0,0.0005714230023538895
0,0,0.00025093031849656404
0,0,0.0046237740819633335
0,0,0.001806193132160658
0,0,5.4801347111315554e-05
0,0,0.0016323311281991972
0,0,0.2807612912653059
0,0,0.0002976294142184143
0,0,0.003359228364286521
0,0,3.667071010395952e-06
0,0,3.3101053317746235e-05
0,0,1.8041982963911048e-05
0,0,0.0009124070845591582
0,0,4.0808509710088095e-06
0,0,0.0002745725301335619
0,0,0.013489593838544107
0,0,0.001051216093351142
0,0,3.224984375256045e-05
0,0,1.720329920486457e-05
0,0,0.0009664639369910798
0,0,0.00026077898369830904
0,0,0.004722032220272088
0,0,0.0024118051374167186
0,0,0.0002624280898163011
1,1,0.9999840284884005
0,0,0.22196849546412034
0,0,0.036778592186644726
0,0,0.02410998176889184
0,0,3.317806985025933e-05
0,0,1.5014612663807869e-05
0,0,6.0245517427865396e-05
0,0,0.0003147350645185126
0,0,0.0009322162197958333
0,0,0.13782818196936727
0,0,0.06254406607540564
0,0,0.0018442415879692017
1,1,0.999314773604732
0,0,0.00014726884974313253
0,0,0.004355679526984109
0,0,0.08499303861082544
0,0,0.00016610609319378723
0,0,0.15885739735687973
0,0,3.718427929176439e-05
0,0,6.635516500017463e-05
0,0,5.968904060873665e-06
0,0,0.0001190507722772937
0,0,0.000542007672206871
0,0,0.00024243729546093862
0,0,0.07344332161572287
0,0,0.00020734804522791448
0,0,0.0536352810320799
0,0,0.029037818574191628
0,0,0.008320760075632276
0,0,3.728527502965557e-05
0,0,0.38592049356986335
0,0,0.028110465561320994
0,0,0.0039402309094106434
0,0,5.3062919638174126e-05
0,0,0.010209534124077966
0,0,0.00036733646325493475
0,0,0.0003875448251883713
0,0,0.0003279575149278805
0,0,0.0003816347413947297
0,0,0.02389267398052138
0,0,0.10901328965725587
0,0,0.00011683184433209067
0,0,0.00040467913837302286
0,0,2.9525128737978617e-05
0,0,0.00023014447453912688
0,0,0.04571981354083929
0,0,0.017052998750866882
0,0,0.00026328006042315694
0,0,4.469469985818001e-05
1,1,0.9984030632452774
0,0,0.0009237835170065869
0,0,0.040032622637262726
0,0,0.0033344920104177765
0,0,0.0005677015923628168
0,0,0.0004757041111007338
0,0,0.0001554369818391352
0,0,0.2760734316058321
0,0,0.0001615170297938167
0,0,0.10393574758803739
0,0,0.03044379092268462
0,0,0.0006456931982604955
0,0,0.0001189905150170465
0,0,7.423399256543137e-05
0,0,0.00022129711546852379
0,0,0.08887476222268068
0,0,8.104756995781628e-05
0,0,9.140165985398443e-06
0,0,0.00021212085447126647
0,0,0.00037305557027973556
0,0,0.05225033630841249
0,0,0.20994805460508922
0,0,0.000494819059841036
1,1,0.9987683103544707
1,1,0.9995302685724154
0,0,0.0008321157153439536
0,0,0.29238694508613905
0,0,1.2253707346579799e-05
0,0,0.0005493238563032007
0,0,0.009417215639615532
0,0,6.882426621266367e-06
0,0,3.2324284053431856e-05
0,0,0.00013822701275693634
0,0,2.1384440144584788e-05
1,0,0.2139699192926869
0,0,0.0029571947400485565
1,0,0.16549687804449126
0,0,3.247885518343963e-05
0,0,0.0035536676791403676
0,0,0.00023551790376175863
0,0,3.4535455268382076e-05
0,0,3.5166324943714977e-05
0,0,0.00030873485281293894
0,0,0.015213403363280267
0,0,0.34301850804114564
0,0,7.338617814268767e-05
0,0,6.397145346387793e-05
0,0,3.096222801706328e-05
0,0,0.00570438067722154
0,0,3.8587035653516904e-05
0,0,0.0020863239551175594
0,0,0.00011219941038266129
0,0,2.138407843533757e-05
0,0,0.0294166486513278
0,0,0.0017521314144259485
0,0,5.612822201923121e-05
0,0,0.00019180011215853599
0,0,0.000368202052270025
0,0,0.0009349771438679141
0,0,8.964860498204358e-06
0,0,0.0689271640233589
0,0,6.685222947842985e-06
0,0,8.840675073877848e-05
0,0,0.000408781558520012
1,1,0.9999647075778996
0,0,8.820243635577205e-05
0,0,0.05923438553125111
0,0,2.2400830194025256e-05
0,0,2.5578054861657072e-05
0,0,0.0019483008752462713
0,0,0.0001327550597792449
0,0,0.0005381454873114194
0,0,0.02907465609437739
0,0,0.19906292675013953
0,0,0.15728318505860495
0,0,0.00015899733500478457
0,0,7.685854945901114e-06
0,0,0.2923572806125709
0,0,0.00021862837277138386
0,0,3.668423475707602e-05
0,0,5.679431643064242e-05
0,0,0.013422039958875925
0,0,0.007156435012659139
0,0,3.0472842390180332e-05
0,0,0.010942353381490284
0,0,0.0004238060726461925
0,0,0.02154143823483429
0,0,0.0001482535073215697
0,0,0.00020805439734043133
0,0,1.0818414926133629e-05
0,0,0.00010492695281103902
1,0,0.0014461183505926328
0,0,0.0037812357375880423
0,0,0.00022802167157924536
0,0,0.0003031539445172293
0,0,0.000490375202875967
0,0,0.037916596431059386
0,0,0.0025319188609098935
0,0,8.086441438987672e-05
0,0,0.0007643394070026695
1,0,0.024956650229305887
0,0,0.0055906979327291296
0,0,0.001642057163910547
0,0,0.00029238564497678963
0,0,0.0008144620231789616
0,0,0.00033018251003633694
0,0,0.002265371526625285
1,0,0.21578595272624015
0,0,0.0211338844028395
1,1,0.9999895666881189
0,0,4.221159130640846e-05
0,0,0.0002588141364697934
0,0,0.00023834648698013703
0,0,0.0008563857126002932
0,0,0.11343078876396247
0,0,0.00022651530589443548
0,0,0.00017936391580608546
0,0,0.00012852961615520778
0,0,0.039001143131870857
0,0,0.0004990890200298286
0,0,0.00015903001927464563
0,0,0.21295752394183487
0,0,0.058091430086155214
0,0,4.861606451209337e-05
0,0,0.0029139293191058715
0,0,0.0007038976438200722
0,0,6.241629959067605e-05
0,0,0.013733741090347864
0,0,0.011927976025319248
0,0,0.0003933857955628092
0,0,0.014396691192897212
0,0,0.3643473621447265
0,0,0.00013729912844022307
0,0,0.0006260742441839202
1,0,0.24167767364044163
0,0,0.007845668898473046
0,0,4.716669624387403e-05
0,0,0.00023358998653214843
0,0,2.9271631091767374e-05
0,0,7.850931025779609e-05
0,0,0.1621448328475863
0,0,0.001026014092585431
0,0,0.00048759518377691226
0,0,0.2668869222943583
0,0,0.00013476790543765204
1,0,0.06710702230036773
0,0,0.0007223180931480213
0,0,2.3385838649101174e-05
1,1,0.9999810766205302
0,0,6.258310416258288e-05
0,0,0.0037197311755501313
0,0,0.00044547643903004153
0,0,0.000870862330497196
0,0,0.004299429486552656
0,0,0.034408904253024085
0,0,0.0005612488138645252
0,0,4.273609666959787e-05
0,0,0.005019635275924001
0,0,0.01120871468136524
1,0,0.03148901369445788
0,0,0.3516031924710492
0,0,0.000287467655975777
0,0,0.15958538426993188
0,0,0.0004213963500517826
0,0,0.00011122696732870524
0,0,0.03988275439258852
0,0,0.0006805917630223749
0,0,0.00018484953869144153
0,0,0.09438280302013145
0,0,8.106687558885278e-05
0,0,1.0593242364084922e-05
0,0,0.00011639013252296213
0,0,6.0779299409235695e-05
1,1,0.9999627195033657
0,0,0.004325564536436598
0,0,1.2338627058784638e-05
0,0,0.0002543773871771191
0,0,0.07688005413131252
0,0,0.22057498045992044
0,0,0.00025762237826287
0,0,0.0058080707184736315
0,0,0.0359787113948216
0,0,0.006141600322564014
1,1,0.9993002572075805
0,0,2.434555443972792e-05
0,0,0.09286260064808725
1,1,0.9967826114745083
0,0,0.00020396046578918556
0,0,2.8467172500326716e-05
0,0,0.00035266148267850447
0,0,0.00035529379025177457
0,0,0.000256591183480858
0,0,0.0017421985939704637
0,0,0.00018873803069775283
1,1,0.999984142598379
0,0,0.000124565284607917
0,0,0.149431677743282
0,0,0.00023482884720911907
0,0,0.15885302292195205
0,0,0.00038674148902039765
0,0,2.0378547798433305e-06
0,0,0.12930713443881575
1,1,0.9979229329872054
0,0,0.006155610358985809
0,0,0.006222909878356661
0,0,2.4967781806397932e-06
0,0,0.034225567424771064
0,0,0.00011323803381459673
0,0,0.06420348804366804
0,0,0.0003879391402409738
0,0,0.0006121009294644037
0,0,0.0003674529898775687
0,0,0.0002443607685936807
0,0,0.00020129353160647768
0,0,0.005928271441932554
0,0,0.018200122475283177
0,0,0.00016921111962208142
0,0,0.28000322183665843
0,0,0.002397909074181279
0,0,0.00045654719761659504
0,0,1.1996547130399373e-05
0,0,0.038351639404480324
0,0,0.0002967148660601032
0,0,0.1613282023991899
0,0,8.572577125598346e-06
0,0,0.000614711349460444
1,1,0.99849097584436
0,0,7.115312486714228e-06
0,0,0.00021216453168018863
0,0,4.336771456599093e-05
1,1,0.9999759699193224
0,0,0.000500199751080573
0,0,8.27722428065958e-05
0,0,0.00022037534387317335
0,0,2.3801490135864727e-05
0,0,0.0002375715091936194
0,0,0.000406096126065353
0,0,1.762663950677322e-05
0,0,0.06686240135935086
0,0,6.4646022459213155e-06
0,0,0.07952690333841389
0,0,0.00017683224559221906
0,0,0.007630172902906016
0,0,3.716273224949638e-05
0,1,0.7549721765222455
0,0,0.10193824305029564
0,0,0.00017832195981130775
0,0,5.4249376658049363e-05
0,0,2.919367933171935e-05
0,0,0.2156044730529011
0,0,7.0535601353329725e-06
0,0,5.072032358672382e-05
1,1,0.9988078119510254
0,0,0.0005446415957377793
0,0,0.00018343522289759797
0,0,8.08134375505996e-05
0,0,0.0009140845467567779
0,0,0.0001363599701024429
0,0,0.00035529379025177457
0,0,0.0009179771818153521
0,0,1.7995632476445318e-05
0,0,0.1184542991543785
0,0,0.000401149712375651
0,0,5.988862549529265e-05
0,0,0.00017658216257071012
0,0,1.3307696547063012e-05
0,0,0.000736001692163786
0,0,0.00015262469295024527
0,0,0.002792275040824499
1,1,0.9997053919746195
0,0,0.00019234218576903914
0,0,0.00017939278147605968
0,0,0.031981211356712655
0,0,0.0143113481181473
1,1,0.999956089604001
0,0,0.0006509636472562786
0,0,0.06127855936650975
0,0,7.767310934876064e-05
0,0,0.04814986388839931
0,0,0.022483718234469915
0,0,1.8388200430812288e-05
0,0,0.001156092290854408
0,0,7.72980125538034e-05
0,0,0.1187754239406725
0,0,9.369681986126886e-05
0,0,0.00015717162647436135
0,0,0.11881430803781845
0,0,2.1551052374873245e-05
0,0,6.335345266464425e-05
0,0,1.0483855504700245e-05
0,0,0.00023747771712165296
0,0,0.00035944489687807967
1,0,0.20991822360642273
0,0,0.014957928422160125
0,0,0.06360609092798303
0,0,0.3262514090628212
0,0,0.003971017238644722
0,0,0.002522538464220263
0,0,1.8522615990675477e-05
0,0,0.0002152342138504425
0,0,0.0011267085163888053
0,0,0.01389123622378492
0,0,0.00018873803069775283
1,1,0.9978222608767975
1,1,0.9994830616167506
0,0,2.56209978097641e-05
0,0,0.00042659562914964665
0,0,0.0005048947601006625
0,0,0.00022761872969038138
0,0,0.0009759296036652713
0,0,9.828707301944008e-05
0,0,0.0001489643919601992
0,0,0.00040573827533801817
0,0,1.8424908765851733e-05
0,0,1.0341736161120406e-05
0,0,0.00026961750177064895
0,1,0.6050292699462853
0,0,0.14047832024009563
0,0,0.007074355033049385
0,0,0.0004828733038640259
0,0,0.0002428502981543899
0,0,0.0002855577401370151
0,0,0.012487143777919537
0,0,0.0001762705453557197
0,0,2.045517198184408e-05
0,0,7.508538562168339e-06
0,0,0.0003437377846100872
0,0,0.0007717616073195249
0,0,0.00634352989377799
0,0,0.004346084886334191
0,0,0.08225143008403729
0,0,0.06014891149357477
0,0,0.02405107634694313
0,0,0.0001740277723671319
0,0,0.00021244116102335183
0,0,0.000457066290632868
0,0,0.2408729769873179
0,0,0.00018901300459028467
0,0,0.012458977732032896
0,0,0.001605951895824595
0,0,0.0001147168440946935
0,0,1.3650246980893266e-05
0,0,1.761063647345435e-05
0,0,0.0038807078196467456
0,0,9.191305484891905e-05
0,0,0.10707520118545055
0,0,0.0005579546380307383
0,0,0.06379557036271015
0,0,0.0006998869809520319
0,0,6.726755273824946e-05
0,0,0.000346796220922129
1,1,0.9999420065393044
0,0,0.0031741827233300636
0,0,0.0020096683459451844
0,0,0.008229373763176772
0,0,0.0004014528810140009
0,0,0.13252211314096476
0,0,0.00888621463918964
0,0,5.850749825477752e-05
0,0,0.31665581337070625
0,0,0.00040971450406193346
0,0,0.0006324328036365836
0,0,0.01107493917683322
0,0,0.0010222772751720148
0,0,0.0001545805939329319
0,0,0.1644349445769508
0,0,0.0001555492486597035
0,0,0.00011954120115246017
0,0,7.232724538376729e-05
0,0,2.4877312417291658e-05
0,0,7.992147502815875e-05
0,0,0.00043191189833248966
0,0,6.604844297679492e-05
0,0,0.03043343604902564
0,0,0.042190740045950394
0,0,0.0005223970024952435
1,1,0.9993050602446957
0,0,0.0006261562499917971
0,0,0.021571731441184353
0,0,2.89414694498684e-05
0,0,0.0030967444370917216
0,0,0.0009224472025985596
0,0,0.00023616856713571998
0,0,3.505546974820246e-05
0,0,0.0005745906621065615
1,0,0.09049065232789542
0,0,3.0244573401877216e-05
0,0,0.000175200016218482
0,0,0.00022547226163098866
0,0,5.562006489202398e-05
0,0,3.230363808678669e-05
0,0,0.0004411519835644931
0,0,4.065341897548916e-05
0,0,0.00012707069632880038
0,0,0.0007009317726901299
0,0,0.03714554481015886
0,0,0.007819579679545371
0,0,0.00010567574233867936
0,0,0.0013695356601963584
0,0,0.013039482409211788
0,0,0.0018419822698963844
0,0,0.001244502917578421
0,0,0.473407538148178
0,0,2.3434001177354024e-05
0,0,0.18082145791275053
0,0,0.021788772422007423
0,0,0.00011059972917925112
0,0,0.09183868739470237
0,0,2.254837461723565e-06
0,0,0.030893024272829393
0,0,0.004797977186444819
0,0,0.0056923911344724624
0,0,0.005018570506646051
0,0,0.0004503595850453326
0,0,2.0827411895192063e-05
1,1,0.9982181543024797
0,0,1.8885442147917166e-05
0,0,0.0002505171970097664
0,0,0.00040454353710840484
0,0,0.00015415742979790235
0,0,0.19648173539759337
1,1,0.9999514861684738
1,1,0.9975623747428298
0,0,0.0002552044136974382
0,0,9.662434233742917e-05
0,0,0.0008442228464066731
0,0,6.7977233215202285e-06
0,0,0.00033813742253615935
0,0,0.0002820091843547435
0,0,0.00039406244795842565
0,0,0.014464447715981132
0,0,0.09041133923543287
1,1,0.9910040070346894
0,0,0.0004311933020679131
0,0,5.679431643064242e-05
0,0,0.0009356121186406636
0,0,2.481723832092177e-05
0,0,0.07684437018941959
0,0,8.0937034865765e-06
1,0,0.05222913605768336
0,0,6.397145346387793e-05
0,0,4.431838212881129e-05
1,1,0.9987296408307675
0,0,0.017305340204904717
0,0,0.026938916986239455
0,0,0.024732657618892796
0,0,0.019140171243183197
0,0,5.340453092975835e-05
0,0,0.0002588552971097693
0,0,0.031788945325217324
0,0,0.000360934168542038
1,1,0.9966513253586881
0,0,0.020020780325136114
0,0,1.1104995887791911e-05
0,0,3.684965552912587e-05
0,0,0.0001490112767546023
0,0,9.715280955423575e-05
0,0,3.589594332461968e-05
0,0,0.00026267637908323056
0,0,2.1345412721210095e-06
0,0,0.00879516764108565
0,0,0.0002235498603379195
0,0,0.08171980002207607
0,0,0.00022094072974583953
0,0,0.0005402044429958916
1,1,0.9999554282593014
0,0,0.00012167332980706073
0,0,0.011916919179214018
0,0,0.004433205320527346
1,1,0.9994790843759216
0,0,0.12253081637842868
0,0,0.0002804017475303223
0,0,0.0003029950556936704
0,0,1.9787198528393393e-05
0,0,1.0674022545403317e-05
0,0,0.0005805497091492829
0,0,0.00038730744999764156
0,0,0.3295343477149739
0,0,1.4797388971179147e-05
0,0,0.21317956518246806
0,0,4.039389028512557e-05
0,0,0.0011751547760095022
0,0,0.1172048343965042
0,0,9.619708924566215e-06
0,0,0.00019986698288768383
0,0,0.007945143779771662
0,0,3.9105754204020044e-05
1,0,0.33114265226024003
0,0,0.0025643391886499118
0,0,0.05330107025958117
0,0,1.7659890893692607e-05
0,0,3.57455855428429e-05
0,0,0.013725474688226718
0,0,0.1660876313836648
0,0,1.216046937954508e-05
0,0,0.00027339330295640397
0,0,0.11862158350953184
0,0,0.002536048662072575
0,0,0.00026628593572660607
0,0,0.00027726788558844214
0,0,0.010669714338011801
0,0,0.001749980079707414
0,0,0.20886794119940816
0,0,0.009846599915229964
0,0,0.000857367801866496
0,0,0.0004550067216730928
0,0,0.005734444282134317
0,0,3.0737291566013575e-05
0,0,0.0003252559361562168
0,0,0.00048672481160554504
1,1,0.609446276870801
0,0,0.0036506269733217966
0,0,0.05333442616994551
0,0,1.1213767738483965e-05
0,0,3.218554646374504e-05
1,1,0.997944587330866
0,0,0.01277682637709002
0,0,0.00014710789703020787
0,0,0.0003707844970386677
1,0,0.013159002834347514
1,1,0.9997669199785497
0,0,0.0761246689647224
0,0,0.012591243748323206
0,0,0.0020818943787611994
0,0,0.0013541028323339737
0,0,1.5367303899397462e-05
0,0,0.04989960131242557
0,0,0.019852024282367202
0,0,5.759593374250922e-05
0,0,6.837704738207727e-06
0,0,4.327212526085515e-06
0,0,0.0003891302036810069
0,0,0.07142956185294518
0,0,0.00016271057368951692
0,0,0.0005099233940570688
0,0,0.006187006879783756
0,0,6.65933174197644e-05
0,0,3.6284910513365354e-05
0,0,1.913039101980878e-05
0,0,3.3751672541393455e-05
0,0,0.00011393781325476064
0,0,0.00020458251843416208
0,0,4.235941510164767e-05
0,0,0.0009864178148423126
0,0,0.00802923711314967
0,0,3.1420728616360165e-05
0,0,0.008357189098482678
0,0,0.0002176326138112722
0,0,0.00047193573076175
0,0,4.8827030262803045e-05
0,0,0.04487053197162804
0,0,2.2189711993718588e-05
0,0,2.841158773207797e-05
0,0,0.0005636048283938263
0,0,0.17777970630636206
0,0,0.014395371224333224
0,0,0.00024753601721350506
0,0,0.00017455807864711218
0,0,0.00010084321488449824
0,0,0.2029342459441159
0,0,0.007790328444658424
0,0,0.0002910473132436321
0,0,8.631624187865716e-05
0,0,0.00011250603907696371
0,0,0.015285032771264254
0,0,0.003872120055001071
0,0,0.1702638631163448
0,0,0.0004450686395412792
0,0,0.0008577837659302278
0,0,0.00038730744999764156
0,0,0.00034311163788399785
0,0,1.634108678214492e-05
1,1,0.9990016496427766
0,0,4.848185011030563e-05
0,0,0.0006517495280645866
0,0,0.0002960435621074498
0,0,0.00024527149166527547
0,0,0.0001112358939667192
0,0,0.0009808747267273687
1,1,0.9990659896014565
0,0,0.00016756943042251326
0,0,3.254925117189096e-05
0,0,0.3739648502409546
0,0,0.00015759620714301693
0,0,0.0003029852388052268
0,0,0.0159945574043318
0,0,0.006085080422838925
1,1,0.9999619631381303
0,0,0.27030959197849314
0,0,8.512831090628213e-06
0,0,0.004946360760226131
0,0,4.910739658382688e-06
1,0,0.24093439841982534
0,0,0.0024663886584516057
0,0,0.0007675169349024401
0,0,6.541243879875665e-05
0,0,0.008525314455652199
0,0,0.00016382395733348064
0,0,0.0001163440494021385
0,0,0.00028154444873474614
1,0,0.16783159260251013
0,0,0.05430072507096994
0,0,4.90406694360512e-05
0,0,5.727227040470506e-06
0,0,0.03824091886541051
0,0,0.002966475912707796
0,0,0.00018189779274838623
0,0,7.275649807446929e-05
0,0,0.031863726064524825
0,0,0.012854982528909837
0,0,0.004504878971724667
0,0,5.826232875237038e-05
0,0,1.3349449109338569e-05
0,0,4.241501882881036e-05
0,0,0.00018086769223548134
0,0,0.0003315472063882389
0,0,0.13337721784911186
0,0,0.03381724608691757
0,0,5.98655020786302e-05
0,0,0.0001881987972120599
1,0,0.2937749885118039
0,0,0.0007964532754197223
0,0,6.615235663064708e-05
0,0,0.0007303854485673749
0,0,0.000346703810616687
0,0,0.2148698461999124
0,0,0.07525719374526883
0,0,6.643502353795397e-05
0,0,0.020402767647216748
1,1,0.9999544293653266
0,0,0.0005392510715654557
0,0,0.0005486245784440662
0,0,7.136020822668685e-05
0,0,0.0011164459802506413
0,0,1.5687704924896115e-05
0,0,4.9302913833751715e-05
0,0,3.905058712870952e-05
0,0,0.001747050984843202
0,0,0.022294775532899463
0,0,0.006197459191240296
0,0,0.0004249176049205405
0,0,0.00017241321781123094
0,0,0.017895033868138437
0,0,0.009392116372073853
1,1,0.9965776383615085
0,0,2.1200707592436857e-05
0,0,3.076061708363237e-05
0,0,0.04501974877938003
0,0,0.0017756515718173516
0,0,0.05116966155198066
0,0,2.8843977156218284e-05
0,0,0.11156348836761341
0,0,2.9391443177824422e-05
0,0,0.0001716982927106963
0,0,0.0002013488753128869
0,0,0.00032652584850612494
0,0,0.05948119618459064
0,0,7.687276782608953e-05
0,0,4.8572124379536044e-05
0,0,0.021464251571858495
0,0,0.10348493000687223
0,0,0.00022406211852726843
0,0,0.06798033983204561
0,0,7.8225040840603e-05
0,0,0.0006018254594849971
0,0,0.00019668511123858049
0,0,0.03499438290937695
0,0,0.00012694173394927098
0,0,1.7784258734465037e-05
0,0,0.0003691033918613451
0,0,6.65821863500553e-05
0,0,6.110072822555625e-05
0,0,0.00021156183415944416
0,0,0.023120916303160176
0,0,0.14006655972576357
1,0,0.08887709647107897
0,0,9.674725629681366e-05
1,1,0.9981011996483525
0,0,0.16282694717297494
0,0,0.00026114815984220973
1,1,0.9980100211869318
0,0,0.00013781767235346344
0,0,8.332305526302748e-06
0,0,0.0004279568559092823
1,1,0.9999149502384942
0,0,0.00042633444569650363
0,0,0.05520733065697509
0,0,0.00012922520675781563
0,0,0.011690831999119078
0,0,5.7736416951314055e-05
0,0,0.012520708329956958
0,0,0.002085889948016681
0,0,0.12876716773472116
0,0,0.000638489579337475
0,0,6.883211911388681e-06
0,1,0.704397433712567
0,0,0.00020386216405337152
0,0,0.002013248877104786
1,1,0.9999549219086045
0,0,4.869488181163871e-05
0,0,0.014003656937977041
0,0,1.3249782973849645e-05
0,0,0.00028326828861860985
0,0,0.0002983518322341365
0,0,0.0039270270210856086
0,0,0.06599894900249378
0,0,0.00019513207681485644
0,0,0.00018777856365982722
0,0,0.18307896045365663
1,1,0.9986159118170598
0,0,7.607471466098786e-05
0,0,0.0001054238166627453
0,0,0.000534706589285442
0,0,0.05403580617913313
0,0,0.008145308756943774
0,0,0.000342516470477777
0,0,4.1220246005487955e-05
1,0,0.028542536680771162
0,1,0.6325177796197521
0,0,0.005724315421929845
0,0,0.039392395964004366
0,0,5.977556158381696e-06
0,0,0.004132000844789982
0,0,0.0003616545381908038
1,0,0.1555657967353964
0,0,0.0026151348218613328
1,1,0.9985912333408032
0,0,0.0010770540612192521
0,0,0.001539285619064592
0,0,0.00031258961947985825
0,0,0.05731336600920762
0,0,0.018387393188331477
0,0,0.019912520421308637
0,0,0.012776181115275146
0,0,0.00015720023757936934
1,1,0.9964115954261507
0,0,0.0001243297684497236
0,0,0.0001329513609110288
0,0,3.2302703578896746e-05
0,0,0.0013309077047716732
0,0,0.00019017149051007257
0,0,1.266389935840815e-05
0,0,0.00027449390381443166
0,0,0.03385502341741952
0,0,0.0030410550661885334
0,0,0.017651726081631985
0,0,1.1261601889219417e-05
0,0,4.404054923291561e-05
1,1,0.9988796062359883
0,0,0.00010510972076799107
0,0,0.164355406133283
0,0,1.9209247462075444e-05
0,0,0.0001170597612095007
0,0,0.006681648782198596
0,0,0.017791151233961345
1,1,0.9981642648165372
1,0,0.3814052867604689
0,0,0.0001979371617739369
0,0,0.0004146070295402144
0,0,6.89714185886569e-05
0,0,0.0010558552799513406
0,0,0.15074835754865393
0,0,4.857581741535938e-05
0,0,0.01200659985395845
0,0,1.6126846798685827e-05
0,0,0.09508162744542688
0,0,0.00027157464967526716
0,0,0.015136350854158025
1,1,0.5904923453821553
1,0,0.3166396420167395
0,0,0.01751965529990239
0,0,3.3467817307150604e-05
0,0,3.417725981564182e-05
0,1,0.5404292817458726
0,0,0.0003170757495148017
0,0,0.0010092950883827476
0,0,0.00026829279087560204
0,0,0.03466620340688565
0,0,0.11769371608842005
0,0,1.956576156149029e-05
0,0,0.00017641354380084864
0,0,0.000185690962532358
0,0,0.0007463516669334157
0,0,0.0007630466150191456
0,0,0.00042415911255738666
0,0,0.013409417460642246
1,1,0.9981676640692579
0,0,0.013787885511312287
0,0,0.001501613811319646
0,0,0.0007298507176237227
0,0,3.350468159776584e-05
0,0,0.0003202380141718537
0,0,0.008714540019060928
0,0,0.00296064425257903
0,0,0.001414717275995917
0,0,9.82975666871438e-05
0,0,0.08447853099596304
0,0,0.0034581690028109052
0,0,3.99682878808433e-05
1,1,0.9981693012872462
1,1,0.9988351074909404
0,0,0.02434650056573629
0,0,1.793278691244874e-05
0,0,0.10375058501187817
1,1,0.997766340038377
0,0,0.053147535673468485
0,0,0.008978064614851821
0,0,0.016405198372663295
0,0,3.1002999866580745e-05
0,0,0.0005726117711850186
0,0,3.643793994165483e-05
0,0,0.00034091671656295906
0,0,0.00028800019882447214
0,0,6.855765583791878e-05
0,0,0.0004828733038640259
0,0,0.00016112052995516594
0,0,7.395553651721589e-05
0,0,4.455755729951598e-05
1,1,0.9985128763639405
0,0,0.17799157298214238
0,0,2.7323071231629172e-05
1,1,0.9995367188717992
0,0,0.005496725822195865
0,0,7.009798338736894e-06
0,0,1.7911134712115478e-05
0,0,0.00015693737900680294
0,0,0.004656074308568371
0,0,0.0008121476702916564
0,0,0.0011826520867402209
0,0,0.0002874304771162055
0,0,0.0001402680141865547
0,0,0.00010277221574535798
0,0,0.00016164321008850063
0,0,0.00013716315160205037
0,0,0.003170591284903837
0,0,0.047747571106641164
0,0,0.0001422171130782048
0,0,0.002795716238497203
0,0,0.0001878578235497956
0,0,0.00030313572461659205
0,0,0.1061653261422005
0,0,5.4121759597171965e-05
0,0,0.10158867147188749
0,0,7.119114643495668e-06
0,0,5.262204796403496e-06
0,0,0.0010194040818531681
0,0,0.00043138188187684027
0,0,0.00039663600378411556
0,0,0.0013826892054914382
0,0,0.0038249840164816225
0,0,0.008046583302514778
1,1,0.9999665108141566
1,1,0.9992749579606591
0,0,4.051673896690157e-05
0,0,0.05218818979500239
0,0,0.17314913195560225
0,0,0.013328144494578887
0,0,0.0010181911573283655
0,0,0.0004439449187497574
0,0,0.011317051344358923
0,0,3.840246992112471e-05
0,0,0.0003085011646738279
0,0,5.1364245942612973e-05
0,0,4.2829475595748506e-05
0,0,0.0005095108420614832
0,0,0.18032571249471943
0,0,9.295297404159157e-05
0,0,0.0008222215088464277
0,0,3.173528436730037e-05
0,0,0.0002635484096943736
0,0,0.0005799975319213063
0,0,1.5879809429268208e-05
0,0,0.0038105027978635212
0,0,0.00033856238171054066
0,0,0.00033496157841195846
1,1,0.9988805698884274
0,0,8.714057709343851e-06
0,0,0.0003114148369112131
0,0,0.0002113505248824907
0,0,0.0006052271227417397
0,0,1.3718022651158003e-05
0,0,0.0008636827070502598
0,0,0.0004893517434055402
0,0,0.00010634432131642587
0,0,0.14546116048253518
0,0,3.165214337032678e-05
0,0,0.00015457289899559383
0,0,0.00023991350258894138
0,0,1.7186214822953854e-05
0,0,0.010150817950717754
0,0,6.561797574094164e-05
0,0,0.00040893812807456866
0,0,0.009292980413923579
0,0,7.636238028038566e-06
0,0,0.00021555706968556145
0,0,0.00036478186320062795
1,1,0.9995945869625263
0,0,0.00026835318759007524
0,0,0.0002963994759780622
0,0,1.9796495590459026e-05
1,0,0.2763775834688704
0,0,0.06705759442737555
0,0,0.010246542171419295
0,0,0.00046659244500289737
0,0,0.0003581131034865668
0,0,7.075557751720295e-06
0,0,0.0014676512355064637
0,0,1.4543235038206628e-05
0,0,0.0010434577138419348
0,0,0.1522984112361812
0,0,0.005686703438501401
0,0,0.0006080977852854812
1,1,0.9998574777581626
0,0,0.3832081042093054
0,0,4.199975563267358e-05
0,0,1.1888962851162524e-05
0,0,0.00027614891335277366
0,0,5.976841022281454e-05
0,0,0.025747461488601405
0,0,0.001558826302881328
0,0,0.0002944074375187621
1,1,0.9999724925370979
0,0,6.362128465453316e-05
0,0,0.06006913777502993
0,0,3.289210904424788e-05
0,0,5.130679171156348e-05
0,0,0.0006098813521836934
0,0,0.03361421911965862
0,0,8.149218384166018e-05
0,0,0.0005240088591406207
0,0,0.00023022692815747963
0,0,0.00013102253072972284
0,0,0.006074011850325915
0,0,0.00016790855903330018
0,0,0.002233897883778782
0,0,0.2770157836857633
0,0,3.377560498961796e-05
1,1,0.9964410138566427
0,0,9.355466808369914e-06
0,0,0.00020451233641465425
0,0,2.8702440959124755e-05
0,0,7.14334785192251e-05
0,0,0.0002574794184191961
1,1,0.9986439062911003
0,0,0.011086203788304662
0,0,0.009088088365875414
0,0,0.00034143017751728715
1,1,0.9999270686616331
0,0,7.428154773358943e-05
0,0,1.853982999326548e-05
0,0,0.0006449788547253715
0,0,0.0004099761413991439
0,0,0.032284109706705304
0,0,0.1492933161222885
0,0,0.003737236782316704
0,0,0.0004022374972780745
0,0,0.00011374931402210499
0,0,1.0295879543209707e-05
0,0,0.00012157847937405753
0,0,0.0005842430626899642
0,0,0.0014857243085612943
0,0,0.0003312841445658992
0,0,0.18327873414630355
0,0,0.00037457632733486716
0,0,0.0001236403156336489
0,0,2.8130600192439175e-05
0,0,0.0002683914640606374
0,0,0.0010937963466858022
0,0,0.001084292712993605
0,0,0.0003727536186959368
0,0,0.0010194040818531681
0,0,0.0003008793686822549
0,0,0.0003417237970366309
0,0,0.020028464842839745
0,0,0.00012765764069671613
0,0,0.000506783301957562
0,0,0.03028756272844176
0,0,0.00025782091068713326
1,0,0.06428444445531965
0,0,9.712938501128503e-05
0,0,0.00011631421764098736
0,0,0.00019020997555935416
1,1,0.9986795407697215
0,0,0.2276897938989699
0,0,0.0016644024399825258
0,0,0.04283167677986448
0,0,0.00018483679325170251
0,0,0.00028042989907057874
0,0,0.00025983743827090824
0,0,9.759243231478267e-06
0,0,0.03619256256224917
0,0,7.711048886886222e-05
0,0,2.5871539850882933e-05
0,0,0.08063005507578809
0,0,0.000296026344856304
1,1,0.9999623258259243
0,0,0.0002050645744844872
1,1,0.9991570943454261
0,0,0.00017079457570215545
0,0,0.0010536950184630485
0,0,0.00016922269607004206
0,0,0.01467048231823332
0,0,1.2193501112108475e-05
0,0,0.23837081171469945
0,0,5.204102785328626e-05
0,0,0.00017900429862824588
0,0,0.02296395361888383
1,0,0.18733108097269482
0,0,0.0003457241552395589
0,0,0.02477238983323034
0,0,0.000978392509490843
0,0,0.002966281978035714
0,0,0.0001350209178088896
0,0,0.014354866490302478
0,0,0.0001021068926255964
0,0,0.0006521283022621821
0,0,0.00034250278217542275
0,0,0.021387246529166227
0,0,0.0023760261126343214
0,0,0.0003308985492238739
0,0,0.3374836513459502
0,0,0.0003057076571761714
0,0,0.0003334169063519519
0,0,0.00027147345255947806
0,0,0.0003967841052242664
0,0,0.00025309453279560737
0,0,0.0005424627883062954
1,1,0.9987308782716802
0,0,0.000515864774369832
0,0,0.448481053335811
0,0,1.7380366216094037e-05
0,0,0.00026182164562025834
0,0,0.0010065410098222905
0,0,0.008420076952325566
0,0,3.970602395700505e-05
0,0,0.124170296542165
0,0,0.04944207848756472
0,0,0.04701433623757803
0,0,4.361813722281257e-05
0,0,0.032158128418873694
0,0,0.0002635484096943736
0,0,0.18451725445927555
0,0,0.05493187773086464
0,0,0.01530985114073226
0,0,0.0006071428486254844
0,0,0.42837590142582366
0,0,0.022050063775619032
0,0,0.008955629779594132
0,0,0.00014204035023133532
0,0,7.064574390636767e-05
0,0,1.8096970712797752e-05
0,0,1.4019317865705543e-05
0,0,9.119436430063971e-05
0,0,0.00011059972917925112
0,0,0.2636824498075332
0,0,2.093979026461632e-05
0,0,0.37588487301733736
0,0,2.9143681027047017e-05
0,0,0.0842383105644002
0,0,0.03577177358757385
0,0,1.3349449109338569e-05
0,0,0.00030612507283731943
0,0,4.717596580774636e-05
0,0,0.0008253354918339374
1,0,0.14819665425674683
0,0,0.00034373542963455527
0,0,0.00010909021044334088
0,0,0.0003159680089125949
0,0,0.00024105116700030737
0,0,0.16120094977757396
0,0,1.5323492636441334e-05
0,0,0.10211611928905971
0,0,0.0017290881987953402
0,0,0.0203780942336625
0,0,0.00044793339461797683
0,0,0.000576388395475028
0,0,0.0010889702575284225
0,0,0.0004114647555615047
0,0,0.05474736139929832
0,0,0.029801816648788684
1,0,0.15462601623344557
0,0,0.13542690341115937
1,1,0.9999280919557694
0,0,0.00018532017481322536
0,0,2.6458500625902393e-05
0,0,5.231249961017414e-05
0,0,0.3029355306140095
0,0,0.09487188304722455
0,0,3.587076211437636e-05
0,0,0.0002525520407020735
0,0,9.368484723687935e-05
1,0,0.3106379682694757
0,0,7.100206002381237e-05
0,0,6.261757339128611e-05
1,0,0.049320012072456024
0,0,2.3349279696317532e-05
0,0,0.02349058094624329
1,1,0.9992221115928608
0,0,0.0008272989737663804
0,0,0.016695475312826447
0,0,0.00017021051158509708
0,0,5.888304962669572e-05
0,0,1.598222589023297e-05
0,0,0.0004667414063649502
0,0,0.0014486500550936767
0,0,0.12984298436055824
0,0,0.0012524308196979602
0,0,0.0007750679538047551
0,0,0.1096824628867255
0,0,2.778465518644441e-05
0,0,0.0005254499036911218
0,0,0.10475415768896186
0,0,0.05911446257885556
0,0,0.23613144206063882
0,0,5.339351785419298e-05
0,0,0.10764433134307504
0,0,0.0001992062007707295
0,0,0.01997938545190676
0,0,0.0002863058284343375
0,0,0.00022600123575564532
0,0,0.004110852250122497
0,0,6.444484836758138e-05
0,0,5.427330113450195e-05
0,0,0.2509321294048067
1,1,0.9976292763171506
0,0,0.00039273043050232865
0,0,0.00027507819068579934
0,0,0.32452401895573524
0,0,0.00078692062695879
0,0,0.0001745223791203256
0,0,0.0002770119923022976
0,0,0.00023118925497808059
1,1,0.998108773354369
0,0,3.120457342063045e-05
0,0,0.008026899524840975
0,0,0.00043453876636149926
0,0,9.22965728908152e-06
0,0,0.03361421911965862
0,0,4.868303202142839e-05
0,0,2.059998714880873e-05
0,0,1.1576116206221097e-05
0,0,0.0018558215302157623
0,0,0.0035568871138191072
0,0,0.00022635634253563488
0,0,5.427330113450195e-05
0,0,0.026709072798850562
0,0,0.000202135524527451
0,0,0.0006046474875247264
0,0,0.03245945831373049
0,0,0.07371075977258018
0,0,0.00033008723268883783
0,0,0.055854901723446
0,0,2.5419648517268983e-06
0,1,0.5296870711398326
0,0,0.028696524247238404
1,1,0.9991582918777153
0,0,2.884144088797374e-05
0,0,0.009279079381475111
0,0,0.41794702964577696
0,0,0.00034541951865808715
0,0,0.00018166549012589895
0,0,0.09064811087626701
0,0,0.0003798868389976085
0,0,0.00013344006963609607
0,0,0.15016906102390423
0,0,1.8053253832588827e-05
0,0,0.00042137666597814313
1,1,0.9976399439555734
0,0,0.0006071955164385487
0,1,0.5949874216614144
0,0,0.06733987352553229
0,0,1.535614279774399e-05
0,0,0.007797367088539818
0,0,0.027429497672318656
0,0,0.0007656510564246265
1,1,0.9962274353374749
1,1,0.9977734306622577
0,0,0.00040543129932923906
0,0,0.018405071974479065
0,0,0.00022701635172151795
1,1,0.9999165464067182
0,0,0.0002548757133786345
0,0,0.00018341341577283538
0,0,0.0008063669203873642
0,0,0.0002501530968921167
0,0,0.06412641957205778
0,0,0.0002467975920444512
0,0,4.90406694360512e-05
0,0,0.10828232066797913
0,0,1.8104836634444356e-05
0,0,0.00016309020905605563
1,1,0.998180204400385
0,0,0.00012056312196653662
0,0,0.00021178116436467055
0,0,0.0003461702974347896
0,0,0.0002457827548388469
0,0,0.02527838130386708
0,0,0.1165493806514088
0,0,9.602859309772028e-06
0,0,4.2813823337303105e-05
0,0,0.004612090709861007
0,0,9.890991959945642e-05
0,0,0.0003223424904076332
0,0,6.777379787531919e-05
0,0,4.205276867632816e-05
0,0,1.9819651215808063e-05
0,0,2.9808990407568027e-05
0,0,1.651527466619754e-05
1,1,0.9999131004631063
0,0,0.34538452933119795
0,0,0.0015141122584013482
0,0,0.014123637482732192
0,0,0.04891923588145369
0,0,0.006428161605388433
0,0,0.00017832195981130775
0,0,0.000380107785543436
0,0,3.631086753286488e-05
0,0,0.00018359896950517914
0,0,1.181472074294152e-05
0,0,0.00013572882869407983
0,0,7.513314413406817e-05
0,0,4.948740474625007e-05
0,0,0.00011104848707272907
0,0,0.012761092316301516
0,0,0.1123470132732399
0,0,0.00014561471657142973
0,0,0.0004430257800324212
0,0,0.000614281120706341
0,0,0.0006552309194674643
0,0,0.019285687303978154
0,0,0.000575135650401381
0,0,0.1357046422129885
0,0,0.022352872095181584
0,0,0.0009217507473012396
0,0,9.462563893749929e-05
0,0,0.0004585723218372022
0,0,0.037949953666676584
1,0,0.022970250869703446
0,0,0.2205574837235652
0,0,7.87755470064116e-05
0,0,0.016380952920651143
0,0,0.0003561072766272075
1,0,0.47690244728976255
0,0,0.06295407144741984
0,0,0.00017745040123166763
0,0,6.1662608421411764e-06
1,1,0.9972955672794328
0,0,0.014283943060249504
0,0,0.2345987308973781
0,0,0.04566383729712957
0,0,0.0002530668217761125
0,0,0.00047042096931479074
0,0,8.0937034865765e-06
0,0,6.206390782319649e-05
0,0,0.25518084464860424
0,0,5.4638421219517024e-05
0,0,0.00023993069165331992
0,0,0.00044691522704371297
0,0,1.7794493007030954e-05
0,0,0.00023814738501988804
0,0,0.00040396931375554147
0,0,0.00012403178630586605
0,0,0.0006271625210897485
0,0,0.00010838698776235128
0,0,6.086880342971408e-05
0,0,0.0019315561956117148
0,0,5.977556158381696e-06
1,1,0.9999256167369157
0,0,0.023655008682551805
0,0,0.0004006468961745418
0,0,0.0007648382898021468
0,0,0.035086234191530875
0,0,0.00023552323653488612
1,1,0.9999630548661006
0,0,0.0011516737403215688
0,0,0.19768940166443807
0,0,0.09790474633643217
0,0,5.27417416147092e-05
0,0,0.0005256291374788821
0,0,6.743677929648804e-05
0,0,0.00014396720757290317
0,0,2.0355710418116974e-05
0,0,0.0005710624167329879
0,0,0.00015299887295453743
0,0,0.0032795605214442944
0,0,0.00022515266685380075
0,0,0.003406732115112067
0,0,9.700126053241338e-05
0,0,8.0937034865765e-06
0,0,0.00038755045719799535
1,0,0.22558279796733102
0,0,0.0003186845989893825
0,0,0.23268754231995764
0,0,0.0005038911705494786
0,0,0.0002076944883775968
0,0,1.9597667101558898e-05
0,0,3.908408538107448e-05
1,1,0.9989049272407998
0,0,2.6294986771679012e-05
0,0,0.00043995091324119576
0,0,0.06015909208408781
0,0,0.0015134402923033677
0,0,0.025328142309172193
0,0,0.0003545554230428205
0,0,0.0002670160664733976
0,0,0.00025851711319043195
0,0,1.7603996508350752e-05
0,0,0.0005361559153130244
0,0,2.7017681543300887e-05
0,0,0.03421130347855004
0,0,0.00019403967327624939
0,0,0.0010821282601169786
0,0,0.00019171504377112365
1,1,0.9973694068144237
0,0,4.139385797788295e-05
0,0,0.25922804945602723
0,0,0.0004549275842698264
0,0,0.0001245032436299149
0,0,6.783723525410477e-05
1,1,0.9999423903799144
0,0,0.0003926630935935166
1,0,0.07090625788882188
0,0,0.0051700778391181
0,1,0.5530428092778292
0,0,4.241501882881036e-05
0,0,0.00019593696236947243
0,0,7.77023591700293e-05
0,0,1.7077024853951318e-05
0,0,0.11499990442886918
1,0,0.23027544404240027
0,0,0.00012666789936416218
1,0,0.07947948368353516
0,0,4.6420080512312225e-06
0,0,0.024796135160529226
0,0,1.9959387796543365e-05
0,0,0.002415666447527574
0,0,0.00018627603955814843
0,0,7.567843893801148e-05
0,0,0.0001351114768149793
0,0,2.0734855079969438e-05
0,0,0.00017598815076294496
0,0,0.00021649923729387676
0,0,1.5071025452286658e-05
0,0,0.06512754368931037
0,0,0.0002179505430804563
0,0,0.0016622165560169582
0,0,4.477915764406169e-05
0,0,0.0001273305884535011
1,0,0.05443617802220817
0,0,0.12262763070616078
0,0,6.270120938096261e-05
1,0,0.18945507064257486
0,0,0.000922390383435311
0,0,0.0019179023548623133
0,0,0.0008222316607791171
0,0,0.006790164091032936
0,0,0.008820547031201128
0,0,0.00030370186830819534
0,0,0.001450790638183637
0,0,0.3700367409825661
0,0,0.05998798946218857
0,0,8.090928153456538e-06
0,0,3.564495820320309e-05
0,0,0.10002986577691966
0,0,0.0001550260112063907
1,0,0.13786178100236798
0,0,5.4420053720134546e-05
0,0,0.0004445913361934634
0,0,0.000487593394361181
0,0,0.001300975921524677
0,0,4.518750876455673e-05
0,0,0.0001434754559481123
0,0,9.068431300269791e-05
0,0,0.0006707868479148894
0,0,5.339280047264181e-05
0,0,6.635516500017463e-05
0,0,0.04494876393437013
0,0,0.09331631934363904
0,0,0.011846769127300911
0,0,0.00041913581433310594
0,0,0.020307252960871318
0,0,7.743403534754805e-05
0,0,0.003883081407429495
0,0,0.05203428815474257
0,0,0.05553856194736109
0,0,4.217682681619517e-05
0,0,0.056766634839140385
0,0,0.06287059464050686
0,0,0.00015621340599510794
0,0,0.002821610830824343
0,0,0.02014074244119171
0,0,0.0005478702437347343
0,0,0.3981411876312066
0,0,0.00044601019645025173
0,0,0.0503314577492963
0,0,0.00029373484127016733
0,0,0.0005208240034405178
0,0,0.0018731006610380135
0,0,0.00031753403808096667
0,0,0.0003878457111538963
0,0,0.011534197508902937
0,0,0.0006706357832573034
0,0,0.013098500946073028
0,0,0.003558226378438791
0,0,0.0001848927418875764
0,0,0.00012812004411350933
0,0,0.03790029507568752
1,1,0.9987733304407534
0,0,0.0007105920044190458
0,0,0.00019083233580650743
0,0,4.799276729073225e-06
0,0,0.00040367431046067244
0,0,0.09885491384734163
0,0,0.0013405710658957975
0,0,9.681257337484473e-06
0,0,4.9203660566895965e-05
0,0,0.20142812755814296
0,0,0.0051116887053746516
0,0,0.00538888618943934
0,0,0.0004794569256578903
0,0,0.00457554318760008
1,1,0.9989952805716439
0,0,0.0004906854715053109
1,0,0.3042599177306011
0,0,0.09820939482173788
0,0,6.308745194041208e-05
0,0,3.2878881664282268e-06
0,0,0.00010143358472210402
0,0,0.00027051408191506264
0,0,0.011904971002972132
1,1,0.9999207923145905
0,0,9.804501971868733e-06
0,0,0.007556654841583482
0,0,2.2751047040032036e-05
0,0,4.962059553721227e-05
0,0,0.0001955130035646269
0,0,0.1687824153731531
1,1,0.9969950817593694
0,0,9.011721595087723e-05
0,0,3.727209919024434e-05
0,0,0.000391055413917598
0,0,0.42676526572289136
0,0,0.0005415337973587876
1,1,0.9999055780648581
0,0,0.12136612680212973
0,0,0.006356750685435004
0,0,0.00011430724359205645
0,0,4.672408114903512e-05
0,0,0.09716143332101376
0,0,0.3272430889956126
0,0,8.998740999591827e-05
0,0,0.24893865591781364
0,0,0.00016786844196624035
0,0,8.360766438759141e-05
0,0,0.00049029012238803
0,0,0.00044577745491361113
0,0,0.00027582223933999054
0,0,0.0008730242632223635
0,0,0.0031945199651202878
0,0,1.9516624416528637e-06
0,0,0.0001833084687516434
0,0,0.00023435588843475328
0,0,0.000309094841933655
1,1,0.9988204128930326
0,0,0.0632399872436549
0,0,0.011163449572117158
0,0,0.009487587449673079
0,0,0.05808028217713357
0,0,2.7635223035919007e-05
0,0,0.036094198315484674
0,0,9.702874538960465e-05
0,0,6.788832128002854e-06
0,0,0.0002416100856925425
0,0,0.0003933466624669963
0,0,4.1847278830417964e-05
0,0,0.00022513143284867256
0,0,0.012010862748419044
0,0,0.0008148440836572562
0,0,0.00017074970546655156
0,0,0.0001486697273566472
0,0,0.07858391748467279
0,0,0.0003517940487519926
0,0,0.000717398375942326
0,0,0.00024952276896456695
0,0,0.014152218003480134
0,0,0.00040493159173072174
0,0,0.0005150909807461228
0,0,5.014066190983302e-05
0,0,0.0003241766345788061
0,0,0.039989289127219885
0,0,0.11643581889899475
0,0,0.0006627931037170051
0,0,0.00018697125963653536
0,0,0.010927085821953337
0,0,0.001845384399779503
0,0,0.00025665598039325025
0,0,0.0003635707975519827
0,0,0.00027389907786273755
0,0,0.000162918914540806
0,0,3.8329734307680144e-05
0,0,1.8980591524496633e-05
0,0,0.0005583492197363671
0,0,9.369681986126886e-05
0,0,0.002413810550378372
0,0,0.00024080384300213575
0,0,0.19056984342167643
0,0,0.00010818352530828106
0,0,0.0009462131533940303
0,0,0.0004657084360111863
1,1,0.9982057346439894
0,0,0.0002193274812531187
0,0,4.208077765143616e-05
1,1,0.996681693003252
0,0,6.467494755099497e-05
0,0,6.635516500017463e-05
1,1,0.5133520126110038
0,0,0.0647436010905754
0,0,0.3887183772669656
0,0,1.5800869821886752e-06
0,0,0.0001602349781399456
0,0,0.03862398924816312
0,0,0.24571830400188724
0,0,0.023952054963019255
0,0,1.8555382669682716e-05
0,0,7.410277781070238e-05
0,0,0.029896986224385667
0,0,0.0002284162683226854
1,1,0.9988275896101959
0,0,0.1109070497104079
0,0,0.0004649976768752181
0,0,0.00970570511898423
0,0,0.0002596224334842161
1,1,0.9977476231918101
0,0,2.0216098078072828e-05
0,0,0.0004571122687530752
0,0,4.456097049877409e-05
0,0,0.051489852354902714
0,0,5.310362118650222e-06
0,0,7.1645363174739125e-06
0,0,0.00028081019392559096
0,0,0.0002709813437252649
0,0,5.343474974951526e-05
0,0,1.5917370022822326e-05
0,0,2.2007239272014033e-06
0,0,9.992446071979795e-05
1,0,0.03776366023920297
0,0,0.016033528907217754
0,0,0.001615491614119047
0,0,0.00037524305783584564
0,0,5.4947510519254245e-05
0,0,4.5043567272391884e-05
0,0,0.0009894024110135623
0,0,0.00029424594830898944
0,0,1.703820559168058e-05
0,0,0.0010786040765044874
0,0,1.9051843189850984e-05
0,0,0.00017375993096610144
0,0,0.13278991515884703
0,0,1.529604412310806e-05
0,0,3.269448870871682e-05
1,1,0.9999583880181586
0,0,1.1372129980000708e-05
0,0,0.08547126977656636
1,1,0.9999594698147886
0,0,0.00015758476013877205
0,0,0.00015450873950584678
0,0,0.06945480024826911
0,0,0.0019082567414656405
1,0,0.31920747824535234
0,0,0.08800016683939671
0,0,2.8827761378819702e-05
0,0,0.0005963794349780672
1,1,0.9978642103229738
0,0,0.007112254600238759
0,0,0.13288229495104575
0,0,0.00011684341986429041
0,0,3.714920971007276e-05
0,0,5.977556158381696e-06
0,0,1.6279341116239667e-05
0,0,3.929338812482442e-05
0,0,7.075557751720295e-06
1,1,0.9999804851534679
0,0,0.0006997443333911833
0,0,7.338784801079046e-05
0,0,0.10639893321949832
0,0,0.003561831258865521
0,0,0.004235250901947688
0,0,1.22104908757057e-05
0,0,0.00011360805490985809
0,0,0.0772757534360946
0,0,5.0793224022891695e-05
0,0,0.07658587295657387
0,0,0.0003590287094152328
0,0,0.0006632149196414137
0,0,0.10240676165466849
0,0,0.0019762439179753454
0,0,0.0015117383337571093
0,0,0.0001427378316015209
0,0,0.00016710454205303433
0,0,3.668423475707602e-05
0,0,0.0032618184600177796
0,0,0.037487571976207466
0,0,5.5373700728518674e-05
0,0,3.510818946810426e-05
0,0,0.0008001248640799896
1,1,0.9996279509346204
0,0,0.07646457207429297
0,0,1.3271825152315576e-05
0,0,0.1591328837387179
0,0,0.007448548580695941
0,0,6.762798296967774e-06
0,0,0.00550008950963131
0,0,0.00012645388407642015
0,0,0.0743810889509155
0,0,0.3187654431173095
0,0,0.0018645944863927262
0,0,0.0016184508895007298
0,0,0.00015312317779490737
0,0,0.0003673806873432325
0,0,4.93064163808953e-05
0,0,8.0937034865765e-06
1,1,0.9986361989594867
0,0,0.00030370779851467074
0,0,0.0003135020209580303
0,0,0.0376922657967933
0,0,0.00013907700821034358
0,0,0.00016987545652086733
0,0,1.3335347609784642e-05
0,0,0.0005084662761967336
0,0,0.00013069963943636523
0,0,0.10922822306093868
0,0,0.0003125984164094962
0,0,0.30664515659483593
0,0,4.5711610737541455e-05
0,0,0.04632440261757154
0,0,0.00035679804377774713
0,0,0.00011171604778624515
0,0,0.010973380428067139
0,0,0.0006874459094797232
0,0,0.00041275863703714325
0,0,0.01638684262051446
1,1,0.9981910940597644
0,0,0.07211598471702808
1,0,0.06060393144140361
0,0,0.0004762742931981257
0,0,0.006566751794527108
1,0,0.0586901228979099
0,0,3.486172288145859e-05
0,0,0.0003752831219412308
0,0,0.0191338334027021
0,0,0.0003471828838149284
0,0,0.00025566451158383726
0,0,0.00013598883961506318
0,0,0.00030783674692969184
0,0,0.04413359889017714
0,0,0.0715487482375212
0,0,2.154661056707867e-05
0,0,0.000570074471805484
0,0,0.13627994943023314
0,0,0.006963383875612023
0,0,7.876057082262814e-05
0,0,1.9766393957512476e-05
0,0,0.0006538909108864415
0,0,0.0006810775768355375
0,0,0.050428610982830496
0,0,0.0005589380598687031
0,0,1.0217410283868195e-05
0,0,4.962459852299629e-05
1,1,0.9980350373129131
0,0,0.00014179882960459604
0,0,0.021153124218701084
0,0,0.0003766376113031481
0,0,3.155898511888858e-05
0,0,0.0021860254092481257
0,0,0.0003969694876169181
0,0,0.00015731376150625274
0,0,0.00010486584815060738
0,0,0.00015496972308282175
0,0,0.005000865447255966
0,0,6.382486228069181e-05
0,0,0.17742347509675938
0,0,5.9495345319278665e-06
1,1,0.754491455645331
0,0,5.3287970881112505e-05
0,0,0.09906012144228185
0,0,0.0077399457439770265
0,0,7.545431857606791e-05
1,1,0.999926920211248
0,0,8.657442818977381e-05
0,0,0.019012606593759102
0,0,0.0008960932658936534
0,0,0.00012585035255321847
0,0,0.00019594335206329038
0,0,2.1543817209133216e-05
1,1,0.9980685737579528
1,1,0.9988320555368384
0,0,0.0006075558176338398
0,0,0.0003291071561287097
0,0,9.855487443417918e-05
0,0,0.00015621340599510794
0,0,4.139962602997698e-05
0,0,0.0008321157153439536
0,0,1.0211687241067278e-05
0,0,0.025775589246434003
0,0,3.839785250718918e-05
0,0,0.019843631678255886
0,0,2.5594040155445946e-06
0,0,0.00012526153661825143
0,0,5.714436500616476e-05
0,0,1.2454289657989461e-05
0,0,0.0003264473733930892
0,0,5.752454257639725e-05
1,1,0.9995415553636978
0,0,0.030087120777961267
0,0,0.007454800305669071
0,0,2.9585090632189235e-05
0,0,0.17467311694974544
0,0,0.05581383011921182
0,0,0.2279701143986255
0,0,0.1104715728218476
0,0,0.33666026284453154
0,1,0.5099797079885362
1,0,0.44499730481758676
0,0,4.0357513069765906e-05
0,0,6.804943935882394e-05
0,0,0.00013772818000465267
0,0,0.0016152806373993468
0,0,0.018423445343007362
0,0,0.0011117014488963692
0,0,0.00023512921382255186
0,0,0.0002373391414782898
0,0,0.00023356917424092582
0,0,0.014214323661328496
0,0,8.85365024480871e-05
0,0,0.00037774822816458555
0,0,0.08082781380682981
0,0,0.0025611240536411485
0,0,0.00654632766469925
0,0,0.045404292919881
0,0,0.00362861949712647
0,0,9.232766460191601e-05
0,0,0.00014685850533981804
0,0,0.00010852433555961557
0,0,0.00019295842101265314
0,0,0.00041721326540744173
0,0,0.12898327172745616
0,0,0.2010317029313939
0,0,0.07772811450020582
0,0,1.7238048276824727e-05
0,0,0.00032711992853460414
0,0,0.00017637569714230495
0,0,0.003672776321279175
0,0,0.005305308568909537
0,0,2.988211506655925e-05
0,0,7.615417989362774e-06
0,0,0.0005176061502660218
0,0,4.43057920435458e-05
1,1,0.999961083486065
0,0,0.00038664951834178494
0,0,0.04404900654526608
0,0,0.00020644791284846293
0,0,3.432000819756815e-05
0,0,0.00020596757158369518
0,0,5.2486534064442056e-05
0,0,0.42857150346729067
0,0,0.0001236403156336489
0,0,4.361813722281257e-05
1,1,0.9945859946691469
1,1,0.999971992696134
0,0,3.0217806919816757e-05
0,1,0.6712889897143499
0,0,2.983983453383053e-05
0,0,4.6733390597372075e-05
0,0,0.00037953650817319404
0,0,0.12473781679263339
0,0,0.1937060003592201
0,0,0.11423352851653923
0,0,0.01634420358115923
0,0,0.0012150904787769695
0,0,0.00018026664630470406
0,0,0.004191323970731563
0,0,6.155962792166711e-05
0,0,4.4689861572636096e-05
1,1,0.9978028415525281
0,0,0.14554414396432272
0,0,5.759593374250922e-05
0,0,0.00016314957171229788
0,0,1.9962304221360734e-06
0,0,0.0003203783004969322
0,0,0.03756098126987375
0,0,0.00019136522389192896
0,0,0.00017102260324785
0,0,0.15620640981743344
0,0,0.0733923880734929
1,1,0.8190709796211298
0,0,2.8910786728282875e-05
0,0,0.00021394264854362186
0,0,0.27958351848454593
0,0,0.00043601700248207495
0,0,0.020699975397768005
0,0,0.0003443574723696837
0,0,0.05640229161140102
0,0,0.08383562963436657
0,0,0.018323163643462582
0,0,0.027407210573902694
0,0,0.0004510451763142509
0,0,0.0006814993167465022
0,0,0.0002939373409554398
0,0,0.00010407129408577868
0,0,9.755027046996587e-05
0,0,0.1301157148936373
0,0,1.9516624416528637e-06
0,0,0.004720947579569561
0,0,1.0407942705615271e-05
0,0,0.0002491343761028338
0,0,5.3511527640594414e-05
0,0,0.0002293604064891311
0,0,5.592159864276255e-05
0,0,0.0003485692885467985
0,0,0.00030957170275518046
0,0,0.00037278753951772126
0,0,0.0002044238357416789
0,0,1.4289955792450289e-05
0,0,0.0003622039588889434
0,0,0.002117130557399143
1,1,0.9984218377481853
0,0,0.0008700100329740648
1,0,0.0364309618892072
0,0,0.12774774707438585
0,0,0.031780715113244186
0,0,0.0004357580684613182
0,0,3.41172875002176e-05
0,0,0.010968367281172725
0,0,0.00047401047381462845
0,0,0.00047208753621082514
0,0,0.0006100162825221863
0,0,4.716669624387403e-05
0,0,7.411417184483251e-05
0,0,0.021885956637283967
0,0,0.0005254021946091121
1,1,0.998082331402118
0,0,1.6133924037421313e-05
1,1,0.9991468548455174
0,0,0.001450790638183637
0,0,0.22686814410341605
0,0,0.017913171423262653
0,0,0.0002950704257225083
0,0,0.0006474534505859224
0,0,4.216699703431983e-05
0,0,0.0003095203771161962
0,0,0.0037904243011968636
0,0,4.1320693530902016e-05
0,0,3.193202658343728e-05
1,0,0.09770079814885581
0,0,0.008846992622723645
0,0,3.369682820655784e-05
0,0,4.95797359615152e-05
0,0,0.0004145581387231074
0,0,6.181370172633836e-05
0,0,0.00013159981084157708
0,0,0.0002298284793443391
1,1,0.9951421921080522
0,0,0.00016307983591800875
0,0,0.0062161146996241165
0,0,0.00042922260637698003
0,0,0.00023118925497808059
0,0,0.09883438473935822
0,0,0.0010680250280456955
0,0,3.6840879598146076e-05
0,0,0.0004628219806105798
0,0,0.0006001624056949533
0,0,0.1808082818201429
0,0,0.00016164321008850063
0,0,7.285993857991596e-05
0,0,6.795093423746769e-05
1,0,0.25615369864132714
0,0,0.0003911290804754315
0,0,0.0015975767658061473
0,0,2.0216098078072828e-05
0,0,0.14829448434799955
1,0,0.1954094844320156
0,0,2.281143957718747e-05
1,1,0.9988493290302863
0,0,0.04280233251728449
0,0,0.00012675056117351452
0,0,0.0015279860570441832
0,0,0.0014623202581069226
0,0,0.00011815386842328201
0,0,0.005510050354149096
1,1,0.998658060917964
0,0,0.01688088706136612
0,0,1.1538480754577865e-05
0,0,8.292273226032998e-06
0,0,0.00040945676005733396
0,0,3.684965552912587e-05
0,0,4.445636668577966e-06
0,0,0.0370738421306176
0,0,0.15713296324169662
0,0,0.0003381601116677681
0,0,0.0001052045181366485
0,0,0.0005463317649801155
0,0,3.428336674962528e-05
0,0,0.00027098306001228933
0,0,0.04704066547647555
0,0,0.00035464493288923194
0,0,4.729057243392529e-05
0,0,0.3516688924651323
0,0,7.1456399389987785e-06
0,0,0.0004371150837323739
0,0,0.01747824902098628
0,0,0.0007741909215897398
0,0,0.011291531522850631
0,0,0.00020533037916653377
1,1,0.9999588529273257
0,0,0.0003695215116970654
0,0,0.00012299491726705796
1,1,0.9966613044122108
0,0,0.03198024501791596
0,0,0.0002536274885459045
0,0,0.04422257844673612
0,0,0.025909953461132097
0,0,0.022762742680445792
0,0,0.00014068576929916852
0,0,0.0004485131419437492
0,0,0.07906456233526925
0,0,0.0002440000824504219
0,0,1.750426905926048e-05
0,0,0.01153553449247599
0,0,0.012241414746580375
0,0,0.06026063704261018
0,0,0.0001584262124412337
0,0,0.13027368584102345
0,0,0.006025149556060129
0,0,0.12590188914868786
0,0,0.0006418971008106082
0,0,0.0560062290487664
0,0,0.00020351134046195233
0,0,0.0003266190431526836
0,0,6.2286265695649025e-06
0,0,0.03707129291214956
0,0,0.004377451140832351
0,0,0.0001340102194302357
0,0,0.010549764533464578
0,0,8.003846378963973e-05
0,0,0.0005333585850353065
0,0,2.449958363836292e-06
0,0,1.3985404005915765e-05
0,0,0.0005144644017050383
0,0,1.3517945140449746e-05
0,0,0.05963877922450252
0,0,0.0058437342017683734
0,0,2.449374873850756e-06
0,0,0.00022858105309491564
0,0,0.06288108081725889
0,0,0.0006461600273187276
0,0,0.004152748117302944
0,0,1.984621144532671e-05
1,1,0.9990186602233825
0,0,0.3713824963594347
0,0,8.066833292564236e-05
0,0,0.00016855026883420913
0,0,0.020765875828145697
0,0,0.1392661306141844
0,0,0.0011944867464292195
0,0,0.000320191988936506
0,0,0.0001844242193560932
0,0,0.08110605746015624
0,0,0.00031220182032853515
0,0,0.0006359326841655715
0,0,0.00034876221609725263
0,0,0.00021252250822885474
0,0,0.08113395365365733
0,0,6.0660265331064423e-05
0,0,0.0007064169675081856
0,0,3.7382649878249836e-05
0,0,0.00025241434097442183
0,0,0.022456421469324958
0,0,0.0008470399033301328
0,0,0.0006664211779151842
0,0,0.00023833480066077348
0,0,7.1456399389987785e-06
0,0,0.000588554758090225
0,0,6.862320221566244e-05
0,0,0.0005342554002433138
0,0,0.00012329994939924872
0,0,0.050421801508993024
0,0,0.001671871692810887
0,0,0.0001807200407221889
0,0,0.0004490874798512143
0,0,0.0005493447450603036
0,0,0.028264956051982884
0,0,0.000346796220922129
0,0,2.481723832092177e-05
0,0,0.026560313884522378
0,0,6.685222947842985e-06
1,1,0.9975766000438526
0,0,0.011201530018117169
0,0,0.021099374056973423
0,0,3.094684492812695e-05
0,0,0.000188772939506195
1,1,0.9993778503138983
0,0,4.742710888206714e-05
0,0,4.221159130640846e-05
0,0,2.0244922574981066e-05
0,0,0.040504275078115395
0,0,0.00039648246998124915
0,0,2.786301078380743e-05
0,0,0.3927555583520815
0,0,7.446667663377541e-06
0,0,0.00017350238062648887
0,0,0.0007106004686557114
0,0,0.010597757723427113
0,0,0.04695639383772924
0,0,0.00045575676792935496
0,0,0.00014179882960459604
1,1,0.9985379468618579
0,0,0.00037066099377184783
0,0,0.0003994284853366195
0,0,0.00026457627340253605
0,0,0.0001822003183840591
0,1,0.6366824886783772
0,0,3.607733545220325e-05
0,0,0.024152017675250263
0,0,0.34165129590719917
0,0,6.788832128002854e-06
0,0,1.3548822719376461e-05
0,0,0.0004428938848142778
0,0,0.00648522067920443
0,0,0.0003008525023369479
0,0,2.026422816511441e-05
0,0,0.0020309103753935525
0,0,0.00017819538763535922
0,0,4.361813722281257e-05
0,0,0.0004980257291351138
1,1,0.9969338850681311
0,0,3.672036719416383e-05
0,0,0.000641685067511638
0,0,0.00027027484924714405
0,0,0.0006816021283975369
0,0,0.003280994730634873
0,0,0.00026427392352975043
0,0,0.001164560985502025
0,0,0.012616190647836034
0,0,0.0004395917302914812
0,0,0.00017772390797074158
0,0,0.033453927864374525
0,0,5.794320625728434e-05
0,0,0.0003981269025342328
0,0,5.0039508589685435e-05
0,0,0.00047896352238313604
0,0,0.0006271625210897485
0,0,0.000920436301557507
0,0,2.7414558390120585e-05
0,0,7.431671552013279e-05
0,0,2.997334025455874e-05
0,0,1.228858889437663e-05
0,0,0.029600556957120563
0,0,0.00010810003440573175
0,0,0.000404721482143686
0,0,0.0005661082312991471
0,0,0.1221631914532776
0,0,0.00036719105118345136
1,1,0.9978580792467557
0,0,1.0145043402876642e-05
0,0,0.08482472983484228
0,0,0.14531302248450517
0,0,0.02390274954982289
0,0,0.0003004386402945335
0,0,0.0003128193463439638
0,0,1.876194239510321e-05
0,0,7.199560526477906e-05
0,0,0.015699391250673652
0,0,0.0003816487944667667
0,0,0.029229534986359617
0,0,4.444194554481404e-05
0,0,0.0004943404046746252
0,0,0.001383277886521911
0,0,0.0011610559347848628
0,0,0.0011849708513255806
0,0,0.00030384411387592003
1,1,0.9996931079331955
0,0,6.458473951475862e-05
0,0,0.00029061201211494266
0,0,0.013274589091128105
0,0,0.00028673997081251923
0,0,0.2709521913672074
0,0,0.001434972677486328
0,0,0.005199318030498449
1,0,0.07605576215663916
1,0,0.15505455994119227
0,0,1.622153876886979e-05
0,0,3.671423537397642e-05
1,1,0.9974497958330732
0,0,0.00028326569883925463
0,0,0.00038031410293357093
0,0,0.03289851862613113
0,0,0.030249310088689738
0,0,0.00027424397909148077
0,0,0.0004684507962080522
0,0,9.667051243422364e-05
0,0,0.05734824797691789
0,0,8.979250013614479e-05
0,0,8.264561753562735e-06
0,0,0.0005999037573256232
0,0,0.0002702680599376089
0,0,0.0006764026602088747
0,0,0.0012799667130287075
0,0,0.00024830845087264107
0,0,0.00020057166026878802
0,0,0.017615726105877784
0,0,0.39303358244870085
0,1,0.6649243743746467
0,0,0.0086900929397525
1,1,0.9998968179284862
0,0,6.561797574094164e-05
0,0,0.000325696301192059
0,0,4.991206482017921e-06
0,0,0.0003430448317597502
0,0,0.0016384673166164093
0,0,4.3394540969043214e-05
0,0,0.0014623202581069226
0,0,0.028412666927121025
1,0,0.2344183112475767
0,0,2.6688812692745315e-06
1,1,0.9999705032313765
0,0,0.0002920006980277134
0,0,0.0006651133827325111
1,1,0.9977140259579198
0,0,2.7655719809617173e-05
0,0,0.06367986360893697
0,0,0.00032521280542845745
0,0,0.00024456623098699775
0,0,4.073686258177169e-05
0,0,0.05684928317296009
0,0,0.2214927889539626
0,0,6.438344622439082e-05
1,1,0.9998744959167836
0,0,0.0008092007731815972
0,0,0.0004242980135299223
1,0,0.02665203216102485
0,0,7.5543085299528635e-06
0,0,0.030381051686308818
1,1,0.9984837810847178
0,0,0.028173032443707027
1,1,0.999945586595502
1,1,0.9999694869512257
0,0,0.004533551622833833
0,0,0.000458441259690935
1,0,0.12084524263532995
1,1,0.9999869502738437
0,0,4.7793271531433495e-05
0,0,0.00021034728835219612
0,0,2.9022153263565312e-05
0,0,0.00021928809422953004
0,0,0.0002930901829000812
0,0,5.702327612617876e-05
0,0,0.1797002164604595
0,0,0.01685488470666643
0,0,0.00042571652395628713
0,0,5.528110197899636e-05
0,0,0.000918353257421549
0,0,8.148223865234477e-05
0,0,0.055972566081250084
0,0,0.0001282278590217238
0,0,0.00041075143044
0,0,0.00045927363873975944
0,0,0.11002768138558328
0,0,0.00029468842747372746
0,0,0.0011897199439195782
0,0,0.03006941367545232
1,1,0.9958094932626493
0,0,0.011569005626096075
0,0,0.0006535179804345315
0,0,0.06706513307513191
0,0,0.00031777325226003646
0,0,0.0001402680141865547
0,0,0.0005120224801161102
0,0,0.0003515775678233977
0,0,0.0003979913888652584
0,0,0.0001281684203774353
0,0,8.0937034865765e-06
0,0,0.3285768242544113
0,0,0.0004061339627367338
0,0,0.08605491286641725
0,0,0.00023859758815974392
0,0,0.0006764821460053809
0,0,0.002974239470185175
0,0,0.3798718948842154
0,0,0.000249752030924812
0,0,0.04483178461666809
0,0,0.0004366271692856852
1,1,0.9990439081568173
0,0,0.006042335041699807
0,0,0.0021973174735135993
0,0,0.00044122702388631516
0,0,0.16102396308682942
0,0,4.8994590635643786e-05
1,1,0.998652751041008
0,0,6.036862645666949e-05
0,0,0.000709661169954467
0,0,2.652926250228804e-05
0,0,0.00020183010652582222
0,0,0.0002068351561232347
0,0,0.0002963361827963588
0,0,5.6663862198411e-06
0,0,0.31837756194468436
0,0,0.00016957966847902796
0,0,9.089752584481163e-05
0,0,0.015582246076447074
0,0,0.0029844597075357566
0,0,7.978946094516195e-05
0,0,5.947356503216228e-06
1,0,0.08125938536359234
0,0,3.9082940398416605e-05
0,0,0.1267023398527139
0,0,0.0002301115936795993
0,0,3.432157467693071e-05
1,1,0.9989719766177899
0,0,0.16895284936339264
0,0,0.0006036897339214603
0,0,0.0005193196006919527
0,0,6.176474063901073e-05
1,1,0.9991763363799963
0,0,4.667494297830493e-05
1,1,0.9986471697732946
0,0,0.0003629136932918719
0,0,0.0023055948691288286
0,1,0.6854063301855362
1,1,0.9989146222668431
0,0,0.00019771469528981952
0,0,0.0751588846275709
0,0,0.002107957471810218
1,1,0.9999489545594156
0,0,0.0005035377692646588
0,0,0.0002324498150283073
0,0,0.002180480265114359
0,0,0.030603574609274077
0,0,0.0003600961245462251
0,0,0.013059005000480019
0,0,0.0001348917315104442
0,0,3.641210634770227e-05
0,0,0.0004323277733498621
0,0,0.002601423535172144
0,0,0.00018984796670077034
0,0,0.00015214262837024887
1,1,0.9953280284528789
0,0,1.8487222297406788e-05
0,0,0.05579302186236301
1,0,0.16758643913990842
0,0,1.5627292088267894e-05
0,0,0.00012682747222135667
0,0,0.0018163829949031012
0,0,0.0003666330798579728
0,1,0.5105861107674229
0,0,0.00025508967402036785
0,0,0.0024845085744961484
0,0,0.0607980330672817
0,0,5.449732534241579e-06
0,0,0.10852319650669927
0,0,0.0007976383181154268
0,0,3.039223706669923e-05
0,0,0.13496368555065275
1,0,0.15619743404659253
0,0,0.000315034327632551
0,0,0.021981992376049326
0,0,0.01795933697490514
1,1,0.9988511037428696
1,1,0.9998516186762446
0,0,0.06294636017915622
0,0,0.0006146514852523633
0,0,0.00010161549928934478
0,0,0.0007166373355173321
0,0,0.00037240819048281286
0,0,0.000629721365679077
0,0,0.2902020653321129
0,0,0.13555575632737948
0,0,0.004035008839327285
0,0,5.9069759974255876e-05
0,0,0.00024200179404417654
0,0,0.0001405892411479472
0,0,0.00034297173453278515
0,0,0.10330229090963061
0,0,5.1517514565090415e-05
0,0,0.000283826904180672
0,0,0.4034688602747177
0,0,1.7484666947953178e-05
0,0,0.038759554036504676
0,0,0.0006210172040157571
0,1,0.5334643133179354
0,0,0.0005579546380307383
0,0,0.0004047485277240323
0,0,0.0005812871712660396
0,0,6.110072822555625e-05
0,0,0.1344039227664623
0,0,2.9953457017114517e-05
0,0,0.014679304614098021
1,0,0.16689648634362708
0,0,0.3844116348511538
0,0,0.0005597058239335996
0,0,0.1281583765416518
0,0,0.00010738525505488436
0,0,0.0007619299517128569
0,0,0.0009616188286707253
0,0,7.1456399389987785e-06
1,1,0.9985173433536905
0,0,5.178741765390144e-05
0,0,0.0002843160752725883
0,0,0.1032316968886845
0,0,5.871268040434252e-05
0,0,0.018615594799998397
0,0,0.020944554161517564
0,0,0.0004935085141877603
0,0,5.234524569547453e-05
0,0,0.14101277764287617
0,0,0.04191907930398014
0,0,0.06679584247481293
0,0,0.17875932542641382
0,0,0.0009285772561925277
0,0,4.991206482017921e-06
0,0,0.00014833088467800022
0,0,0.009039374267353507
0,0,3.503445410405516e-05
0,0,0.003534907008096606
0,0,9.779991268132154e-06
0,0,0.0032301581421422527
0,0,0.0002882925268468892
0,0,0.009036281583754118
0,0,0.013488239543158295
0,0,0.002192209544879711
0,0,0.01539157945874199
0,0,0.4991027182944396
0,0,0.02201413508950287
0,0,0.0011164459802506413
0,0,5.5415070003412705e-05
0,0,8.199547816577228e-05
0,0,0.0005814906000984882
1,1,0.9999761283894179
0,0,0.00010862686954978739
0,0,0.0010602736181585127
0,0,0.4434866286500604
0,0,0.04916413337789864
0,0,0.00013639432769590624
0,0,1.067593147125648e-05
0,0,7.959613539130358e-06
0,0,1.0083953956970863e-05
0,0,0.0006550085026324176
0,0,0.0001795070045156337
0,0,0.0007566121524474664
0,0,0.02660048438858496
0,0,0.000970138045769963
0,0,1.2072562833958524e-05
0,0,0.01863712694082445
1,1,0.9957195940176519
0,0,0.002369648054261765
0,0,7.353970913231381e-05
0,1,0.6680554812377947
0,0,0.0006423189209983693
0,0,0.023210276826389903
1,1,0.9999344861873424
0,0,0.0005311035780732543
1,1,0.9992298108731973
0,0,0.03468503151175871
0,0,0.22501403199693848
0,0,0.00015350143401596396
0,0,8.487981176810851e-05
0,0,0.00046428927924440885
0,0,0.00036354162627165383
0,1,0.608724393470958
0,0,0.0025417011745612573
0,0,0.0002919984176715527
0,0,0.02207570800561983
0,0,0.005907123908252135
0,0,0.0005283606356916863
0,0,1.0253740459234267e-05
0,0,1.5959822608907252e-05
0,0,1.0233570489084883e-05
0,0,0.03197910466608127
0,0,0.0002907174825765926
0,0,4.52428907271505e-05
0,0,0.00030772375162953604
0,0,3.222623809213867e-05
0,0,0.00017227571114734644
0,0,0.019062458327625643
0,0,0.03125898737184199
0,0,1.2354322352879182e-05
0,0,0.0009977439740650237
0,0,0.04405438421745688
0,0,0.0002628430575952576
0,0,0.0547388808112379
0,0,0.17685844423926908
1,1,0.9974604835803029
0,0,4.453256177393632e-05
0,0,0.0025033719577500476
0,0,0.00044395583145706417
0,0,0.04684038687140411
0,0,0.14041274758972203
1,1,0.9967751810759017
0,0,0.0905440479714249
0,0,0.00063614177013389
1,1,0.9986083712948892
0,0,0.0026497027134501088
0,0,3.642228683435933e-05
0,0,0.00037251477652908166
0,0,0.02865640697895133
0,0,0.0001407726235330323
0,0,0.0029870152820365516
0,0,0.4804201576014401
0,0,0.00010294268463821344
0,0,0.001020429255062292
0,0,1.0663666223596545e-05
0,0,0.0004135796410885346
0,0,4.44230735326815e-05
0,0,0.0027393776873510635
0,0,6.837704738207727e-06
1,1,0.9999697532219154
0,0,0.00011683717864156188
0,0,2.3959305096946085e-05
0,0,0.05378184914735425
0,1,0.5725780454291455
0,0,3.3498888327156636e-05
0,0,0.2948784283327869
0,0,0.00010575769589543178
0,0,0.0522908995101222
0,0,0.0001808658370768317
0,0,0.00014672180128443244
0,0,0.0001145223992257457
0,0,0.0009780215332596896
0,0,0.00016383252552462375
0,0,3.0501045684918005e-05
0,0,0.005063949427121571
1,0,0.04907670467849925
0,0,0.00010178994648949982
0,0,2.5781092374884698e-05
0,0,0.00031905462280076266
0,0,0.007545720231371505
0,0,4.989998645603366e-05
0,0,0.00020536085121227815
0,0,7.4262706702821e-05
0,0,0.014699443266943703
0,0,2.9560633035870822e-05
0,0,0.3425066510173228
0,0,0.00011968159375721651
0,0,0.00039639299699110184
0,0,2.1499788667443176e-05
0,0,0.0002453539484039275
0,0,0.0004827217020377885
0,0,0.00026057268792771635
0,0,7.080052301200333e-05
0,0,0.0005171938729758395
0,0,0.014653259019377977
0,0,3.053450169657668e-05
0,0,6.833662146135355e-06
0,0,0.010067829234212112
0,0,0.029799968167099605
0,0,0.032715937393284905
0,0,0.34445790087762473
0,0,5.202692910495118e-05
1,1,0.9999872504600087
0,0,0.0053399366601976205
0,0,0.0005053137939241571
0,0,0.00026274364043393523
0,0,0.00036975214667187397
1,0,0.22607746223918457
0,0,0.0003756038414654364
0,0,0.02834957232815384
0,0,4.293833759849547e-05
0,0,0.0005541725047034647
0,0,4.2771431247939764e-05
1,0,0.11316352253427268
0,0,0.00030578959132955617
0,0,0.000690179646817224
0,0,0.07466064114292831
0,0,0.00011271465687985946
0,0,0.0012298167706002285
0,0,0.0004691707760941962
0,0,0.00038190273543338166
0,0,0.0003987033567282661
0,0,0.004177542805894515
0,0,0.00036118777709063545
0,0,0.012387757648658449
0,0,2.042168746624212e-05
0,0,0.0003115734581884403
0,0,0.10286456885364524
0,0,0.1488649540084802
0,0,0.0011818313717604084
0,0,0.004307350297551145
0,1,0.6947425346913223
0,0,7.0535601353329725e-06
0,0,3.818177639453447e-05
0,0,0.005841566863494122
0,0,0.0002843211362287953
0,0,0.00047307327430357927
0,0,1.996734870300594e-05
0,0,0.0011344184996342902
0,0,0.0038110546513625367
0,0,0.03516930023503515
0,0,1.3784933962869091e-05
0,0,0.00015708187931795913
0,0,0.008454423638026268
0,0,8.485102006693465e-05
1,1,0.9999830217179051
0,0,2.8010934727103283e-05
0,0,0.00011303088310305467
0,0,0.00013359028510289642
0,0,0.019273761990207715
0,0,0.000231855546856802
0,0,0.04671365517954024
0,0,0.0005201472709494556
0,0,0.00037951026447415205
0,0,1.5552889640316144e-05
0,0,0.0010118934843983
0,0,0.0005043053576637785
0,0,7.075557751720295e-06
0,0,0.0006842304378847474
0,0,0.0020686166269667993
0,0,6.606848748707495e-05
0,0,0.07207147093713696
0,0,1.69575784141698e-05
0,0,6.772555290147932e-06
0,0,0.0008017808164570853
0,0,2.8520626064262195e-05
0,0,0.043676416574472965
0,0,0.030059631410982352
0,0,0.039080772710367716
0,0,0.0002329583928659746
0,0,0.0005107898636103456
0,0,0.00029204185475764183
0,0,5.3352456837035025e-05
0,0,6.382486228069181e-05
0,0,0.21790017991017624
0,0,0.0006555224074378973
0,0,0.0005390079064006556
0,0,2.6992570632633253e-05
0,0,0.0021360003010746833
0,0,0.02837935113649525
0,0,0.1665298626429758
0,0,0.07490463966868377
0,0,7.521094615796931e-05
0,0,0.043437371600687745
0,0,0.0435869117307522
0,0,0.11583591788120087
0,0,0.0037053489832874595
0,0,5.4635803984183605e-05
0,0,0.1863538599362703
0,0,0.023535148961024745
0,0,0.019780020461963574
0,0,5.903201829218104e-05
1,1,0.998798803803841
0,0,0.022988788667949938
0,0,0.0026086298325351883
0,0,0.0018778994988957393
0,0,7.1645363174739125e-06
0,0,5.764185503389582e-06
0,0,0.00013451068862135984
0,0,1.0422487257038822e-05
0,0,0.0011531830708644945
0,0,9.186820683836124e-05
0,0,0.0031456894109552535
0,0,0.00026328006042315694
0,0,0.2456502405974869
0,0,0.0034508473331438024
0,0,0.0003496640099987954
0,0,0.0004001300251785247
0,0,4.611710927506614e-05
0,0,6.404905352001472e-05
1,0,0.13417421174055003
0,0,0.0002666737675989971
0,0,0.04858485749864213
0,0,0.031569421264581045
0,0,0.0021516149738537538
0,0,0.3265896127260536
0,0,0.2314310028403732
0,0,0.003143980335088395
0,0,0.00016224174773143456
0,0,0.00016529787727880652
1,1,0.995898506177251
0,0,0.0002502456679253324
0,0,0.11277818104656187
0,0,0.020245736330388994
0,0,9.6971927783565e-06
0,0,0.007097694576605394
0,0,0.03229184211012946
0,0,0.0005664725677549548
1,0,0.04225026790300499
0,0,0.001334724038751202
0,0,0.00021320799542471776
1,1,0.9991317991320531
1,1,0.9961948266439581
0,0,0.01662171087844142
0,0,7.239997399532391e-05
0,0,1.971127060638204e-06
0,0,0.00045522076476680674
0,0,7.88701571124092e-05
1,1,0.9988675592575483
1,1,0.9987718310547901
0,0,3.417522197790499e-05
0,0,0.03843418424045601
0,0,0.00013977932888947629
0,0,0.25497172333078194
0,0,0.0005444429670014832
0,0,8.1351089891253e-06
0,0,0.0002964072289397149
0,0,0.13963682513885736
0,0,0.28653338079551355
0,0,0.2026512541936336
0,0,8.891366676800674e-05
0,0,0.000831015806181903
0,0,0.0002152690105685061
0,0,0.009318504360368659
0,0,0.00020493358841986066
1,0,0.11427268708081598
0,0,0.0004834130226562812
0,0,0.0072739401834312385
1,0,0.28922209645369956
0,0,6.666254007135631e-05
0,0,0.00013150859604230396
0,0,0.3175576614943123
0,0,1.4628147944293463e-05
0,0,0.06970039633259477
0,0,0.005297553589496645
0,0,0.09665792077856315
0,0,0.00019075845450095536
1,1,0.6145698721765296
1,1,0.9982006690313283
1,0,0.05316595507052338
1,1,0.9966261174222887
0,0,0.027093925930779493
0,0,7.1645363174739125e-06
1,1,0.9980014759947039
0,0,0.0005574916344508
0,0,3.955015674050021e-05
0,0,0.0003236778033822873
0,0,0.0003437470277242507
0,0,0.0008435067323607061
0,0,0.00021096972624424685
0,0,3.75269249915397e-05
0,0,0.000431212791417424
0,0,0.012563762218342746
0,0,0.1749084775551579
0,0,0.000992888499523297
0,0,0.0017358042343246015
0,0,6.428353447124732e-05
0,0,0.00025060338588458314
0,0,0.00023580240221156485
1,1,0.9992408690015947
0,0,0.03254794059513728
0,0,0.0005703372100205246
0,0,0.001899819249067378
0,0,7.94913795922291e-05
0,0,1.0898574441993716e-05
0,0,0.014853360630523902
0,0,7.511914306419e-05
0,0,1.4257437958189225e-05
0,0,0.0009876757697566511
0,0,0.0006333268908068637
0,0,0.24447934056627824
0,0,6.756733450788606e-05
1,1,0.9979132016925194
0,0,0.000641542252026805
0,0,0.0003733686848787824
0,0,0.024110244330562275
1,0,0.12015270732412042
0,0,0.00021401249546025642
0,0,0.0002651644447734268
0,0,0.001883621349652986
0,0,0.0006052271227417397
0,0,5.64273634139148e-05
0,0,0.00020775299757795683
0,0,0.1566611014408841
0,0,2.6047941610127953e-05
0,0,0.0007143533444709704
0,0,3.9176793754343936e-05
1,0,0.06356811634148962
0,0,0.10023983762639685
0,0,0.0005183478127012251
0,0,0.02834957232815384
0,0,0.0005678846816380506
0,0,1.3647101682097453e-05
0,0,7.356906350918592e-05
0,0,0.00019996150062995564
0,0,0.0605590706477087
0,0,0.018859159768372623
0,0,1.234042767621119e-05
1,1,0.7402650906666046
0,0,0.00017176252911931466
0,0,0.0004202433915138076
0,0,0.0003441978566571505
0,0,3.935278894772316e-05
0,0,0.006872723076489519
0,0,0.00013574098523073274
1,1,0.9982119295522149
0,0,0.00016520083193026904
0,0,3.9074777330170506e-05
0,0,0.0004149518502521282
0,0,0.0004946712708860961
0,0,0.01057735193040464
0,0,0.0002635484096943736
0,0,0.0771572369629961
0,0,2.32640715973932e-05
0,0,0.0004070689361660615
0,0,0.0002537291947380484
0,0,3.0489604424898856e-05
0,0,2.9810383973963754e-05
0,0,0.22323291091807906
0,0,4.44230735326815e-05
0,0,2.0523225554902968e-05
0,0,0.00031982022999361975
0,0,0.0002649972009144218
0,0,0.14676430447311642
0,0,3.348813182964052e-05
1,0,0.3627987219456869
0,0,0.00013242326847309117
0,0,2.372340119195549e-05
0,0,6.957530123636072e-05
0,0,8.139667658774253e-05
0,0,3.768310925929251e-05
0,0,0.028131053231234247
0,0,8.148638108736273e-05
0,0,0.0796311168671538
0,0,0.00094064961451903
0,0,0.00015018855614736535
0,0,0.00015666533973602447
0,0,0.00023097077471264394
1,0,0.24523635888698503
0,0,5.902424002565944e-05
0,0,4.623103453968971e-05
0,0,5.0065763569489236e-05
0,0,0.011320102023573687
0,0,0.11001064922411526
0,0,0.00021305014476093084
0,0,0.00016833655718993812
0,0,0.00034902791138139864
0,0,0.18898043572273596
1,1,0.9988564919148119
0,0,0.0003147319670814269
0,0,1.1334338706804813e-05
0,0,5.977556158381696e-06
0,0,0.01529791577074581
0,0,6.943677101123318e-06
0,0,0.3617694773835875
0,0,0.47355299364249864
0,0,0.0005699189240807083
0,0,0.00010695021676898537
0,0,0.07173293688360924
0,0,0.00028824297313811325
0,0,8.953132507062575e-05
0,0,6.604844297679492e-05
0,0,4.599076274273202e-05
0,0,0.00034732803552219103
0,0,0.00034258492639076575
0,0,0.002878025898665423
0,0,0.05968449600814596
1,1,0.9996290044199949
0,0,0.00021220477251094737
0,0,0.0018292968666603576
0,0,9.77955414626327e-06
0,0,2.183506458385942e-05
0,0,0.0005090891981321867
0,0,0.0006521283022621821
0,0,2.5388865626499124e-06
0,0,0.14646592520268398
0,0,0.0011873349635107334
0,0,6.388010982724062e-05
0,0,4.257943404172252e-05
0,0,0.0001831565234238364
0,0,0.00018935922937346383
1,1,0.5210125005140162
0,0,0.00035660973734715043
1,0,0.07340591674483926
0,0,0.0003722103911578331
0,0,0.001458658658895967
0,0,0.00016591811679913772
0,0,0.0860512291379163
0,0,0.0009590479425964782
0,0,3.3467817307150604e-05
0,0,0.001310351862162608
0,0,0.09845682920608204
0,0,3.494394564306707e-05
0,0,0.00025853448213566667
0,0,9.060190142359707e-06
0,0,0.027532579453124987
0,0,0.0002740098955613047
1,0,0.02268004067234598
0,0,0.00035377039219980285
0,0,0.0001422563588373768
0,0,0.00023968375152042098
0,0,0.0011024441328424395
0,0,0.022042783968061763
0,0,6.837704738207727e-06
0,0,0.0002740098955613047
0,0,0.09664841664399369
0,0,0.014808897992362667
0,0,9.081347147606923e-06
0,0,5.977556158381696e-06
1,0,0.0648799031327119
0,0,0.04737634231076776
1,1,0.9982222833637768
0,0,3.5005768737012483e-05
0,0,0.06201499194830715
0,0,4.7807361766135926e-05
0,0,0.0003191993689782078
0,0,0.11847185367800221
0,0,1.1041982694723214e-05
1,0,0.40024403410480175
0,0,4.9349813004361713e-05
0,0,0.026462519606455733
1,0,0.3338268462533255
0,0,2.7883201504755964e-06
0,0,0.2862764827589704
0,0,0.00702905054120608
0,0,0.002107927072362675
0,0,0.0001281684203774353
0,0,0.028005151903227297
0,0,4.3894148697171314e-06
0,0,0.04662306850821281
0,0,0.0002342156117065675
0,0,0.002577770977700577
0,0,0.00022336346035040197
0,0,4.531867142346207e-05
0,0,0.003141957544947355
0,0,0.07073707492427837
0,0,0.057415085063861844
0,0,0.02917643474049818
0,0,0.0823298279428526
0,0,0.00033098782832192194
0,0,0.013389324207900746
1,0,0.12279596988809931
0,0,0.014114041970783723
0,0,0.0019753078068696518
0,0,4.437870129862112e-05
0,0,5.130679171156348e-05
0,0,3.9759428600033546e-05
0,0,3.9475023907603386e-05
0,0,0.19427097432003762
1,1,0.6076023530233309
1,1,0.999445659341483
0,0,8.964171162760883e-05
0,0,0.0003081871809340833
0,0,0.005128087589126626
0,0,0.0024597868356183075
0,0,0.0002912519754249648
0,0,1.0418518395786847e-05
0,0,0.021949260035875894
0,0,0.0002757280036800957
0,0,0.00010275989025226372
0,0,0.06981247138673458
0,0,0.02158657231913531
0,0,0.0036693124604991914
0,0,0.011564018575633554
0,0,0.013162162271332397
0,0,7.32863087466108e-05
0,0,1.9959387796543365e-05
0,0,0.0037073679742903563
0,0,4.695866678996247e-05
0,0,0.003802577636713871
0,0,3.67120796413224e-05
0,0,0.00011643399882815829
0,0,0.0901137454901173
0,0,6.404905352001472e-05
0,0,0.0227682507339633
0,0,0.027480277295910887
1,1,0.9971467467844053
1,1,0.9989886406666323
0,0,0.0020280771458182413
0,0,0.0006577378176008652
0,0,0.0003269519594373698
0,0,5.773519796750689e-06
1,0,0.04903544867430774
1,0,0.41019469384413804
0,0,0.003106372020686652
0,0,0.0004117464433454483
0,0,0.00038178653109697055
0,0,0.00022275304378503654
0,0,0.00022456933010478914
0,0,0.020812292014306066
0,0,0.00033456178053877574
0,0,0.00045878445085872747
0,0,2.5101213464884148e-05
0,0,0.34976931078166873
0,0,0.02954169665480788
0,0,0.10212507278714698
0,0,0.0002774443870750777
0,0,3.931653488110678e-05
0,0,0.00016375427482871705
0,0,0.000520419054979363
0,0,0.005470015496050058
0,0,0.00125558789806352
0,0,0.008374034751582939
0,0,0.00044513697487833843
0,0,0.00025843210419822704
0,0,0.03284199070840729
0,0,0.00015152001091169945
1,1,0.997682071409486
0,0,0.0003857283678105323
0,0,0.00029977635316723593
0,0,0.05860603826387779
0,0,0.00024035863505768093
0,0,0.015281789747646825
0,0,0.0026330006761214582
0,0,0.000261417903642421
1,0,0.4821653759603594
0,0,0.0010529069065516995
0,0,0.04585745721169408
0,0,0.008410806166956445
0,0,7.759399992930842e-05
0,0,0.0018904497405608453
0,0,0.002161174942261066
0,0,3.230363808678669e-05
0,0,0.029863641340138646
0,0,0.0069748146870735024
0,0,0.0003426355555215968
1,1,0.9962342673621318
0,0,0.13946567094763823
0,0,0.0004130778349519303
1,1,0.9999619631381303
0,0,6.826050821114443e-05
0,0,0.0004982349868000264
1,1,0.9992806384066297
0,0,0.23019432792007807
0,0,0.0027904938401587345
0,0,7.37273748165825e-05
0,0,2.435087402462343e-06
0,0,0.0007899895373227523
0,0,0.00037736922640077124
0,0,0.0002838054649916457
0,0,0.0003148619546511654
0,0,0.0016354210820976338
0,0,0.00033843647124066906
0,0,5.521671646175258e-05
0,0,3.3027858788622683e-06
0,0,4.317897088474566e-05
0,0,0.29592250931959496
0,0,5.125065751134574e-05
0,0,1.2020193289793129e-05
0,0,1.1538480754577865e-05
0,0,1.4449359274835146e-05
0,0,0.0545141445213661
0,0,2.0269521638217727e-05
0,0,0.0003011473428086197
0,0,0.01315220285801169
0,0,4.712739031277697e-05
0,0,4.13482527271159e-06
0,0,0.0009652547439598082
0,0,0.0007544014239678778
0,0,0.0006284373202325471
0,0,0.00010389882879596248
0,0,9.365100380107393e-05
0,0,0.013059693712313688
0,0,0.00010595585467486266
0,0,0.0002545107868966949
0,0,0.004074504560084859
0,0,0.0002939567812215731
0,0,0.08857720663754863
0,0,0.090539304304859
1,0,0.05174598844738415
0,0,0.013357458978079923
0,0,0.0004379576115941291
0,0,0.221015218159916
0,0,0.17052974075753638
0,0,0.0006436707862852587
0,0,0.0508070430063907
0,0,9.796709634454708e-05
1,0,0.341359868516971
0,0,0.00032698683283936613
0,0,1.6358490877914642e-05
0,0,0.02067278820652602
0,0,0.009799269387968879
1,1,0.9999214831864972
0,0,0.00030078073241279995
0,0,0.016591889453568404
0,0,3.176902709308356e-05
0,0,0.0002503523116479925
1,1,0.9999403722778968
0,0,0.0005361275022454047
0,0,0.0003883239840873168
0,0,0.014087414799082014
0,0,3.758422412979229e-05
0,0,0.00030386268537820006
1,1,0.9990432266249153
0,0,0.000543929263306596
0,0,0.00018271616235911284
0,0,0.00019113222297860967
0,0,0.00015529012912043061
0,0,0.007486739535979635
0,0,0.0008973160855244644
0,0,6.685222947842985e-06
1,1,0.9996730659629471
0,0,0.0007536633663008581
1,0,0.028000208327737818
0,0,0.005769141874774292
0,0,0.07360600316262846
0,0,4.491715253330771e-05
0,0,0.0002524950112145701
1,1,0.9960355365769653
0,0,0.1910765735834129
0,0,0.15039433545630204
0,0,0.00010718479200216681
0,0,0.00014166977970747776
0,0,8.640327419691923e-06
0,0,0.00016215101322741406
0,0,0.0006062406102174676
0,0,0.061294953450488035
0,0,0.00029788418935812515
0,0,5.7699587323263595e-05
0,0,0.20306166340178694
0,0,0.07168792726610156
0,0,0.0002493799479319811
0,0,5.810890111750795e-05
0,0,8.545496649058742e-06
0,0,0.03563609746274814
1,1,0.9989979302564982
1,0,0.15717253960504224
0,0,0.000595949887329684
1,0,0.33122655305533877
0,0,9.631468428206497e-05
0,0,0.0003653629767126833
0,0,2.5574973405157293e-05
0,0,3.218126456804859e-05
0,0,0.00026804808950180674
0,0,3.3467817307150604e-05
0,0,7.434189469317375e-05
0,0,0.0004319960554027467
0,0,0.2213793433524089
0,0,4.687363322968236e-05
0,0,3.713581491752743e-05
0,0,0.0005136467011603264
0,0,6.965575616988997e-05
0,0,0.00028403813796133866
1,1,0.9917719344448367
0,0,3.746562181568881e-05
0,0,0.010370465150459017
0,0,0.007968376152605967
0,0,0.0006672721921538933
0,0,0.24875560975169683
0,0,0.0005315655832293209
0,0,0.00029406000490423523
0,0,0.061891685689288684
0,0,0.00033655925276489793
0,0,0.00016685789806191907
0,0,0.0004558943052600092
0,0,0.00018005329265317354
0,0,0.00023084581220277368
0,0,0.0004060548189450562
1,1,0.9987174946665731
0,0,0.13109144599218067
0,0,0.14585650191252603
0,0,3.9897880993096605e-05
0,0,0.13515018401448176
1,0,0.0495108296853601
0,0,4.134608940366705e-05
0,0,0.0006309715005774233
0,0,0.13637101899300544
0,0,0.0002665902933284945
0,0,5.2384545727403986e-05
0,0,0.007999248629143424
0,0,0.09103254512720649
0,0,0.001087229607071136
0,0,0.02504523587713145
0,0,0.0006056733115638269
0,0,0.00014559913587358221
0,0,0.0006006344895956213
1,0,0.3033802872878195
0,0,0.007166774480381849
0,0,0.26674881164505776
0,0,0.05703747019473297
1,0,0.27018336049223807
0,0,2.6300938839966942e-05
0,0,0.0003772689171949854
0,0,0.0007053473882014275
0,0,0.0002538641733997284
0,0,9.237342808996958e-05
0,0,0.022103191650333164
0,0,0.00011740006524812458
0,0,1.0015081586708597e-05
1,1,0.9999274505793021
0,0,0.09752145132972381
0,0,8.482969413443364e-05
0,0,1.9051843189850984e-05
0,0,3.2844567050928924e-05
1,0,0.06803887346314973
0,0,0.0002345795550429306
0,0,1.2871060639919553e-05
0,0,0.0021828284641542016
0,0,0.0174527143745716
1,0,0.034726433847941454
0,0,6.070197816384129e-06
0,0,0.0008144620231789616
0,0,6.053489097765351e-05
0,0,0.007284455345539571
0,0,0.14988004099068342
0,0,0.00017225853789767112
0,0,0.0003372953411999256
0,0,0.11401468739655225
0,0,1.5555667214416915e-05
0,0,0.2779776318808647
0,0,0.0006359326841655715
0,0,3.107284137318071e-05
0,0,0.005302312816108834
1,1,0.9972158249777877
0,0,0.00030491043799629796
0,0,0.00037967715430659076
0,0,3.5568037626491e-05
0,0,4.029289042813511e-05
0,0,0.04004595669647519
0,0,0.007493341295653326
0,0,0.0006421927775560295
0,0,7.93154494343399e-05
1,0,0.023045463204373035
0,0,3.571692769639363e-05
0,0,0.2596754412630041
0,0,0.038077932220606556
1,1,0.9978502747602779
0,0,0.000166878424948072
0,0,0.009016163587908778
0,0,0.0003094529404146534
0,0,0.0007789000987003893
0,0,0.004052752816723218
0,0,0.002781432612168275
0,0,0.0003933857955628092
0,0,4.729057243392529e-05
0,0,0.0001504822998631444
0,0,0.000365904250384729
0,0,0.00031885986107839766
0,0,0.00014000592071625995
0,0,0.22567972631834923
0,0,3.110824377900427e-05
0,0,0.0004248945462979522
0,0,0.002891213307081021
0,0,0.003069210176507719
0,0,2.634959485826349e-05
0,0,0.0006456785005513978
0,0,0.0010124145595594193
0,0,1.8897599607913985e-05
1,1,0.9995508994788094
0,0,0.00576065685613618
0,0,0.19751833712928904
0,0,0.02961081715320502
0,0,1.568493132413418e-05
0,0,4.745092648000189e-06
0,0,0.0003425236638088156
0,0,0.0001512742623072982
0,0,0.0001589648051241114
0,0,0.001023739844049078
0,0,2.372340119195549e-05
0,0,0.28613255624948275
0,0,8.290804029936912e-05
0,0,0.012331285113680961
0,0,0.00017593104555299613
0,0,0.31273362068590743
0,0,0.0003834320302089119
0,0,2.558712020704009e-05
0,0,0.00043078677294097913
0,0,0.00048528810861149025
0,0,0.0013863449694432159
0,0,0.0005023308342446627
0,0,0.0001661205328924029
0,0,0.0003938837669597376
0,0,0.1372629498442607
0,0,0.0007723838133938677
0,0,0.0007313230167055494
1,0,0.10797246990095344
0,0,8.292273226032998e-06
0,0,0.013119816289709952
0,0,0.03487686276363742
1,1,0.9985585844944515
0,0,0.12507901131602442
0,0,2.1052124547475314e-05
0,0,0.0029361361198974234
1,1,0.9986256127149902
0,0,7.05739997021001e-05
0,0,4.9423932015981296e-05
0,0,1.1030031942538588e-05
0,0,0.007720279467887675
0,0,0.00027592898687752777
0,0,0.00476344501437047
0,0,0.0001244382236589034
0,0,0.0005176061502660218
1,1,0.9984212105600974
0,0,0.15408448364645902
0,0,0.13463583403996726
1,1,0.9981586795652514
0,0,8.215389492015205e-05
0,0,0.14930591650696592
1,1,0.9958556932048401
0,0,3.724548525388945e-05
0,0,0.0002673628668265538
0,0,0.00016621107768761682
0,0,5.56541763314482e-06
0,0,0.00021476372047004135
1,1,0.9979663573657173
0,0,0.0001879170305583465
0,0,6.685222947842985e-06
0,0,0.0003063267859441283
0,0,7.078911680652457e-05
0,0,0.0016739256868074143
0,0,1.7100777068878664e-05
0,0,1.772698165751663e-05
0,0,0.09842472474823165
0,0,0.03552995417989097
0,0,0.011580713293097029
0,0,0.000573446604097809
0,0,0.0005486363750962462
0,0,0.000370735980525604
0,0,3.716686324232748e-05
0,0,0.0003675594855551994
0,0,0.2645728707760961
0,0,6.197854456885933e-05
0,0,0.09524086684843695
0,0,0.0002585366550339593
0,0,0.0008548975160910318
0,0,0.011099914895264669
0,0,9.213690717361565e-05
0,0,0.00022297731918444172
0,0,0.0002655295635937794
0,0,9.418393483580397e-05
0,0,0.005273855418865383
0,0,0.08242189993328147
0,0,0.014192187999346016
0,0,0.0004184948898739771
0,0,0.07638409819708768
0,0,0.07822815089898208
0,0,0.0008813938997161411
0,0,0.0005945881626118135
0,0,8.386141162996287e-05
0,0,7.06289198352907e-05
0,0,6.807473034369587e-05
0,0,5.281646625961091e-05
0,0,0.3282808156165799
0,0,0.0005169895336890327
0,0,0.01298927559081443
0,0,0.0009628768854612072
1,0,0.32311002059427035
0,0,0.0004884519600591355
0,0,0.007362673530515659
0,0,0.0001520505587791893
0,0,6.2505837813418916e-06
0,0,0.00014644682407641163
0,0,0.00022294072513609863
0,0,0.047066898129826285
1,1,0.9984396766453517
0,0,0.0003606020583973225
0,0,0.3097088940492205
0,0,3.551824800112045e-05
1,0,0.3908218914416908
0,0,0.0113526565340086
1,1,0.9993571647471583
0,0,0.008671995142983602
0,0,0.0032372717511743344
0,0,0.007641927480330722
0,0,0.00018474566936208198
0,0,3.8054311206910196e-05
0,0,0.0013707381075735812
0,0,0.005678526286708092
0,0,0.0004293246211203952
0,0,4.873901187766723e-06
0,0,0.00019408786302469282
0,0,0.36975169035058864
0,0,0.017684807483533942
0,0,0.0005718016658140775
0,0,0.0013127379537817454
0,0,0.030256320480889547
1,1,0.992698954649684
0,0,0.001595819151403041
0,0,0.00036253582009568384
0,0,7.495523026878697e-06
0,0,1.3426191418945978e-05
0,0,8.785280810572428e-05
0,0,0.0007289569937032137
0,0,0.0002898688580691184
0,0,0.00036753960815940603
1,1,0.9995188763353052
0,0,0.0006705320027751378
0,0,0.00596761481427009
0,0,0.00021118278179081598
0,0,0.010356695863963074
0,0,0.0017106641628821067
0,0,0.0004254973513445348
0,0,0.0010490053891759337
0,0,0.00013771861505852058
0,0,5.5259753070442865e-05
0,0,0.0008670371637482306
0,0,0.00702905054120608
1,1,0.9998916982159879
0,0,3.441268265896598e-05
0,0,0.09410521796645362
0,0,6.690503293000457e-05
0,0,0.0007144540286576259
0,0,0.010963810657474211
0,0,2.072360133438823e-05
1,1,0.9981310036667109
0,0,0.0001904713936554743
1,0,0.0576018464822912
1,0,0.30940133472517006
0,0,0.00037253938560872206
0,0,0.00037370066937591844
0,0,0.0001795633832629607
0,0,0.00021507288063011274
0,0,5.742035512705889e-05
0,0,0.0060239682766853415
0,0,0.00023175193413864443
0,0,0.007671911171184321
0,0,0.0008865603927121457
0,0,0.015749077008973482
0,0,0.00010026176665810132
1,0,0.3376530843215828
0,0,0.00015726721848122364
0,0,0.00018143829403718476
0,0,0.0886712220950413
0,0,0.05810989252969758
0,0,0.15050395359668362
1,0,0.033059141124209754
0,0,0.0007153906773550723
0,0,0.014762255090653707
0,0,9.304667489549704e-05
1,1,0.9975836454514738
0,0,0.08205076897174547
0,0,0.000130360442824511
0,0,2.816567577699203e-05
0,0,0.004682740783579515
1,1,0.9999653157524149
0,0,0.00042086526859116675
0,0,0.0005740743127000833
0,0,0.0003339509799272116
0,0,0.0019684633950036133
0,0,0.016291254985140988
0,0,0.0017638323737927204
0,0,0.0007418167353119154
0,0,0.0010414124192432797
0,0,0.21203528966232857
0,0,0.04652823213033416
0,0,0.0002827941239186596
0,0,0.0002734671568331785
0,0,0.0004081555339423423
0,0,0.0005289199068759985
0,0,1.092834464793966e-05
0,0,0.00016217867066861436
0,0,2.9465872077015944e-05
0,0,5.844258187820322e-06
0,0,6.604844297679492e-05
0,0,0.00044559242534686854
0,0,1.7545933194875638e-05
0,0,0.001856541208961104
1,1,0.9999488789872183
0,0,5.186317888936329e-05
0,0,0.04304108403163071
0,0,4.221159130640846e-05
0,0,0.0959984127010525
1,1,0.9957163797082788
0,0,0.054795768047797594
0,0,0.00020498226250758697
0,0,0.010402549626297731
0,0,1.2018614942163387e-05
1,1,0.9999813290351579
0,0,0.0012336758476851203
0,0,0.00022073192347573815
0,0,0.003839052940047526
0,0,0.001369467341439555
0,0,0.0016678058438339073
0,0,0.0003418907266135742
0,0,3.551857735189147e-05
1,1,0.999969701144324
0,0,0.027924624619592414
0,0,0.0034762351221564887
0,0,0.000244944605834656
0,0,1.3813901515972811e-05
0,0,3.393785013808485e-05
0,0,3.291647270976907e-05
0,0,0.013864612513790172
0,0,0.06323605906393465
0,0,0.038686909639894906
0,0,0.0006326057107544383
0,0,0.0008536497962897889
0,0,1.940662719273724e-05
0,0,0.0007390319160835447
0,0,0.011437313164087533
0,0,0.0004348125343719865
0,0,1.750426905926048e-05
0,0,6.606848748707495e-05
0,0,0.00017832195981130775
0,0,0.01919942883253652
0,0,0.21770519096466776
0,0,0.00030285124893978207
0,0,0.2503519242154401
0,0,1.8677296088318645e-05
0,0,0.06922521785155734
0,0,0.00012520120163292498
0,0,0.01147745555300568
0,0,8.10190306830093e-05
0,0,0.006610243631979667
0,0,0.00036089043307133524
0,0,3.896096274246512e-05
0,0,0.00018139541527095051
0,0,0.00015859409754712293
0,0,0.2678497628218595
0,0,7.1319485682916456e-06
0,0,0.024159674145124432
1,0,0.07517543934146197
0,0,1.9164695171400155e-05
0,0,0.008292873973849518
1,1,0.6196502194858579
0,0,0.025303932074378283
0,0,0.04659387187793351
1,1,0.9992384441939561
0,0,0.0009739721413734308
0,0,7.0535601353329725e-06
0,0,3.857135576395732e-05
0,0,4.104130263222683e-05
0,0,2.0202417717998443e-05
0,0,0.22806502946623225
0,0,0.0037523532691847964
0,0,0.07641707416270638
0,0,0.0002703769898632304
0,0,0.00011683184433209067
0,0,0.00046717858493144335
0,0,1.4256179617078283e-05
0,0,0.0020049698412506166
0,0,0.0005712868745024655
0,0,0.0007258721702550924
0,0,0.022641815332037542
0,0,6.0753692669301934e-05
0,0,5.1364245942612973e-05
1,1,0.9939768978327194
0,0,0.24867755186600918
0,0,0.0021157253343834868
0,0,0.04568354881478648
0,0,0.03039212535008501
0,0,0.0002655300499456306
0,0,0.0006318986221369884
0,0,0.0047380718358246985
0,0,0.0002013488753128869
0,0,0.00015925429545006223
0,0,0.00037521709965522847
0,0,0.0003315849373790317
1,1,0.9986610201594811
0,0,0.02337555826965112
0,0,0.0005423277921949442
0,0,4.1218143560882905e-05
1,1,0.9999121530247326
0,0,0.21264051663918906
0,0,0.0005894478896774422
0,0,1.0245071799404947e-05
0,0,0.0011382124711553788
0,0,0.008139541198889306
0,0,0.00011683184433209067
0,0,0.00029977635316723593
1,0,0.20467427990564852
0,0,0.059358793310727374
0,0,0.00030850410830476503
0,0,1.9404736159916692e-05
0,0,0.0008525402349370272
0,0,3.5514426396381087e-06
0,0,0.00023955849766251643
0,0,0.00034169698863748064
0,0,0.00011488481030322483
0,0,0.000334921764463886
0,0,7.072197540278198e-05
0,0,0.005599731345888713
0,0,0.07109506686806076
0,0,0.0003605863309731273
0,1,0.5290534893539477
0,0,0.02907465609437739
0,0,0.00034834068038744104
0,0,6.555500490920366e-06
0,0,0.0008455102459248905
0,0,0.006791975993398639
0,0,0.005857597309404676
0,0,8.458021787403357e-05
0,0,0.04888594983891361
1,0,0.10262323252333803
0,0,0.008462840251761167
0,0,0.10641790412237127
0,0,0.0001237802506574875
0,0,2.2904564137225408e-05
0,0,1.232281497781785e-05
0,0,0.012745654210052809
0,0,0.09395228772027103
0,0,0.004828263609311854
0,0,0.01665703247844462
0,0,0.00012467905732969423
0,0,0.0001148649666282536
0,0,0.0015749499956606021
0,0,2.8301691609079282e-06
0,0,6.438344622439082e-05
0,0,0.00015462810015799157
0,0,0.0013771168062688267
0,0,0.022304544731101685
0,0,0.00019476503710582122
0,0,0.3164141884651821
0,0,0.00029968541323995127
0,0,0.01599662973007154
0,0,5.258903132494768e-05
0,0,0.09223746690195887
0,0,1.7435033489855805e-05
0,0,1.596192062550294e-05
0,0,0.38946421573942935
0,0,0.00039213575768221997
0,0,0.00010811678539688272
0,0,0.00011320605172090164
0,0,8.0937034865765e-06
0,0,4.910739658382688e-06
0,0,4.861209559410942e-05
0,0,0.05711635639758498
0,0,8.954009364228079e-05
0,0,5.934833972849823e-06
0,0,0.00014780920906662859
0,0,1.308496823535957e-05
0,0,0.0005305008095338568
0,0,9.587059366471467e-05
0,0,0.008554938233307876
0,0,0.008913209552098705
0,0,1.670538312674871e-05
0,0,7.115312486714228e-06
1,0,0.11007986440047299
0,0,2.286609163539285e-05
0,0,4.275201066458298e-05
0,0,0.026688892095200804
0,0,0.0002752426377640135
0,0,0.00010696805825568642
0,0,0.00047907659702020074
0,0,0.012493130407440512
0,0,0.002141724278241834
0,0,0.0005322844620937096
0,0,0.00013020801398133845
0,0,0.243872339235642
0,0,0.00030883782373474313
0,0,8.063272040631242e-06
0,0,0.050200552684451415
0,0,0.008090447906036765
0,0,0.10397845413038263
0,0,0.1612957305744899
0,0,0.04494756079470978
0,0,4.3301932520733495e-05
0,0,3.459987389245184e-05
0,0,0.00018203384683880086
0,0,0.007834914075387455
0,0,0.0031687852960406953
0,0,0.00102755260389207
1,0,0.11336935196025921
0,0,3.834190461859746e-05
0,0,0.18338387508962598
0,0,0.0011454790495471483
0,0,0.009370004696839197
0,0,0.0005113028199432672
0,0,5.4685186649194367e-05
1,1,0.9978403788080621
0,0,6.409662711451581e-06
1,0,0.48238587084530427
0,0,1.670538312674871e-05
0,0,0.0004058001599141468
0,0,0.1498823227421141
0,0,0.0008730242632223635
0,0,0.000158455341781728
0,0,0.024608443600503037
0,0,0.0002635484096943736
0,0,0.000308141652705359
0,0,8.124310123148806e-05
1,1,0.997001442097367
0,0,0.02788691034001512
0,0,0.004497362327805376
0,0,0.057384818785098615
1,1,0.9999665375289434
0,0,5.357533669304515e-05
0,0,0.00012704017307713311
0,0,0.10663805911602454
0,0,0.12827091788321326
0,0,0.0005236080759338969
0,0,0.10314504578547155
0,0,0.023926970124211678
0,0,0.00018512583569727585
0,0,0.0004892223465371954
0,0,5.215709642607393e-05
0,0,0.00023289565767698085
0,0,0.002967140762940552
0,0,0.0003541910394709822
0,0,2.5892631633871985e-05
0,0,0.0027478144428716763
0,0,0.00018930174861233088
0,0,0.431261298986389
0,0,0.07094900548140874
0,0,1.654735784580199e-05
0,0,0.0001908238008863354
0,0,0.022429741646387988
0,0,4.996979620924623e-05
0,0,1.8340012099888898e-05
1,1,0.9995220670109007
0,0,0.00018733906404267987
0,0,8.558059912123879e-05
0,0,0.00020533502312318965
1,1,0.998139860101521
0,0,0.059820101289367544
0,0,1.0008061628809801e-05
0,0,0.0002967148660601032
0,0,1.9064903800868157e-05
0,0,0.000868798414775401
0,0,0.0004330784410848545
0,0,0.15407380566717616
0,0,0.018726486783358642
0,0,0.03220506903237221
0,0,2.7533288134206072e-05
0,0,0.0002652259805354234
0,0,0.00027513803774358
0,0,0.00029046501806717455
0,0,0.00032724646104228226
0,0,8.835450886672327e-05
0,0,0.004981017938712232
1,0,0.08386328269264323
0,0,0.000970138045769963
1,1,0.9989713696959854
0,0,0.00027199183971991244
0,0,0.015411366126908035
0,0,0.0002132039793622928
0,0,0.006341720176840003
0,0,0.00030774617581943173
0,0,0.020079824982794314
0,0,0.08870144533442932
0,0,0.12782524948662774
0,0,0.000197448454179245
0,0,0.019843631678255886
0,0,0.00022756498564192347
0,0,5.430074540622215e-05
0,0,7.357213075398459e-06
0,0,9.040388697275174e-05
0,0,3.786687111348913e-05
0,0,0.00011962408559519954
0,0,0.0005460733904141453
0,0,0.12598569716048896
0,0,0.07424248117927741
0,0,0.015027327998969121
0,0,0.0006774057949881032
0,0,0.0022087917868978337
0,0,3.3464230366608585e-05
0,0,0.05162186776102795
1,1,0.9988256030540302
0,0,0.3070801386128311
0,0,0.07066177262331808
0,0,0.00010277221574535798
0,0,2.1195380902285004e-06
0,0,0.07211598471702808
0,0,3.671746384557785e-05
0,0,1.8199178875206652e-05
0,0,3.724548525388945e-05
0,0,0.18178090832797852
0,0,0.0018419591959006971
0,0,0.04376895661805683
0,0,6.281893306975691e-05
0,0,9.011721595087723e-05
0,0,0.15425919445849945
0,0,0.05461910933409655
0,0,0.00297419923567418
0,0,1.4669497721049108e-05
0,0,0.249273796914764
0,0,5.562006489202398e-05
0,0,0.16876933778254202
0,0,0.007816321266439623
0,0,0.0002340297900513709
0,0,0.0006197432465152843
0,0,2.2581696312602002e-05
0,0,0.014035924368792878
0,0,0.00021602267052169943
0,0,0.00040929464286048695
0,0,0.08512409055888953
0,0,6.090376843458838e-05
0,0,2.3291594323635574e-05
0,0,0.00021342827458032784
0,0,0.18298379384852492
0,0,0.03931287365621527
0,0,6.588896609091493e-05
0,0,4.227140408553802e-05
0,0,0.00010647362312250808
0,0,0.000543615357823757
0,0,0.04663670057371307
0,0,0.0012592818937567243
1,1,0.9999420341463512
0,0,0.000294332989612272
0,0,0.009559718147529485
0,0,1.3572627847565086e-05
0,0,3.3294288242031904e-05
0,0,0.14662065067216185
0,0,0.00027502664284997593
0,0,1.4229530998433422e-05
0,0,6.788832128002854e-06
0,0,9.49572436880634e-06
0,0,0.0003750774879421004
0,0,0.007249058494230571
0,0,0.0001978543204965293
0,0,0.00044961033986036416
0,0,0.0006406986915038197
0,0,0.24511297590878897
0,0,0.000386314804625095
0,0,0.01186634021253719
0,0,0.0007518748375538273
1,1,0.9999526068703619
0,0,2.9616707589880717e-05
0,0,0.0019745478877799946
0,0,0.0007492488889103793
0,0,2.260373083153745e-05
1,1,0.9989746465070686
0,0,0.00018298550581668052
0,0,0.0006637449994664666
0,0,0.07297721348032707
0,0,0.048004622866842504
1,1,0.9974115707773338
0,0,7.64394883669612e-06
0,0,6.685222947842985e-06
0,0,0.02811721170380587
0,0,0.040304752112285944
0,0,0.07966644880198095
0,0,0.003357484626194225
0,0,8.736457680407664e-05
0,0,0.24746689517040588
1,0,0.008183196590318232
0,0,3.438989110789654e-05
1,0,0.4120007371168506
0,0,4.4308893129021495e-05
0,0,0.00022917022851880357
0,0,0.05373368746488932
0,0,0.0006883227077610813
0,0,7.064574390636767e-05
0,0,0.0002871811387776143
0,0,8.39778292531477e-06
0,0,0.00041453951810994986
0,0,4.814961523701176e-06
0,0,0.13944993509730963
0,0,0.0005532718261967986
0,0,0.00040904486085224524
0,0,0.40237943685645483
0,0,0.0008845707909998016
0,0,0.00013585694378797673
0,0,0.0006834681396530722
0,0,2.4358618521014503e-05
0,0,0.00015515627758191204
0,0,0.1846805038944145
0,0,4.3498269549790335e-05
0,0,0.09799227528344702
0,0,0.008716369470520603
0,0,0.09726511321074013
0,0,0.00881975821342925
0,0,0.00031738204037979906
0,0,5.7736416951314055e-05
0,0,0.000661775403649109
0,0,0.0020267941066151327
1,1,0.9999068480112412
0,0,0.00045516386621195657
0,0,0.14458461448825413
0,0,0.00027572621897731416
0,0,9.222504474374008e-06
0,0,0.006151363042437715
0,0,0.014562638699710693
0,0,0.00010569819857369568
0,0,0.0001154187998226511
0,0,0.0040578530696913995
0,0,0.00058878170671164
0,0,0.00033620720486721183
0,0,0.03465483297610218
0,0,0.00029984589787312364
0,0,0.00019417849702204837
1,1,0.9990143372288334
0,0,0.005471824711769946
0,0,0.1688590596678759
1,1,0.9974288912684239
0,0,0.0001883082121346618
0,0,0.00020499886233389035
0,0,0.05706066879679121
0,0,1.9118090199552067e-05
0,0,0.4596642697090716
1,1,0.9998855762621897
0,0,0.013766203469407426
0,0,9.776467643768799e-05
0,0,0.0428047493525851
0,0,5.242041841464351e-05
0,0,0.0001789105601028174
0,0,7.852338938783643e-05
0,0,0.013162162271332397
0,0,2.032892467036368e-05
0,0,0.23962940151434092
0,0,0.00032814372616825067
0,0,0.08295950978888843
0,0,0.002645914062416983
0,0,0.00019212995426938465
0,0,3.294763717344998e-05
0,0,0.0010279288991912117
0,0,6.110072822555625e-05
0,0,0.00013332419647035722
0,0,0.00033056304724544874
0,0,0.00013938982964213157
0,0,2.602296363643827e-05
0,0,2.3005539498997604e-05
0,0,2.8910995312109047e-05
0,0,0.0004588554138153396
0,0,0.00046900701515783345
0,0,0.014871053055825385
0,0,0.0004905936404413467
0,0,0.0009759296036652713
0,0,8.232893184742227e-06
0,0,0.00017672803507070878
0,0,2.4717274030040915e-05
0,0,0.08056386438335159
0,0,0.15384668806927088
0,0,0.0003591997579030936
0,0,0.01831450064929772
1,1,0.998424948825585
0,0,0.0002013875471699472
0,0,0.10804226540554326
0,0,0.036187512175062726
0,0,3.6284910513365354e-05
1,0,0.49323722949092136
0,1,0.5855226872056845
0,0,0.00022129711546852379
0,0,0.049127465699602184
0,0,0.0009032912261937833
0,0,0.0005764571883744032
0,0,3.555018930670166e-05
0,0,0.0034872146259012234
0,0,0.00012580189770984262
0,0,2.0097279442466035e-05
0,0,0.0004014528810140009
0,0,4.0631159790443834e-05
0,0,0.2343043473397951
1,1,0.9994950351526678
0,0,0.0004813232491206372
1,1,0.999051872358958
0,0,0.0013723641737534986
0,0,0.0060437516460140304
0,0,0.0002304651195899044
1,1,0.9978310954458306
0,0,0.1942877146148583
0,0,0.0006528277201609104
0,0,0.00038134655771123875
0,0,0.037065285025700986
0,0,0.0007825248583498772
0,0,0.00036573592018337287
0,0,0.0002013073153713401
0,0,4.7012354271524975e-05
0,0,0.0004333948189517748
0,0,2.416984383043075e-05
0,0,6.277630599012001e-05
0,0,0.011968599532994189
0,0,0.02518350403366981
0,0,0.030100103344537704
0,0,0.00010527021774499182
0,0,0.00011754838729649923
1,1,0.9988350070062847
0,0,0.00037278753951772126
0,0,0.040963296010810724
0,0,2.5566354284362452e-05
0,0,0.0003629514510276932
0,0,0.00015058217411155174
0,0,0.0010431106750618216
0,0,0.0004943723417363146
0,0,0.0004249176049205405
0,0,0.20011966690930333
0,0,0.0001732131212630379
0,0,0.0002865820676971795
0,0,0.00037234779321454025
0,0,3.6078768486463114e-05
0,0,0.2037986073976289
0,0,6.033092480457447e-05
1,1,0.9999673051685736
0,0,0.00017953396168266607
0,0,0.00044738719676709946
0,0,0.0003867306584909445
0,0,0.0007958187576928966
0,0,0.0004589950728458025
0,0,5.562006489202398e-05
0,0,0.00569289575562065
0,0,0.04682365291735499
0,0,0.22527678832722783
0,0,0.17803140445132398
0,0,0.0008748744080839616
0,0,0.027824780479268073
0,0,0.001055811046617509
0,0,0.00033396279199295027
0,0,0.2336876753793704
0,0,0.16509246262951233
0,0,1.1030031942538588e-05
0,0,0.0006309715005774233
0,0,0.0004515948353966536
0,0,4.603538845774096e-05
1,1,0.996566358483556
0,0,0.0003073393192299376
0,0,9.815454945550577e-06
0,0,7.119114643495668e-06
0,0,0.00044523052646116353
0,0,0.004984758057457073
0,0,1.1398674239192692e-05
0,0,0.0007452800757033935
1,0,0.3689571709037613
0,0,5.55392695012508e-05
0,0,0.00042763801587554197
0,0,0.00017161662839522497
0,0,0.03208789542011175
0,0,0.01525525111957647
0,0,0.00022532378812048563
0,0,0.0014224647646031486
0,0,0.0008234805422502573
0,0,0.00020696105448050168
0,0,6.174797355817112e-05
1,0,0.107427011050341
0,0,0.03793192520266304
0,0,0.00016690154350255
0,0,0.00095703342671614
0,0,0.00020473493972384622
0,0,0.015310605690143964
0,0,0.00013903778561309693
0,0,0.0010976248407518396
0,0,0.09755350255508125
0,0,0.00018842420703286576
0,0,0.030884254050147195
0,0,3.120457342063045e-05
0,0,3.607733545220325e-05
0,0,0.006389983012416226
0,0,0.00018498959799414678
0,0,0.29649130579832
0,0,0.00957959028909234
0,0,0.00036605405960927557
0,0,0.0003042031893005906
0,0,9.0479318763633e-05
0,0,0.0014782502787609496
0,0,7.579158722825157e-05
0,0,0.10912628992520561
0,0,0.00046837239064901937
0,0,0.00021565760044059645
0,0,0.04930950484908143
0,0,0.000153560443447969
1,1,0.9994168294599935
0,0,0.00031025670792489456
0,0,4.9423932015981296e-05
0,0,0.13588690059319217
0,0,0.00015730869399655385
0,0,0.0002581416983984189
0,0,5.443235401084168e-05
0,0,0.0031251650637278464
0,0,0.00045336695882204603
0,0,0.0017253079028112205
0,0,0.0002256798354475146
0,0,1.2373577027008272e-05
0,0,8.58072370502739e-06
0,0,0.0004005190198339146
0,0,0.123292145795157
0,0,0.0003907313405158363
0,0,0.0014593070714801575
0,0,0.001076134370536511
0,0,0.00020139768010574502
0,0,0.000371347553779407
0,0,0.010655021909255678
0,0,0.0019396375565956287
0,0,0.00010425042864442054
0,0,0.008179023137048408
0,0,0.00024404955785840856
0,0,0.00033793060985750647
1,1,0.9993466349486522
0,0,0.00013004041114462558
1,0,0.33659726432575104
0,0,2.118604012407469e-05
0,0,8.937951591693255e-06
0,0,0.0002725906426763571
0,0,0.012844035768191934
0,0,6.800561302394382e-06
0,0,0.03407316572338606
0,0,0.00018086769223548134
0,0,0.00011953715675177499
0,0,0.013138994203042207
0,0,0.05280690024613651
0,0,0.002012811200369945
0,0,0.00032252350770089485
0,0,5.404348832847544e-05
0,0,6.434537372805589e-05
0,0,4.3480880331248034e-05
0,0,0.17532261207104924
0,0,0.04646158319847206
0,0,0.00039706954530806135
0,0,3.90233524899348e-05
0,0,0.0001916849509934733
1,0,0.09403747684290482
0,0,0.00041723140404944375
1,1,0.9982438191005938
0,0,0.41974119539712884
0,0,0.0001645731552096476
0,0,0.00019136522389192896
0,0,0.0007199465585348345
1,1,0.9987497633162782
1,0,0.22938065156361126
0,0,0.0010936795175528462
0,0,0.00019695423856544848
0,0,0.0002443849421491499
0,0,0.26318990177829193
0,0,8.307379213908131e-05
0,0,0.000502229112404372
0,0,1.3819047480832587e-05
0,0,0.023627789800276265
0,0,7.777144637130103e-05
0,0,0.0002776462582795508
0,0,0.07767530294956554
0,0,4.004960580286646e-05
1,1,0.9989300175463255
0,0,0.0003467346163515881
0,0,0.0001281684203774353
0,0,0.00017166877243362545
0,0,0.36331141921798105
0,0,8.494306974654154e-05
0,0,0.00010782142610688743
0,0,0.20460333192128727
0,0,6.362072365640419e-05
0,0,0.11217477811212258
0,0,0.00013048170174058846
0,0,1.4455373693432374e-05
0,0,0.14541485296140125
0,0,0.15452057586594312
0,0,5.562006489202398e-05
0,0,0.00021259927432051048
1,0,0.09951688079965036
0,0,0.011507874520595903
0,0,0.15302830850402405
0,0,0.00015804131719622267
0,0,0.008237078756078998
0,0,0.00032780270498781105
0,0,3.66058417017795e-05
0,0,0.00027711409576180654
0,0,0.0001949645623432745
0,0,0.0311820890731488
0,0,0.003670089480404712
0,0,6.382486228069181e-05
0,0,0.16100233500669506
0,0,0.0003906478369760602
1,1,0.9968749908537411
1,1,0.9990909653273238
0,0,0.00686890790467185
1,0,0.15100937516271418
1,1,0.9965595388749965
0,0,0.00015906190143681083
0,0,0.00037603818722547
0,0,4.406246109960988e-05
0,0,0.00011474887896163314
0,0,0.002221138247983032
0,0,0.06811634691563351
1,1,0.9990549876287532
1,1,0.9978325024012848
0,0,0.00029935952477883634
0,0,1.040230794602308e-05
0,0,1.2131683066409934e-05
0,0,0.35590627594728796
0,0,0.00041905277820836613
0,0,0.001992750836388006
0,0,0.001015844348113497
0,0,0.08208004386818278
0,0,0.00030295495120230526
0,0,0.0002835892178643244
0,0,0.0265332498843524
0,0,0.000350456207529756
0,0,0.00047336711506831705
0,0,0.0004000334026250308
0,0,0.0006123444287726491
0,0,0.008537066272016367
0,0,0.0003926408644880488
0,0,7.0535601353329725e-06
0,0,2.4782774592984397e-05
0,0,0.004971647493718076
0,0,1.270997136834373e-05
0,0,0.0011690488415350688
0,0,0.01442768003341063
0,0,0.012036434556324298
0,0,0.004195423895174872
1,1,0.9954290911992304
0,0,8.99719454231185e-06
0,0,0.00018512684471775145
0,0,0.18399669109755712
0,0,0.0008005592384252371
0,0,2.2212093587084375e-05
0,0,0.00023939521447914776
0,0,8.532757493658935e-05
0,0,0.0002759300996667533
0,0,0.0005957860678674095
0,0,0.0016712642529593891
0,0,0.00023784352330444557
0,0,0.0005111744449755578
0,0,1.750426905926048e-05
0,0,2.621365586522547e-06
0,0,0.001437370165168376
0,0,7.5872431212552e-05
0,0,0.050662838583552076
0,0,0.008745215988898809
0,0,0.0004823337269576117
0,0,0.00032566668865161426
0,0,0.006246470348693916
0,0,0.0001556521744830059
0,0,0.034283737570204725
0,0,0.00031004477712142097
0,0,0.00012009535086249612
0,0,0.05212594997319796
0,0,3.3428043047340634e-05
0,0,3.9074777330170506e-05
0,0,5.086873220438304e-05
0,0,2.453768792489431e-05
0,0,7.336759461439599e-05
0,0,0.0006149853755158839
0,0,0.00042484988598845056
0,0,0.0024895431813230346
0,0,0.00024352987981768838
0,0,2.4496783283786323e-05
0,0,0.006586632669102587
1,0,0.24036742221099708
0,0,0.0008212011737730719
1,1,0.9985960210923971
0,0,0.00010824644087907459
0,0,8.463956993687231e-05
0,0,4.3493952545692665e-05
0,0,0.0003696158150409953
0,0,0.06690392205203008
0,0,0.0001365787560585433
1,0,0.332654550659193
0,0,0.11800922569264272
0,0,0.0008727460270632876
1,1,0.999981399643185
0,0,0.05058831727945992
0,0,0.09634779840067899
0,0,0.00019136084677034504
0,0,0.008762929927512316
0,0,0.0003884137196097699
0,0,0.00026959286594792613
0,0,0.008960202473153251
0,0,0.005327938625730802
0,0,0.1683789810640188
0,0,4.064549427479566e-05
0,0,0.00026854254932787684
0,0,0.0027918864535562793
0,0,0.001632773917419412
0,0,0.00016423030915351216
0,0,0.00028132371795472854
0,0,0.05886625431434523
0,0,0.00043993649255034424
0,0,0.0002741430516587877
0,0,0.0028261628201894954
0,0,0.0008038362379737184
0,0,0.004061460858883283
0,0,0.0045361858472547836
0,0,0.00011174440423189942
0,0,6.404905352001472e-05
0,0,0.0015162572493321361
0,0,0.00033614583468722915
0,0,0.010744812161958281
0,0,0.000298826229072018
0,0,0.0006149853755158839
0,0,5.419600959203701e-05
0,0,0.02108986472301612
0,0,0.019692150679974672
0,0,0.0007532929879577827
1,1,0.9994906829347221
0,0,0.00019335501558285812
0,0,0.0007553414307995595
0,0,0.0002455249990209395
0,0,2.010783164227613e-05
0,0,3.853792084697071e-05
0,0,0.004020368559261518
0,0,0.0004585843934380059
0,0,0.00021578951590491658
0,0,0.00023799346217337063
1,1,0.9987773407418767
0,0,0.1338409659622827
0,0,3.8391103266861695e-05
0,0,5.8763878923967074e-05
0,0,2.5871539850882933e-05
1,1,0.9977298689368671
0,0,0.0008431385256945866
0,0,0.000430298979616372
0,0,4.905235135795176e-05
0,0,1.3431637360469948e-05
0,0,0.001249424663629485
0,0,0.027291301385682455
0,0,2.1345412721210095e-06
0,0,0.0002104732841719968
0,0,0.1050772567448125
0,0,0.030339773078995273
0,0,0.00027662481412275543
0,0,0.043277751418896844
1,1,0.9999731807015927
0,1,0.7055960568579419
0,0,0.000316987699825018
0,0,1.6883737892720722e-05
0,0,2.281699290484818e-05
0,0,0.00704837472471189
0,0,0.00013606083654050383
0,0,0.23390439610231153
0,0,4.738070626641764e-05
0,0,0.019116122588479355
0,0,0.0015265023286341064
0,0,0.04616358264999481
0,0,0.0009567987458898697
0,0,0.08282537836385127
0,0,0.0004224720691730197
0,0,3.8315716975149886e-05
1,0,0.41677495650964974
0,0,0.2559409647070527
0,0,0.03234617981096111
0,0,0.19199359611621977
0,0,2.3059613942978444e-05
0,0,3.8731809372512885e-05
0,0,2.0460819106070983e-05
0,0,0.007683056135967684
0,0,0.00043528334956303543
0,0,6.261757339128611e-05
0,0,0.04784242551387748
0,0,0.0014538230427729117
0,0,2.4632555131945967e-05
0,0,0.12154148374667448
1,1,0.9983247303727709
0,0,0.0003494155090391551
0,0,0.0001685203618578179
0,0,9.23780331462854e-05
0,0,4.767991738084795e-05
0,0,0.02991861272739776
0,0,0.0038523922876941823
0,0,0.012586102796690245
0,0,2.138269647953108e-05
0,0,0.007890890963489581
0,0,0.0013100523235288616
0,0,0.00035633708695407
0,0,6.237146641586359e-05
0,0,0.006064284659106455
0,0,0.03713114222490438
0,0,4.199317335722123e-05
0,0,0.021409568729269666
0,0,0.0011987730081050526
0,0,0.00041496991964006457
0,0,0.001210920193953607
0,0,0.002556568567571323
0,0,0.00017899645372772567
0,0,2.6274240078877537e-05
0,0,7.3614976041051735e-06
0,0,0.0512532416812526
0,0,3.230363808678669e-05
0,0,2.024547449611162e-05
0,0,2.0148355484339997e-05
0,0,0.004739113459183353
0,0,2.1921443116373854e-05
0,0,0.22313124441916454
0,0,0.0007690018143419893
0,0,3.134265968726892e-05
0,0,0.0002571499806475839
0,0,0.003933796198933915
0,0,0.0003463911440598232
0,0,0.01749223467098928
0,0,0.00022358379378384848
0,0,0.0001380169232394446
0,0,3.096222801706328e-05
0,0,2.0766807751260245e-05
0,0,0.00037459326008922717
0,0,1.940662719273724e-05
0,0,0.03837120576596938
0,0,0.00038284365264937737
0,0,0.00022066375220071292
0,0,0.0002508237704188215
0,0,0.09127892497016492
0,0,0.00839850528405402
0,0,0.2179231056581507
0,0,0.0004819089679287153
0,0,0.0002788262060846219
0,0,0.012360886501686045
0,0,0.00020297966057160772
0,0,0.0001876124375354942
0,0,0.00015620868800695796
0,0,8.809410559058265e-06
0,0,0.0002884919010168418
0,0,0.0001470916040221053
0,0,1.9962304221360734e-06
0,0,5.9663049158773814e-05
0,0,0.01126270101122121
0,0,0.0009840781810213479
0,0,0.00013048170174058846
0,0,0.00027640007878518725
1,1,0.9999860755618066
0,0,0.00027719630092760034
0,0,3.399884623366172e-05
0,0,0.01966685195217382
0,0,0.006366066974150652
0,0,0.009919104198762543
0,0,0.00022118182809979252
0,0,0.00011279156084110721
0,0,0.02134216388729561
0,0,0.12527471799155548
0,0,0.009091082282637329
0,0,1.0582265106485638e-05
0,0,0.00011059972917925112
0,0,0.00023544947924202474
0,0,5.0071406276947024e-05
0,0,0.010851309985611747
0,0,8.106687558885278e-05
0,0,6.387264593897883e-05
0,0,0.021185358176518017
0,0,0.00016182338494001716
1,1,0.9959953554669081
0,0,0.00010187613338058011
0,0,0.05499177697937847
0,0,0.00012137483639698267
0,0,0.000653875384896327
0,0,0.010617665161865682
0,0,7.099659780209194e-06
0,0,0.0030226514169635296
0,0,0.0003051833242365158
1,1,0.9976469881508109
0,0,0.04481135372725967
0,0,0.0002953015298948644
0,0,4.457888334546127e-05
0,0,0.00015859716233536375
1,1,0.9998781434721382
0,0,3.2722989510492305e-05
0,0,0.00031664253659538814
0,0,9.252867344686524e-05
0,0,0.17191662001094954
1,1,0.9984120757461875
0,0,0.0010238545215794086
0,0,0.05796740824025099
0,0,0.00034255513504425326
1,0,0.18622047298448877
0,0,0.033926245103604015
0,0,7.848482728813579e-05
0,0,6.53558988231458e-05
0,0,0.0003156597166133679
0,0,0.00020071933387955885
0,0,0.012093295547855707
1,0,0.18859654635728934
0,0,0.021666448484452237
0,0,0.002725288539483055
0,0,0.00023408862309948802
0,0,0.028641850157837934
0,0,6.685222947842985e-06
0,0,0.00011683184433209067
0,0,8.911530007347603e-05
0,0,0.00013554177630614522
0,0,0.0017569904397486708
0,0,0.00019168987246659307
0,0,5.130679171156348e-05
0,0,7.06289198352907e-05
0,0,6.931941884167374e-06
0,0,0.00037241684443358884
1,1,0.9999762436549952
0,0,1.2400385815178322e-06
0,0,0.0004020210455033845
0,0,0.000817694240151974
0,0,1.2741652723894397e-05
0,0,0.00036260590595171957
0,0,1.1541028818838961e-05
0,0,0.0052842991834844855
0,0,9.890027290011304e-06
0,0,0.00023458879974248625
0,0,0.005285129951351336
0,0,8.616323907073943e-06
0,0,0.0003730497339814966
0,0,0.002377544588616654
0,0,0.0008117866341726194
0,0,0.14637780676812312
0,0,0.04682365291735499
0,0,6.685222947842985e-06
0,0,1.5553145437975853e-05
0,0,0.06898446617071403
0,0,0.002966475912707796
0,0,0.00013440948891864252
0,0,0.0027213592947837573
0,0,0.000875304807982606
1,0,0.2621028083052973
0,0,0.00010366863705743038
0,0,0.01079495565474066
0,0,0.00026087607909850954
1,1,0.9999615978720648
0,0,5.679431643064242e-05
0,0,0.04908161586190375
0,0,2.660605084122051e-05
0,0,0.003644640377446812
0,0,5.6236660900137956e-05
0,0,0.0002076002561756024
0,0,0.004260689602963354
0,0,0.0002266140617623128
0,0,1.3798643039086845e-05
0,0,0.006934442861272105
0,0,0.20407147745266302
0,0,0.3390183041960059
0,0,0.007980492646702963
0,0,0.09066175868679673
0,0,6.117703830822671e-05
0,0,4.6510900762136674e-05
0,0,3.9105464667018925e-05
0,0,0.0002241526489599498
0,0,0.18692517039738588
0,0,0.1715651528620595
1,1,0.9999840158080215
0,0,0.00024969136957362406
0,0,0.17663739628399963
0,0,0.00025829347883682364
0,0,0.0006884708141889826
0,1,0.5780495660385263
0,0,4.2665616820361605e-05
0,0,0.01001655661944626
0,0,0.014177714183294207
0,0,3.303260286174326e-05
0,0,0.0004664291760714825
0,0,0.0048869903535135656
0,0,0.0003617652541845032
0,0,0.11512523275933025
1,1,0.9999500760935824
0,0,0.0583171614798444
0,0,0.000145203883804062
0,0,0.012198465575450857
0,0,0.04301699299879483
0,0,0.0008830800128129671
0,0,4.782044252295507e-05
0,0,0.0003797138331339952
0,0,0.0006160139869077093
0,0,4.7928957300809674e-05
0,0,0.005000865447255966
0,0,0.048059847488058895
0,0,0.00014358482791118477
1,1,0.9975543133051619
0,0,0.00026629415152551055
0,0,1.445643581325462e-05
0,0,0.019905002456166113
0,0,0.18159670916687198
0,0,0.009853405117391094
0,0,0.0003250450968683114
0,0,0.06708183460621292
0,0,0.009758945794034204
0,0,6.685222947842985e-06
0,0,0.0001839789701667959
0,0,0.0004926607517514088
0,0,2.0820332714994025e-05
0,0,0.0001956584353576122
0,0,0.018597675216593865
0,0,5.906743892828222e-05
0,0,0.03274141750298947
0,0,6.450428132393457e-06
1,0,0.4180185851519095
0,0,0.0005351676490501436
0,0,1.9118090199552067e-05
0,0,0.17539811294766017
0,0,0.005835787402738321
0,0,0.007811630364703109
0,0,0.12361316061893649
0,0,4.5311347130060686e-05
0,0,0.00028895501545476667
0,0,0.0008254361428284016
0,0,0.18173001552189808
0,0,0.0001202687833287366
0,0,0.0039320168663468874
0,0,0.020911226149144223
0,0,0.00010647826601776331
0,0,2.2775702868452644e-06
0,0,0.01553872009032243
0,0,0.0472147312035385
0,0,0.0006086289467343959
0,0,0.053045452420519265
0,0,8.728680640434683e-06
0,0,0.01298927559081443
0,0,2.1345412721210095e-06
0,0,0.00036410819259450076
0,0,1.7417318153282165e-05
0,0,0.00012486983296615818
0,0,0.00040904530008270345
0,0,0.004683462557006692
0,0,0.0007705029045656093
0,0,0.0018010097391558235
0,0,0.01696980549800507
0,0,3.3676667041023065e-05
0,0,0.00035660973734715043
0,0,3.08615101117318e-05
0,0,0.0002570752030471081
0,0,0.07204524867340042
1,1,0.9999512058918185
0,0,6.95648794000265e-05
0,0,0.0008270499738993848
0,0,6.604844297679492e-05
1,0,0.03696836756770399
0,0,0.00010680565442880164
0,0,0.0001233543185153449
0,0,3.142251695363559e-05
0,0,9.105537217555408e-05
0,0,0.1684249683474902
0,0,4.6619965464059214e-06
0,0,0.00011532073546050371
0,0,0.00029441250861221807
0,0,0.04041424707014507
0,0,0.0002579787073970023
0,0,1.5597006998180203e-05
1,1,0.9994258299607895
0,0,1.1941480137802765e-05
0,0,0.0005416554853275093
1,1,0.9999675845436371
0,0,0.031781966797695016
0,0,0.002798096791267774
0,0,0.00024273831438652942
0,0,0.24496573054363333
0,0,0.00034971630142098623
0,0,2.1777130565903038e-05
0,0,0.0002457827548388469
0,0,0.0003886887363924575
0,0,3.2580248234699706e-05
0,0,0.00012073810099824173
0,0,0.00013445257173199884
0,0,0.004760218439903408
0,0,0.0005726053354560307
0,0,0.0007736006917361234
0,0,0.17647787028218956
0,0,1.436649057870048e-05
0,0,0.21306438210758735
1,1,0.9994387152642511
0,0,0.1360956086288627
0,0,0.03440300886259304
0,0,0.0005169895336890327
0,0,0.01010266543101669
0,0,3.772670899549659e-05
0,0,0.002880753609024469
0,0,0.037458618444307284
0,0,0.00011698730147237031
0,0,0.042033822784499346
0,0,0.03764554766442905
0,0,6.70468894186839e-05
0,0,3.294763717344998e-05
1,1,0.9998525256866377
0,0,0.00020836668242838063
0,0,0.000407886478092496
0,0,1.5924449798886927e-05
0,0,4.36449796795497e-05
0,0,4.9203660566895965e-05
0,0,0.00016541966292512922
0,0,0.00017476380949332261
0,0,0.06757391041960965
0,0,5.568057334859614e-06
0,0,3.113375866991533e-05
1,1,0.9959197246184088
0,0,3.560206396791154e-05
0,0,0.0003146408783311418
0,0,0.02824392641667143
1,1,0.999190504019292
0,0,0.000732467613239027
0,0,0.0010250558933783591
0,0,0.0016184508895007298
0,0,0.00032907496860592653
0,0,0.059738430645321285
0,0,0.0012663042805200859
0,0,0.0005995677385370635
0,0,0.0006951873376661639
0,0,5.089505601385914e-05
0,0,0.000280449737290186
0,0,0.00031722625706980244
0,0,0.00017008290732854967
0,0,0.0003497327584910997
0,0,0.0003677005987413376
0,0,0.047469604259631905
0,0,0.00013796393678288193
0,0,0.0003221509321363626
0,0,0.00010523236104579066
0,0,9.590539449042184e-05
0,0,0.00011683184433209067
0,0,0.0034605246766422136
0,0,1.571804242092707e-05
0,0,0.10897281190318016
0,0,0.1571921475881021
0,0,2.5953683234394324e-05
0,0,0.002729480041217647
1,1,0.9999624827746655
0,0,8.982954303921086e-05
0,0,0.020188608619384388
0,0,0.021389875090558147
0,0,0.09767391298169857
0,0,0.012129892286631569
0,0,0.00011818378803609199
0,0,0.00012160286038904745
0,0,8.360766438759141e-05
0,0,0.027699529856334205
0,0,0.009743782149684431
0,0,0.002702525929525378
1,1,0.999964391900696
0,0,0.07190375301345592
0,0,0.0004423461410774957
0,0,0.00021561997869914555
0,0,0.0002934193152417168
0,0,1.433979276180276e-05
0,0,0.00023132874384580062
0,0,0.010704089779565796
0,0,4.456097049877409e-05
0,0,0.01681940541501933
1,1,0.998817380594488
0,0,0.0002904238470106744
1,0,0.44234299029876906
0,0,0.0010398002484653683
0,0,0.031423912174377684
0,0,0.00029419428772374995
0,0,0.0853125581468911
0,0,0.0013767659427277366
0,0,4.861209559410942e-05
0,0,0.014134511434489244
0,0,0.00029719935343173657
0,0,0.18570010612201454
0,0,0.014899491376226875
0,0,0.0034790486430550734
1,0,0.1930138973147327
0,0,0.00019709825826186398
1,1,0.9992048999516616
0,0,0.00014861251369707108
0,0,0.00034707681642696963
0,0,0.058253519773445166
0,0,3.9074777330170506e-05
0,0,0.00023441160448884563
0,0,0.00146794555335479
0,0,0.22076277753275578
0,0,1.3446055814662787e-05
0,0,0.0010450293586543552
0,0,0.0031324387287330613
0,0,0.0271693940035933
0,0,4.456097049877409e-05
0,0,0.005806028634817038
1,1,0.9974079171494633
0,0,0.0026814067829490857
0,0,2.2841426173997937e-05
0,0,0.45695037234294833
0,0,0.06328111383609375
0,0,7.061436226153102e-05
0,0,0.009633244732918293
0,0,4.361813722281257e-05
0,0,0.00017436462153327834
0,0,0.12914894463933313
0,0,0.002057013982434661
0,0,2.123091066071081e-05
0,0,0.0007737615345652973
0,0,0.0012433863860565205
0,0,0.1978525745699609
0,0,4.905235135795176e-05
0,0,0.0012147614225988693
0,0,0.0014342921242891003
0,0,0.002774564224334575
0,0,0.0002580919414267679
0,0,0.017005660295718546
0,0,0.001310349774420878
0,0,0.08255504411121163
0,0,0.0006953394245018617
0,0,0.001023654947497535
0,0,7.042629922994617e-05
0,0,0.33966785461519317
0,0,0.0030862912836215643
0,0,0.0006886489257835708
0,0,5.9380523816044926e-05
0,0,0.07521081101531549
1,1,0.9999733855390492
0,0,0.00017159964650612826
0,0,0.00012812682209263133
0,0,0.001091002505160839
0,0,0.0005535826962711368
0,0,0.0004418472740565822
0,0,0.00020457151209715756
0,0,5.844258187820322e-06
0,0,0.00039743444841841823
0,0,0.00019577609781704902
1,1,0.9956313148620175
0,0,0.011168289477400624
0,0,1.1213767738483965e-05
0,0,0.12739009777564303
0,0,0.0003456534702315992
0,0,0.20982907343305895
0,0,0.012933296912637
0,0,0.0009889366261276375
0,0,0.005714664365225802
0,0,0.0011369193676899392
0,0,3.110824377900427e-05
0,0,5.869987399017103e-06
0,0,0.04085706769157738
0,0,0.1534353271596788
0,0,1.553254244694556e-05
0,0,1.7477907422127604e-05
1,0,0.15163032066845666
0,0,0.03262947991113825
0,0,0.00014672180128443244
1,1,0.9979343966549705
0,0,0.009499203225907167
0,0,2.433479923770829e-05
0,0,0.00015019073159406763
0,0,0.4551105839036276
0,0,0.0006474534505859224
0,0,0.0005836752364054598
0,0,0.00034119886735669864
0,0,0.0549885197801267
0,0,0.000440932985746949
0,0,3.39309539070725e-05
1,1,0.9991296634267974
0,0,0.14281147066669078
0,0,0.0005378842108737808
0,0,0.0005110964846956158
0,0,0.00023683444333147264
0,0,1.0578543971538623e-05
0,0,0.00016662986218300103
0,0,0.011230108847268645
0,0,0.00033117597267507423
0,0,0.0006460518528449468
1,0,0.18742052688872984
0,0,0.15423233955399504
0,0,0.000726710531167343
0,0,0.005791046806947919
0,0,0.0008914239639413825
0,0,7.42065968733261e-06
0,0,0.00014166367042845596
0,0,0.0003507819358692492
0,0,7.52654530541132e-05
0,0,5.4751685699377756e-05
1,1,0.9969583910612502
0,0,0.0003584013865403962
0,0,0.02206772606374594
0,0,0.043176640419252975
0,0,0.029395193009361466
0,0,0.07143627023041106
0,0,8.657442818977381e-05
0,0,0.13983352016872236
0,0,1.5288525405447214e-05
0,0,0.0004095750613207318
0,0,0.0002690197344786914
1,1,0.9923095188798206
0,0,0.0007192494490559189
0,0,0.00019100410536279397
0,0,1.1868285971872683e-05
0,0,0.00022768810812147426
0,0,0.00031520919943007824
0,0,1.4601126716301519e-05
0,0,0.00035031074032038523
0,0,0.0029655642426267897
0,0,0.0001249271066130775
0,0,0.0013565976322524101
0,0,0.057113867696943814
0,0,6.264420993021882e-05
0,0,0.0007105920044190458
0,0,0.01987824572360321
0,0,0.20186421649560987
0,0,0.008305019895431255
0,0,0.0022603308539422672
0,0,0.011809434147000563
0,0,0.07457942158781185
1,1,0.9991256030769093
0,0,0.0001005587434564199
0,0,0.15530011106585084
0,0,0.008049786178034249
0,0,0.000502937980468283
0,0,0.019506311279168884
0,0,0.43580997869777266
0,0,0.0002533890804037448
0,0,0.0030410550661885334
1,1,0.9984487943815821
0,0,0.004383620532367153
0,0,3.20763958838348e-05
0,0,0.0002223576900249626
0,0,1.3456116855823967e-05
0,0,4.222164655008848e-05
0,0,0.001802042189284201
0,0,0.008289574091716304
0,0,0.0006146564031267183
0,0,0.0001340102194302357
0,0,9.37031058179333e-05
1,1,0.9959217683012334
0,0,0.20483061275498385
0,0,0.000620214081849086
0,0,0.0007812310247999962
1,0,0.1859503454182065
1,1,0.9993039308564661
0,0,0.11573641335008225
0,0,1.6968840474210476e-05
0,0,0.0019080176193155187
0,0,0.0009105889773296525
0,0,6.685222947842985e-06
0,0,0.012407047657113032
0,0,0.0006954036097086212
0,0,0.000155390221653542
0,0,0.0001848804357725957
0,0,0.005700090664660044
0,0,0.0002684406678769036
0,0,3.159125239232021e-05
0,0,0.00018952884760602845
0,0,0.3083604849807306
0,0,7.4536424323651075e-06
1,1,0.9999812132721061
0,0,4.6247817300579156e-05
1,1,0.9979490919828087
0,0,4.9134493186825525e-06
0,0,8.40055593318935e-05
0,0,0.0001327621087161048
0,0,0.14909782146336087
0,0,4.390158535632827e-05
0,0,0.0001703716757426066
0,0,1.0707862711818104e-05
0,0,0.003982935701773701
0,0,2.1834700388133793e-05
0,0,0.0005771842173451103
0,0,0.0004468074884826731
0,0,0.00011122696732870524
0,0,0.00013677975621079086
0,0,0.00732731868784039
0,0,0.00018558074678435213
0,0,0.000348845264525577
0,0,0.0001332681803221826
1,0,0.18475391847882852
0,0,0.017476048619289353
1,0,0.379367125934695
0,0,0.0003419266133215258
0,0,1.1842643979481306e-05
0,0,0.0001945666690288455
0,0,0.4980001206242414
0,0,0.0007898297963731035
0,0,0.00631489224626901
0,0,0.03169934110003929
0,0,0.01585317995649807
0,0,0.0003333229764678544
0,0,0.004032889648298109
1,0,0.13785508148251713
0,0,0.0012292805706930062
0,0,0.00729728626958336
0,0,1.9357358006031082e-05
0,0,0.012305432177256145
0,0,0.0006545869329558039
0,0,0.0020096683459451844
0,0,2.614000855967351e-05
0,0,0.05372337671742227
0,0,0.00013716315160205037
0,0,1.957359171022991e-05
0,0,0.0004112972515140585
0,0,1.3349449109338569e-05
0,0,0.02991861272739776
0,0,0.0006705320027751378
0,0,0.0003603985928873326
0,0,0.0016323311281991972
0,0,0.15965744718572183
0,0,0.0012304797944277517
0,0,3.9897880993096605e-05
0,0,3.5200409953235504e-05
0,0,0.0007169684748840827
1,1,0.9986415000747015
0,0,0.04240885916139111
0,0,0.00012176707088516775
0,0,0.021750841013706498
0,0,3.8536794597386795e-05
0,0,0.00016372681998246233
0,0,4.1922663186751286e-05
0,0,0.0020304375462793277
0,0,0.00029364872694480126
0,0,6.837704738207727e-06
0,0,0.00020861940402540604
1,0,0.37525663653595215
0,0,0.000698382388107834
0,0,0.00467418272112654
0,0,0.4771608304563855
0,1,0.7025899703620262
0,0,0.00020129353160647768
0,0,4.121103024152555e-06
0,0,0.0003338306698178474
0,0,0.00028845833443473805
0,0,0.0003760893208215319
0,0,0.009644642481131078
0,0,0.00011124046796737917
0,0,0.054037225010332306
0,0,0.0012343379517798828
0,0,0.00018225775695295175
0,0,0.00024945011089677594
0,0,0.0005249000836785241
0,0,0.19308284030920794
0,0,0.0012221677980609241
0,0,0.005439308237384038
0,0,0.00029057771006106586
1,1,0.9999868407325165
0,0,0.018183306862831903
1,1,0.9975174739121516
0,0,0.1681627311377519
0,0,0.0003647829954963977
0,0,0.0004495974671722045
0,0,0.00024924588599379785
0,0,0.00021108552207596448
0,0,0.16640116949308095
0,0,0.15184708271469308
0,0,8.843199553034456e-05
0,0,3.505546974820246e-05
0,0,0.005123508126339161
1,0,0.16264331209328436
0,0,2.9881688551478987e-05
0,0,0.0001451783992318196
0,0,0.0009177748130709668
0,0,0.00027757369259536987
0,0,0.01565427451577021
0,0,1.6433446877344435e-05
0,0,0.050883707474540865
1,1,0.6159313033920005
0,0,0.00014664636812844706
0,0,0.05436800621385478
0,0,0.0005102071469412494
0,0,0.0569429797123494
1,1,0.9898601570448478
0,0,0.000220058859480328
0,0,0.05855393455714507
0,0,0.00013203337923462237
0,0,0.0003935334225996506
0,0,2.8979824038920174e-06
0,0,0.0017968539907590164
0,0,1.1992502771298474e-05
0,0,0.00046350313429734867
0,0,8.46654302835358e-05
0,0,6.1662608421411764e-06
1,0,0.2744959843708356
0,0,0.00520855432299792
0,0,0.0004076564628822869
0,0,0.06273755435668313
1,1,0.9981665524073623
0,0,0.013952695897036104
0,0,0.034102805601795856
0,0,1.9597667101558898e-05
0,0,7.075557751720295e-06
0,0,0.00015639063989869172
0,0,0.0005849781496443976
0,0,0.030655250143608006
0,0,0.0013105317728530498
0,0,0.0005197389608828739
0,0,0.0003485235234945442
0,0,0.05508500360585316
0,0,0.0701902769515845
0,0,1.289867225231961e-05
0,0,0.024791874067284902
0,0,0.00013600582850771393
0,0,0.00031654438786902063
0,0,7.443666960482423e-05
0,0,0.0010100544257916609
1,0,0.3528914813634057
0,0,1.2942053850266019e-05
1,1,0.9975848219329192
0,0,0.0028158230721100075
0,0,0.028902915004914126
0,0,0.29712445095699036
0,0,0.018761496355664927
0,0,0.00047172428114328766
0,0,1.707215448809562e-05
0,0,7.064574390636767e-05
0,0,0.0004221431637748366
0,0,0.00018287084829776148
0,0,0.006686435166046777
0,0,5.514847859086354e-05
0,0,0.0002907098396492936
0,0,0.00026261808764402555
0,0,3.9105464667018925e-05
1,0,0.060212756656165184
0,0,0.044653386985745655
0,0,0.06406608842448394
0,0,0.0018280156671816694
0,0,4.977407711963769e-05
0,0,5.937860246421487e-05
0,0,0.00030921699885097455
0,0,2.8232964292143216e-05
0,0,0.1503146190300324
0,0,5.192514979933794e-05
1,0,0.4523820266236274
1,0,0.030057216597403572
1,0,0.13469470101263273
0,0,0.00023916897636400947
0,0,0.05919980302378545
0,0,9.738707154961502e-05
0,0,0.005273855418865383
0,0,1.4919661219391652e-05
0,0,0.0004001217111644035
0,0,0.010499974312717384
0,0,0.000746621253016893
1,0,0.04803034549068334
0,0,0.003188366889053768
0,0,0.009374426234949286
0,0,0.009499203225907167
0,0,0.00043534101522461026
0,0,1.6776899906154945e-05
0,0,0.011474504856425037
0,0,0.0005576215781969602
0,0,2.8946003725036213e-05
0,0,0.00041978898925090703
0,0,0.0014579779144645896
0,0,0.059760142219218826
0,0,0.00019060019688671293
0,0,0.00156151482763978
0,0,2.970427274257619e-06
0,0,0.04534207740669743
0,0,0.014689536136448902
0,0,0.025930311026729824
0,0,0.00015011705751037077
0,0,4.6996429127867364e-05
0,0,9.277395136787376e-06
0,0,0.020512750680029133
1,1,0.9984843604796318
1,0,0.09027333129224778
0,0,0.00012370513910938153
0,0,0.00022351909970749973
0,0,0.00024671850683895686
0,0,6.685222947842985e-06
0,0,0.026591243409943965
0,0,0.0056461074862276875
0,0,7.579146661813989e-05
0,0,0.10032082967144111
0,0,0.12258444045258493
0,0,0.004066456406576151
0,0,0.009397566648347032
0,0,0.00011160351079030785
0,0,0.0013826892054914382
0,0,0.0005274243759700245
0,0,0.021148312640260864
0,0,0.00020741684208856458
0,0,0.018726286592198868
0,0,0.1096457319548879
0,0,6.733638394852148e-05
0,0,0.0002200870423390267
0,0,0.0002749018069862392
0,0,0.00019345007389087095
0,0,0.0022048969982940555
0,0,0.13583357439697555
1,0,0.15157369149998143
0,0,0.0002235087772185649
0,0,0.0034189325227241257
0,0,0.00019895658687534996
0,0,2.183506458385942e-05
0,0,0.00036187397144347457
0,0,5.649609569315963e-05
0,0,2.347424024643539e-05
0,0,0.0017969567180310601
0,0,0.030151826520681647
0,0,0.0010827697268299523
0,0,0.021686806525871603
1,0,0.1949727423322951
0,0,0.0008582817804815657
0,0,0.17740708697763696
0,0,0.00023547825780332807
0,0,0.022142778589173528
0,0,1.837861148240924e-05
0,0,0.00021069763665724006
0,0,6.110072822555625e-05
0,0,9.832891597811184e-05
0,0,0.0002475691408799882
0,0,8.292273226032998e-06
0,0,0.000275879534934056
0,0,1.6847849146790456e-05
0,0,0.00023785502967468342
0,0,0.06011474913743153
0,0,0.00038979452224045656
0,0,9.029842324685427e-05
0,0,0.0006131245101302455
0,0,0.00042987087283753413
1,0,0.10220447576977926
0,0,5.682356586669094e-05
0,0,0.0003550432831079785
0,0,0.054246790652917695
1,1,0.9975633318108147
0,0,0.00035192076695463655
0,0,0.00030800803311049007
1,0,0.2975167655768217
1,0,0.19436338946174073
0,0,0.00019083415812301798
1,1,0.9986611680700171
0,0,0.0003933857955628092
0,0,0.00021017362836700494
0,0,0.000119978150942194
1,1,0.9983977815809462
0,0,4.7979825136802915e-05
0,0,0.004462762676053627
0,0,8.121978021706558e-05
0,0,3.953777884927392e-05
1,1,0.9980159190089157
0,0,0.0025827211703428176
0,0,3.7036526132226595e-05
0,0,0.12462630572624284
1,1,0.9999673852303089
0,0,0.0100172515995072
0,0,0.006683578294639335
0,0,8.813769183316167e-05
0,0,0.00018500583933981195
0,0,6.851437749552951e-06
0,0,8.845796625284889e-06
1,1,0.9999800420460726
0,0,0.00981646246336202
0,0,3.653257007442008e-05
0,0,0.0015217241836792323
0,0,0.0010141061752124171
0,0,0.2663268269134597
0,0,0.0004189907386681805
1,1,0.8685756636007889
0,0,0.00021864963728386754
0,0,1.6697223921738864e-05
0,0,0.0007150584202226463
0,0,5.383041866714422e-05
0,0,0.00817156724701476
0,0,0.4412231641466266
0,0,0.0007364237557232212
0,0,0.00033659752458173065
0,0,0.00031005312171422113
0,0,9.361154978170833e-05
1,0,0.11607413580744243
0,0,0.00011365495088630044
0,0,5.859819242776434e-05
1,1,0.9999682646028966
0,0,0.00011430724359205645
0,0,0.04708792933955641
0,0,0.0003086904073129573
0,0,0.0004893065441931274
0,0,0.0004649512524402241
0,0,2.647672861644044e-05
0,0,7.047863649744364e-05
0,0,0.00014632155245493625
1,1,0.9999423903799144
0,0,4.171609756822144e-05
0,0,0.00012515877685980578
0,0,0.23479689592159986
0,0,0.00045296600105706347
0,0,0.000910590480678829
0,0,4.526376355133344e-05
0,0,0.00024157778298979278
0,0,3.6069315244982e-05
0,0,8.0937034865765e-06
0,0,0.00016113355631715295
0,0,6.924057646925668e-05
0,0,0.3044677435347717
0,0,0.00010629817253446513
0,0,0.09743598980869292
0,0,1.1104995887791911e-05
0,0,0.0004656278368810179
0,0,6.435594093595668e-05
0,0,4.377331267399255e-05
0,0,0.0005719171266723854
0,0,3.653257007442008e-05
0,0,0.024544405650153256
0,0,0.0006687639663984224
0,0,3.0411345189720667e-05
1,1,0.9971724795200306
0,0,0.0003604286472932443
0,0,0.00017484467844866743
0,0,0.006092005147889656
0,0,0.0009653154738135531
0,0,0.00018406518801304133
0,0,0.0035439206608823166
0,0,3.7099742229871625e-05
0,0,0.05976053307752047
0,0,0.0032513855749706573
0,0,0.00897941769277638
0,0,0.0003664673683659285
1,0,0.1725113276132362
0,0,5.362775712090366e-05
0,0,0.0006836040552281996
1,1,0.9995976889913346
0,0,0.01360964364363821
0,0,0.02034420981418969
0,0,0.00041215097022211106
0,0,0.07546265122837137
0,0,0.0012119861317322171
0,0,7.183453871010386e-05
0,0,8.793387979287082e-06
0,0,0.00015308184800124158
0,0,0.000408308403570741
0,0,7.0535601353329725e-06
0,0,3.387573043237354e-05
0,0,0.0004414655936472941
0,0,0.0004678146842906287
0,0,0.0008932786677291265
1,1,0.9999460424364041
0,0,5.664031612616117e-05
0,0,0.11901275139007159
0,0,0.012869221773488397
0,0,0.010113543911588738
0,0,0.1554269435254076
0,0,0.00041473666206817326
0,0,4.623680325355142e-05
0,0,0.0006109262306797179
0,0,0.0002528498140566051
0,0,0.0006519702135379318
0,0,3.2002283527002274e-05
0,0,0.031099165911584098
1,1,0.9985270761320867
0,0,4.273609666959787e-05
0,0,0.00013931985865607493
0,0,0.0001261129288965188
0,0,7.115312486714228e-06
1,0,0.05658574678657809
0,0,8.317454187198786e-05
0,0,0.000676921603422696
0,0,1.9959387796543365e-05
0,0,0.0011868731501051995
0,0,0.00014005229981187297
0,0,0.00047463175479251006
0,0,2.423838247239138e-05
0,0,0.00013286902164804217
0,0,0.37990213727666305
0,0,0.0037697263043402467
0,0,7.459564378823242e-06
1,0,0.05529134012106985
0,0,0.00012207910460883487
0,0,0.11561530105838917
1,1,0.9987338356584136
0,0,2.8163988023683387e-05
0,0,0.0003786654339518656
0,0,0.006141600322564014
0,0,0.0430769390870063
0,0,0.0005449821104081347
0,0,0.00014748023135679013
0,0,0.00017070174337513642
0,0,0.0012113689073203397
0,0,9.445207933579763e-06
0,0,0.0006676995578892427
0,0,0.0020365436450202326
0,0,0.0014414013028849267
0,0,2.7493811806276918e-05
0,0,0.00014220499742862897
0,0,3.535732334333714e-05
0,0,0.0004272015610707037
0,0,0.0002014661419283226
0,0,0.001029894177482164
0,0,0.008070151806687877
0,0,0.009788824738260642
0,0,4.2986560253416784e-05
0,0,9.471385444889925e-05
0,0,0.0001484781067027677
0,0,0.0005005470720680502
0,0,1.1240540368724565e-05
0,0,2.8497813001649464e-05
0,0,0.0061171612075115985
1,1,0.9992439509584169
0,0,2.5754920394687793e-05
0,0,0.0003150745408832992
0,0,0.00022228677702038427
0,0,0.00025045937550824025
1,1,0.9998776355030844
0,0,7.092360547442784e-05
0,0,0.0003264608126757548
0,0,0.12966004393412073
0,0,0.0009777377917307597
1,1,0.997468512791767
0,0,0.00425295781428424
0,0,0.0005462491630633682
0,0,0.007569730682701187
0,0,4.767561025697764e-06
0,0,0.00014406748921075023
0,0,0.000668170684461399
0,0,7.115312486714228e-06
0,0,4.221159130640846e-05
0,0,0.06571154546399334
0,0,0.011014828983401476
0,0,0.0003232654654582207
0,0,9.148293204118096e-06
0,0,2.047211108465491e-05
0,0,0.00613305421977498
0,0,0.007641927480330722
0,0,1.6956189825256135e-05
0,0,1.6248927388206645e-05
0,0,6.943677101123318e-06
0,0,8.58072370502739e-06
1,1,0.9978814484347661
0,0,0.011867340338541388
0,0,0.00018928182344945843
0,0,0.006375494107654722
0,0,0.04029188587727594
0,0,0.0036568766711143922
0,0,0.0007998694835145332
0,0,0.06115341897166967
1,1,0.999425714199878
0,0,0.0005119915862182786
0,0,7.987272354798228e-05
0,0,3.925226337361115e-05
0,0,0.00015673521573159169
0,0,0.00028259826490550303
0,0,5.1466698245513985e-05
0,0,4.4080187528046285e-05
0,0,0.0001336823777294148
0,0,0.0005190014604899561
0,0,0.007825974268403887
0,0,0.00023094839873032
0,0,0.00015219617956359252
0,0,0.0005460814364912054
0,0,6.957530123636072e-05
0,0,0.0007223180931480213
0,0,7.971207513876896e-05
0,0,7.353970913231381e-05
0,0,0.0889459105455046
0,0,1.9099463204735623e-05
0,0,0.000547151170454461
1,1,0.9975138511147098
0,0,8.821472562834264e-05
0,0,0.0070826032054891646
0,0,6.1662608421411764e-06
0,0,0.014248400399371584
0,0,0.00021795168553478234
0,0,0.007662465753565644
0,0,0.00012349616867255483
0,0,0.023768877098535215
0,0,0.00030694028210014154
0,0,0.00015507939732841474
0,0,0.0008789168983040947
0,0,3.120457342063045e-05
0,0,0.09320001809260647
0,0,0.0014299829674377508
0,0,6.404905352001472e-05
1,1,0.9999668586227964
0,0,9.158198639224249e-05
0,0,0.004190343435402098
0,0,0.019762931951042
0,0,7.45875598391346e-05
0,0,0.13285127728218307
0,0,0.4973791730931334
0,0,2.118604012407469e-05
0,0,0.01732949785176178
0,0,4.14086674396816e-05
0,0,9.51570543817327e-05
0,0,0.05964047773058215
0,0,0.00015175799025514503
0,0,0.0008516208852498292
0,0,6.619941101013732e-05
0,0,1.1931821781188455e-05
0,0,0.0003149620318869921
0,0,0.0002573602182171678
0,0,3.1949564821160154e-05
0,0,0.00022191475840644233
0,0,0.13043291719866065
0,0,8.284331062075711e-05
0,0,0.0007714810799011942
0,0,0.0006489932681441552
0,0,0.00034123820015042147
0,0,0.0001893695883533469
0,0,0.03952945231173241
0,0,0.00027943872336581063
0,0,0.00039192022764526107
0,0,5.975248196343962e-06
0,0,0.014745728156200864
0,0,0.0002908058351410462
0,0,0.034201823045624684
0,0,0.00018083180052496587
0,0,4.728068479151637e-05
0,0,1.3000182921548073e-05
0,0,1.9516624416528637e-06
0,0,2.4901986107865215e-06
0,0,0.09655519923510517
0,0,0.0017820684981190802
0,0,0.010414349807653938
0,0,0.0001950399513276028
1,0,0.13095454984238505
0,0,0.0012767534583203565
0,0,0.0007232301106470299
0,0,0.06139771319045531
0,0,3.6881122124163384e-05
0,0,0.13085287142509097
0,0,0.09652703239587819
0,0,0.00021385576991757562
0,0,0.16019864291071825
0,0,8.767265822882265e-05
0,0,0.19199199158243022
0,0,0.018653228054505876
0,0,0.18878140544059063
0,0,9.815716362544496e-05
0,0,0.00028014808164578754
0,0,0.2519104363385348
0,0,0.036597493714984886
0,0,3.9977808767488257e-05
0,0,0.0006651549027955905
0,0,0.0002470677662857162
0,0,0.00045112367710402286
0,0,0.00019854972069222347
0,0,0.00023859271573269006
0,0,0.00018596403931949294
0,0,0.0003532882094621438
0,0,4.442756318201577e-05
0,0,0.0015043195895647152
0,0,0.0007702495739790458
0,0,0.000555049452939228
0,0,0.001146153505115383
1,1,0.9991293970502758
0,0,0.0015604138269568275
0,0,2.970427274257619e-06
0,0,8.983884248995416e-05
0,0,0.0018428354018325196
0,0,0.0002321773893362976
0,0,0.2182809469909945
0,0,4.7928957300809674e-05
0,0,0.05471271233572424
0,0,0.01669093918247046
0,0,0.010933628527223958
0,0,0.0002033266976725918
0,0,0.02543471864774985
0,0,0.11497244776380311
0,0,0.00020516327270416238
0,0,0.00041958801688590043
0,0,0.00029406525429696156
1,1,0.9975031078615023
1,0,0.07478996853355786
0,0,0.03516123181034931
0,0,0.00015311505430336037
0,0,0.0004719077673299791
0,0,0.00038151788902309765
0,0,0.01653717255061363
0,0,0.017042785052676923
0,0,0.000427453158073703
0,0,5.086873220438304e-05
0,0,0.11499101024781373
0,0,0.0012778607326582746
0,0,0.004116069483470007
0,0,0.025560150283026772
0,0,0.06932589573786527
0,0,4.456097049877409e-05
0,0,0.0003871547795940017
0,0,0.0005573269265304725
0,0,0.0004310734969808636
1,1,0.999924002399595
0,0,0.0008670841193378179
0,0,0.00027083202718750435
0,0,0.00016709895095843864
0,0,7.185013401690878e-06
0,0,0.01636771594380339
1,0,0.07256906431966731
0,0,0.0010726299774297377
0,0,0.00011650643283153134
0,0,7.203668068677416e-05
0,0,7.871352995225148e-05
0,0,7.315415057197325e-05
0,0,0.010063474851214971
0,0,0.0003425236638088156
0,0,0.01640985057783677
0,0,0.00017226845062088137
0,0,0.0006850254973869229
0,0,0.0003631341809653757
0,0,0.002219983943320286
0,0,8.777627284607596e-06
0,0,0.0013938178908307415
0,0,0.00014220562465509012
0,0,0.02958756550687849
0,0,0.0272765362579049
0,0,5.155305103476833e-05
0,0,1.3048001947580981e-05
0,0,0.002485888953908261
0,0,0.00019120030800563961
0,0,0.014845196908941068
0,0,0.005117082477509648
0,0,0.00012415791436687335
0,0,2.6533293847828673e-05
1,1,0.9991512405500096
0,0,0.00041186459380429795
0,0,0.00035833142641767497
0,0,0.08587520490060813
0,0,0.000237018238158337
0,0,5.822544266996959e-05
0,0,0.0002575586121725035
0,0,0.008166399185317322
0,0,0.10509280443193986
1,1,0.9994990209355691
0,0,5.3352456837035025e-05
1,0,0.03594833277966932
0,0,0.004540411622413401
0,0,4.366770195595362e-05
0,0,0.00025542492820938194
0,0,0.00731730939565977
0,0,2.6294986771679012e-05
0,0,0.010279821752815221
0,0,0.000175632916803787
0,0,0.000406096126065353
0,0,7.0658492993063e-06
0,0,0.0024612284320429567
0,0,0.11287741960784
0,0,0.17780457520987994
0,0,5.886902664090549e-05
0,0,0.4549153511877463
0,0,0.0029052293986862507
0,0,0.0002269426256941626
1,1,0.999748523135373
0,0,0.00011879897558106135
0,0,0.0005149325225220263
0,0,0.014279018953129686
0,0,0.00043371732416506347
0,0,0.00014385832819059587
0,0,0.12209416272716449
1,0,0.46004600540260415
0,0,0.0004410944544449609
0,0,0.0006228891840946906
0,0,1.1834796475149122e-05
0,0,0.00019359496359225593
0,0,0.0020579819338896297
0,0,7.042629922994617e-05
0,0,0.048806761986823884
0,0,8.237449503714273e-05
0,0,0.0313711263449492
0,0,3.768350013042501e-05
0,0,0.000194309727127465
0,0,0.025171121734715095
0,0,0.09573878564054863
0,0,0.3088532517845403
0,0,0.0002724961853927658
1,0,0.36850206570352995
0,0,1.7451034871795207e-06
0,0,0.0003507803608484394
0,0,0.00017623614252125502
0,0,0.0012232790094636695
1,0,0.14171120444051236
1,0,0.025912065942252933
0,0,0.1800050746024848
0,0,0.0003419605152404479
0,0,0.0007295828909899691
0,0,0.024087946478829232
1,1,0.9992108228520631
1,0,0.1749782611021182
0,0,0.0001792812248262817
0,0,0.021618702911015596
0,0,0.000905081415784519
1,1,0.9999471469626177
0,0,0.006159371087456778
0,0,0.060981015698133516
0,0,0.0004589783215233438
0,0,0.011706590678101135
0,0,0.0005283788299052145
0,0,0.00018086769223548134
0,0,0.0077739497370972075
0,0,4.729057243392529e-05
0,0,1.8993813671733146e-05
0,0,3.7453651318217596e-05
1,1,0.9995811474944797
0,0,0.0001904713936554743
0,0,0.017635948126959445
0,0,0.00013003290287303537
0,0,0.0007143434805354839
0,0,2.7726912548273066e-05
0,0,0.00023834870939028552
0,0,0.00018096027317291677
0,0,0.00018040834456090822
0,0,0.000219672190749312
0,0,0.34416925053708
0,0,0.00010131407207565416
0,0,0.0007744959978878668
0,0,0.06856336038124777
0,0,9.14044995872302e-05
0,0,0.00031059296540542563
0,0,0.0001947275443577641
0,0,0.000264458540910902
0,0,7.248466242566865e-06
0,0,2.1329383215134675e-06
0,0,0.00019604861193784023
0,0,0.00023263301598050565
0,0,0.0011008180969365167
0,0,0.0005537318136081044
0,0,0.18185748247557598
0,0,0.0506761345032149
0,0,2.6277122455644884e-05
0,0,0.00021843072647395072
0,0,0.0003648025278929655
0,0,0.08442590504735183
0,0,0.07596839528593939
0,0,0.12309281410182048
0,0,0.00028037195900329747
0,0,0.12183049774389226
0,0,0.0007375329718002241
0,0,0.0033256123099777465
0,0,0.00034863345963498583
0,0,0.00013224559147446033
0,0,0.00040716546834891284
1,0,0.03824091886541051
0,0,0.0008812489500423414
0,0,1.9962304221360734e-06
0,0,3.0792159888941604e-05
0,0,8.112893691541805e-06
0,0,1.3271199967485779e-05
0,0,0.0001833501762495878
0,0,0.00021724447175782373
0,0,0.008478057170758549
0,0,0.00011758394127088344
1,1,0.9983581597168527
0,0,0.11053424201090417
0,0,0.0006550599722749981
0,0,0.00039558469240762043
0,0,0.00012894596504563994
0,0,0.0006489508487187202
0,0,0.0002460184301592253
0,0,0.059197855236995715
0,0,0.0001511826137335417
0,0,0.0009899921346436637
0,0,7.1645363174739125e-06
0,0,0.0035524639312712472
0,0,0.018188665109425576
0,0,0.00021524271729692613
0,0,0.00025145757995101594
1,1,0.9999888221358761
0,0,0.034225567424771064
0,0,0.03602410185805173
0,0,0.17778424739664436
0,0,0.004084569810375181
0,0,5.391393135598393e-05
0,0,6.685222947842985e-06
0,0,4.3478378051394503e-05
0,0,1.8999418903574008e-05
0,0,0.23865755673810854
0,0,0.0007699183411826559
1,0,0.15859661753993404
1,0,0.1710465423561977
0,0,1.786647693869507e-05
0,0,8.068586473483551e-06
0,0,9.711099658546671e-05
0,0,3.57598194386263e-05
0,0,0.0004496033440771395
1,1,0.9976090196942254
0,0,6.508214490560525e-05
0,0,0.0010226941877513008
0,0,0.00014273424995263413
0,0,1.0389155870330626e-05
0,0,4.752994465240494e-05
0,0,9.815454945550577e-06
0,0,0.004542145361029883
0,0,0.0012452668251829553
0,0,7.502346173074377e-05
0,0,0.00023988024236902485
0,0,0.0005078822750731994
0,0,2.5989388222683335e-05
0,0,0.2117320963511713
0,0,1.269888871515402e-05
0,0,0.0001367249758098128
0,0,6.732349708814654e-05
0,0,0.14796552768594765
0,0,0.00010302981344766547
0,0,1.6514524154682597e-05
0,0,0.00013300451023854064
0,0,6.606251829748202e-05
1,1,0.9959606643561377
0,0,0.00045556956553017864
0,0,0.00023443234809479764
0,0,0.10529879641270246
0,0,4.7793271531433495e-05
0,0,5.66644111624339e-05
0,0,0.0010275159117440645
0,0,0.0025876907038091387
0,0,0.00828090252250526
0,0,0.0023705466909746766
0,0,0.05017646715772706
0,0,0.01061047532026794
0,0,5.538968787122881e-06
0,0,6.685222947842985e-06
0,0,0.03474104875516175
0,0,0.00043178610593134673
0,0,0.049303761568495905
0,0,0.028067875312236704
0,0,0.0002535084430549219
0,0,2.449958363836292e-06
0,0,0.00048168668152297596
0,0,0.00036108136131778897
0,0,0.14703123762092515
0,0,0.0003782935549672552
0,0,0.00043066797401427546
0,0,0.05696594297831945
0,0,0.000377898476647771
0,0,0.0002628598855281526
0,0,0.0002555429180409196
0,0,0.04460381109709067
0,0,0.16330325510726568
0,0,6.404905352001472e-05
0,0,0.17828760978870192
0,0,0.0005322448521270016
0,0,0.0005188398760953096
0,0,0.12889213529073312
0,0,2.449958363836292e-06
0,0,0.0028407106566353574
0,0,0.0003840334255004978
0,0,0.08344198361587496
0,0,0.0001463734876087915
0,0,0.021376836283197555
0,0,0.016479618333470003
0,0,0.0003529951939436264
0,0,0.1353090878658635
0,0,0.0002870624029776688
0,0,1.1632142879792578e-05
0,0,0.0003320261255691293
0,0,0.0005793410974517572
0,0,3.4987702240065525e-05
0,0,0.02971873008197245
0,0,0.00019844225102142067
0,0,0.0004778370871453836
0,0,1.225549557153846e-05
0,0,0.09360556838534721
0,0,5.276858632645872e-06
0,0,4.614529116336483e-05
1,0,0.06129101308200396
0,0,0.0002501674048787115
0,0,0.17885236347152986
0,0,3.863826451812051e-05
0,0,0.08511100856449669
0,0,3.442897649844677e-05
0,0,0.007874662851589312
0,0,0.0006277005254940994
0,0,0.0003176834696790138
0,0,0.0001963685111600077
0,0,0.0004006179587726266
0,0,0.07166650596312313
0,0,0.1991004311203129
1,0,0.4345925080419896
0,0,0.0014725401483855396
0,0,0.0001097377109620114
0,0,3.134265968726892e-05
0,0,2.137301334115298e-05
0,0,0.011660931278988138
0,0,2.1995897948575236e-06
0,0,0.00046473700928922375
0,0,0.0001160785785159259
0,0,0.00036605405960927557
0,0,0.00035713540457099326
0,0,0.00180187410493475
0,0,0.0003028368368152917
0,0,0.0024439075612121535
0,0,2.1002193059171822e-05
0,0,0.03028496822478182
1,1,0.9999826283740703
0,0,9.697629682144983e-05
0,0,3.891081435059507e-05
0,0,0.0006679093212051282
0,0,0.012511713209823748
0,0,0.00010695198532672616
0,0,6.685222947842985e-06
1,1,0.9982123677154953
0,0,0.003821409464837111
0,0,0.06089555991154112
0,0,0.06993790527352534
0,0,0.005812669102211416
0,0,0.0001296966571642188
0,0,5.4639993057463385e-05
0,0,0.03858317315556804
1,1,0.9976795244152171
1,0,0.3167262510690766
0,0,0.00022667129316928403
0,0,0.0008116205404858157
0,0,6.468853458833519e-05
0,0,0.000623298429441099
0,0,7.984384699411779e-05
0,0,0.0003452000701532716
0,0,3.4462194880944264e-05
1,0,0.0005245815892084691
0,0,0.09832425019390918
0,0,8.793728579710066e-05
0,0,5.274360981959122e-05
0,0,0.0008787500052081867
0,0,8.128237088350561e-05
0,0,0.00015275597059462976
0,0,0.00010564862163079807
0,0,6.562515357875091e-05
0,0,2.528631110059122e-05
0,0,0.20284226620063026
0,0,0.0003283960099853252
0,0,0.008545147199687977
0,0,0.0002683095373478546
0,0,0.0008515346068135484
0,0,7.0535601353329725e-06
0,0,0.0007925898849332271
0,0,0.18812837714596603
0,0,4.756909540756502e-05
0,0,0.007667771436186255
0,0,0.00029057771006106586
1,0,0.2937927381854404
0,0,0.07691892305368452
0,0,0.0006115866657016582
0,0,0.18723558055401623
0,0,0.00025729761073790814
0,0,0.19382547613613388
0,0,4.488464470106031e-05
0,0,4.377331267399255e-05
0,0,0.00017801965173672654
0,0,3.9074777330170506e-05
0,0,0.014042505749601423
0,0,1.9516624416528637e-06
0,0,3.3311220080831556e-05
0,0,7.043363339684784e-05
0,0,0.0001597316961514536
0,0,0.00026379247822354404
0,0,8.525824218090506e-06
1,0,0.11738357879526452
0,0,0.004530569322592366
0,0,0.008908045960838138
0,0,0.0007057902745844416
0,0,0.013277847487602825
0,0,0.23854628204477837
0,0,5.947243919634443e-05
1,0,0.10353968710136154
1,1,0.9961575146835412
0,0,0.0013685876349077309
0,0,0.1029084364005886
0,0,0.0001843840860231379
1,0,0.27516350603070133
0,0,0.002553800730720377
0,0,0.00021980868763732996
0,0,0.00021034684350005502
1,0,0.036506533735244165
0,0,0.0001642424664541263
0,0,0.00028957368491708746
0,0,0.016079317299858953
0,0,0.0002738345331914778
0,0,0.04532119799734561
0,0,5.817987576156525e-06
0,0,0.005599213891204188
0,0,4.9327099154458526e-05
0,0,0.030050255081072945
1,1,0.5395445544935956
0,0,0.00022060572433510353
0,0,0.0767762571648144
0,0,0.004529604574289807
0,0,0.00036427133959231845
1,0,0.03486433054963817
1,1,0.9983466512835835
0,0,0.00019981782103368803
0,0,0.00012067069884989157
0,0,3.669271368451623e-05
0,0,0.0010973077385747002
0,0,7.65765424258974e-05
0,0,0.008292591663661598
0,0,0.008110352711820201
0,0,0.00036819400294136587
0,0,0.00022225429956731758
0,0,0.00029274903821076097
0,0,0.001422538364733186
0,0,0.00043804750201924085
0,0,0.011410710073381208
0,0,0.0005754529419499977
0,0,0.01286111343450781
0,0,0.0149484076773262
0,0,0.00024916218524829434
0,0,0.0006241660201894724
1,1,0.9981986714058019
0,0,5.793217936908623e-05
0,0,5.5421842670556316e-05
0,0,5.8588928520491305e-05
1,1,0.9999495195414153
0,0,0.0033998180491396947
0,0,0.015587806902094044
0,0,0.005649429288311899
0,0,1.0132205440741496e-05
0,0,0.0001402680141865547
0,0,0.037136411766729965
0,0,0.03680066055964309
0,0,1.383198150697003e-05
0,0,0.00029952714023146284
0,0,0.0025962674643787136
0,0,0.0003027148365718331
0,0,6.1662608421411764e-06
1,1,0.9990874945110835
0,0,0.021957617388383668
0,0,0.005725407716767447
0,0,0.12674325725170002
0,0,0.00018394365919056606
1,1,0.9984161297614113
0,0,0.00047589315786102505
0,0,0.00027277730549229854
0,0,4.0452908514390636e-05
0,0,0.0003770644728861806
0,0,0.001897929273432471
0,0,0.00033931539466253244
0,0,5.086873220438304e-05
0,0,0.0002595077036092752
0,0,7.341044936020591e-05
0,0,0.00033657492244184656
0,0,0.032483760918717436
0,0,3.3467817307150604e-05
0,0,0.0014826126728093045
0,0,0.00046948082485032155
0,0,0.038128873194731655
0,0,0.02512056371259455
0,0,6.70814704552677e-05
0,0,0.00023387312366548172
0,0,0.00020473585301304578
0,0,0.001094421346021711
0,0,0.00011828674339044826
0,0,0.0002360454033495473
0,0,0.0012072255217727612
0,0,0.3018309019658927
0,0,6.434537372805589e-05
0,0,0.0005053523080072767
0,0,0.006186978444424123
0,0,3.141804459817811e-05
0,0,0.0004254398798586163
0,0,0.000841711985628535
0,0,0.0037785073257143196
0,0,1.3974246119890876e-05
0,0,0.0023669189243980143
1,1,0.9987500133139715
0,0,1.4223486271346124e-05
0,0,2.0355047159203765e-05
0,0,5.934628032499479e-05
0,0,0.035938313593317624
0,0,0.04852398162268967
0,0,4.355065066176069e-06
0,0,0.08567358891004373
0,0,0.024376971825208014
0,0,0.03863094868774433
1,1,0.9991824477366322
0,0,4.6510900762136674e-05
0,0,0.00013389566261167438
0,0,0.11815985147359563
0,0,5.592079658849484e-05
0,0,0.028895430523704736
1,0,0.4860249906681905
0,0,0.003567491430947946
1,0,0.24172885896166674
0,0,0.0014002504282977714
0,0,0.00016673170610213942
0,0,0.00038046352966224434
0,0,1.940662719273724e-05
0,0,0.06431513886746779
0,0,0.0009024115816964536
0,0,4.139385797788295e-05
0,0,0.0004979744284139601
0,0,0.00025565520138912725
0,0,0.08921352906069681
1,0,0.27030439527857003
0,0,0.0027177919358635865
0,0,0.18353134764014037
0,0,5.170082121614182e-05
0,0,0.16857102650720193
1,1,0.9967016111265216
0,0,0.00040757270249360396
0,0,5.038544906525884e-05
0,0,9.333959646268744e-05
0,0,2.128337940446247e-05
0,0,0.3570289124272033
0,0,1.0506107890182645e-05
0,0,0.0006225291838232957
1,0,0.04682365291735499
0,0,0.006590803928739445
0,0,0.0015195192085460725
0,0,7.1645363174739125e-06
0,0,0.00036344381024892825
0,0,0.00017874067991915541
0,0,0.016269572707375203
0,0,3.766667831202226e-05
0,0,0.0464394739297313
0,0,7.39259963330278e-05
0,0,0.00799104031774545
0,0,3.8242147312621924e-05
0,0,1.9146237582711113e-05
0,0,0.0005840632924051457
1,1,0.9949357171629715
0,0,0.004680247893290795
0,0,0.00016033490592732232
0,0,0.26909130201383435
0,0,0.0008694711011014351
0,0,0.009062436108028503
0,0,0.39917576933780613
0,0,0.0004987882467991108
0,0,0.25724434926864076
1,0,0.09980278863327133
0,0,0.0016527756454188672
0,0,0.0002625631415276614
0,0,0.0001724070706970299
0,0,0.0009963531576810982
0,0,0.24780398487833202
0,0,0.0005857777810385736
0,0,6.333316284415172e-05
0,0,0.056643879834493725
0,0,0.0003158240909736043
0,0,0.053658947568378725
0,0,1.4288041620103122e-05
0,0,9.864685389359502e-05
0,0,0.0005541600104047382
0,0,0.0003369688818115991
0,0,5.378096724369975e-05
0,0,0.00020317045614863587
0,0,0.0002734611323955426
0,0,0.00042879645353520137
0,0,3.968154823800855e-05
0,0,0.00014367321057829358
0,0,0.0002110945115622698
1,1,0.9969144919049325
0,0,3.111715442137268e-05
0,0,0.0003325573726733515
0,0,7.0535601353329725e-06
0,0,0.00042883531558616253
0,0,0.00015759389049223993
1,1,0.9976120467027734
0,0,0.0010891084034327341
0,0,2.291945109638913e-05
1,1,0.9998452230465845
0,0,0.018519183479347265
0,0,2.4752095409233356e-05
0,0,0.3580065100424708
0,0,0.013003064533294615
0,0,0.01169474390047346
0,0,0.06245119604510262
0,0,5.5405232928531595e-05
1,1,0.9988457796014086
1,1,0.9974138244028035
0,0,5.2556769873154596e-05
1,0,0.17876599475620825
0,0,0.0003170763462621343
0,0,0.00035504756074503595
0,0,0.00019875358123690607
1,1,0.9992254097479019
1,1,0.9976926658308932
0,0,9.33559611239045e-06
0,0,6.833380998368793e-05
0,0,0.0972444851588388
0,0,0.000892572343767024
0,0,0.000288499939230898
0,0,3.676173636783877e-05
1,1,0.9993022429398516
0,0,6.496289556078089e-06
0,0,0.02054465314153023
0,0,2.967822074824653e-05
0,0,0.00018868177340893017
0,0,8.098624567743845e-05
1,0,0.4535652778612315
0,0,0.000331836830655657
0,0,0.0014310592470184655
0,0,0.0007377472263469683
0,0,0.46425071531612605
0,0,0.00024079767596454032
0,0,0.0003772689171949854
0,0,0.025055434130726424
0,0,0.01179239771748147
0,0,0.015772286858261993
0,0,0.2359326716275369
1,1,0.999953527072975
0,0,0.000288074668500714
0,0,0.043395899414754094
0,0,0.001383277886521911
0,0,0.00023331841447986213
0,0,0.02842523030718817
0,0,0.00041988497824303495
0,0,0.00048092990648389983
0,0,0.00024646773325140604
0,0,0.2047600089910893
0,0,0.00015001664666865696
0,0,0.00014531825226781302
0,0,0.07836638297951838
0,0,0.0006406986915038197
0,0,0.01868561632545635
0,0,0.03387209621605112
0,0,0.016160181127713003
0,0,0.0003078779316348332
0,0,0.00015481013091575365
0,0,2.8897370519659985e-05
0,0,0.0005546242891618451
0,0,6.902671578958244e-05
0,0,0.015643497729569102
0,0,0.00031839334325715337
0,0,8.605872365782622e-06
0,0,2.8521818857877355e-05
0,0,0.027192370994545377
0,0,0.04909116361648662
0,0,0.0027950420985332655
0,0,0.00030316221949341075
0,0,0.0008522890190995414
0,0,3.1420728616360165e-05
0,0,0.00038424410256490134
0,0,0.000200379328062585
0,0,0.25152797110805475
1,1,0.9997951018424313
0,0,0.0013116347230274488
0,0,0.0031624996567315975
0,0,0.0004327480799336139
0,0,0.09102592342684337
0,0,0.001283759589954906
1,0,0.1435594660656598
0,0,0.00024469416518371686
0,0,4.980857728580355e-05
0,0,0.06829724188310807
0,0,4.029289042813511e-05
0,0,0.0015431219612836427
0,0,0.0009092361459472708
0,0,0.00014433914786299933
0,0,0.06672662310085495
0,0,0.0002991675139688814
0,0,0.00039776538534237727
0,0,0.0003432616467363015
0,0,0.07931330073149245
1,1,0.999147633334325
0,0,0.00031953166184666944
0,0,0.0158793224550792
0,0,0.0005862144322252012
0,0,5.810890111750795e-05
0,0,6.666254007135631e-05
0,0,5.320176058981231e-05
0,0,0.0004899781864727229
0,0,0.04586197190186107
0,0,6.588896609091493e-05
0,0,0.005492245358100039
0,0,0.0009965435458102246
0,0,0.0004050003556791905
0,0,3.075641751560022e-05
0,0,0.00048481164560259924
0,0,0.03692881211291349
0,0,0.013603622287468649
0,1,0.7122520968466984
0,0,0.0004779426686280015
1,1,0.9998221748688703
0,0,0.00014396720757290317
0,0,0.00014307204505776029
0,0,4.1457453958276975e-05
0,0,0.0002232290251758919
0,0,0.019819659197129472
0,0,0.000150027906811035
0,0,0.06030414838343811
0,0,0.0003555632737868441
0,0,5.2661846522650056e-05
0,0,0.15974775324259202
0,0,2.6413944952787482e-05
0,0,1.0582265106485638e-05
0,0,0.00033450512771040266
0,0,9.295297404159157e-05
0,0,0.02279755880495647
0,0,0.049356236358486884
0,0,0.010802446186308738
0,0,0.00010108426873622508
0,0,0.00016597310826885705
0,0,0.0003381601116677681
0,0,0.000569926050624554
0,0,0.002324164662538142
0,0,0.0005071192813212803
1,1,0.9968985939711404
0,0,0.02263509298415323
0,0,0.18095597929400786
0,0,8.410644381248883e-05
0,0,0.00020170284020076896
0,0,0.0006669708269027381
0,0,4.713588512875303e-05
1,1,0.9980050227816788
0,0,6.395250421819042e-05
1,1,0.9967070398313006
0,0,0.00012267044855627542
0,0,0.00017875480808058055
0,0,0.012133877109050345
1,0,0.21677209299788283
0,0,0.0002518991521927711
1,1,0.9999591504732597
0,0,0.00016696539779311484
1,0,0.2246559208146532
0,0,0.00011683184433209067
0,0,7.249148633470808e-06
0,0,0.047206004486551455
0,0,0.010118350645279646
1,1,0.9999610118221921
0,0,0.0001800336372711118
0,0,0.0021076086137173993
0,0,0.13396723295859106
0,0,0.056659549202180276
0,0,0.0004495191395077146
0,0,0.023191821421685396
0,0,0.0009423183120952469
0,0,6.1662608421411764e-06
0,0,0.032581822365115566
0,0,0.0014559264895988922
1,1,0.9998916912262269
0,0,0.0003896857988351832
0,0,0.001092339192135204
0,0,0.00019802702050077123
0,0,0.00042267551578933156
0,0,0.0030658457540125353
0,0,0.023024598574572498
0,0,0.0002850862961327619
0,0,0.014246611810733724
0,0,0.0008526785337223874
0,0,0.15127400255095855
1,1,0.9992801806651991
0,0,0.0023204175264121617
0,0,0.0006703226655420255
0,0,0.007357459049792042
0,0,0.00045433631126331613
0,0,0.0003399491914315851
1,1,0.9981009411983821
0,0,6.453574193068803e-05
0,0,0.0004492679990154158
0,0,3.3467817307150604e-05
0,0,0.011384384862349694
0,0,0.0002681078169164695
0,0,0.0008651766168100597
0,0,0.015811577379494065
0,0,0.00453504509259762
0,0,0.00031777199912188386
0,0,0.0006734990862229377
0,0,0.013102549494046309
0,0,5.082678989970693e-06
0,0,0.009960692682067193
0,0,0.0007695721945137899
0,0,0.05955462513906435
1,0,0.16715464501594865
0,0,1.3048001947580981e-05
0,0,0.10036215636501505
0,0,0.00022158111393785445
0,0,0.00012187629298998112
0,0,0.1363815560216961
0,0,0.0015543224844985278
0,0,0.00024464192894206816
0,0,0.00037442068430338775
0,0,8.838883379491918e-05
0,0,0.0007264706055195963
0,0,5.023224326276441e-05
0,0,0.012675976950741826
0,0,0.04755721976804599
0,0,9.798617944032457e-05
0,0,0.0294166486513278
0,0,0.03543498676324154
0,0,0.187009839767214
1,1,0.998938704670033
0,0,0.00031454283308613053
0,0,0.0007139670667507774
0,0,0.0004845266053645207
0,0,5.514847859086354e-05
0,0,0.0003898119639261693
0,0,0.30336720346982704
0,0,4.685138825344083e-05
0,0,0.00035929838037203235
0,0,5.5988631406989735e-05
0,0,0.000628548046295876
0,0,0.01976913632220199
0,0,0.002348599036852307
0,0,0.00029038712042548444
0,0,1.3349449109338569e-05
0,0,0.01001655661944626
0,0,0.03764554766442905
0,0,0.0022180940345000863
0,0,0.0009586387643979447
1,1,0.9991997946377096
0,0,0.015012483897576338
0,0,0.012466020007906753
0,0,2.0120046926346886e-05
0,0,0.00022979852111186148
0,0,0.26789700899677577
0,0,0.0005362686333332565
0,0,0.0003495849838496582
0,0,0.00865134314177617
1,1,0.9977691536042272
0,0,1.4724825239436282e-05
0,0,1.3349449109338569e-05
0,0,0.10195201664359806
0,0,0.0001309148785955244
0,0,0.09184203543737132
0,0,0.027740124236078228
0,0,0.0009097131660199822
0,0,0.4082594007098983
0,0,3.313753746704984e-05
0,0,0.0003272458186299797
0,0,0.2183691065114434
0,0,3.40157782738515e-05
0,0,0.003996906521432691
0,0,0.30938434843389806
0,0,9.645546403285467e-05
1,0,0.030928317397183963
0,0,0.010766103418441256
0,0,6.967753607069097e-05
0,0,0.0003543911872897536
0,0,0.14587741632759876
0,0,0.0004969522629418064
0,0,0.0005019527788920904
0,0,0.00033826308419581
0,0,0.00013817934692362385
0,0,0.00092111984973417
0,0,8.813769183316167e-05
0,0,0.0008810703366876558
0,0,0.036475755166233935
0,0,0.00015611870964717467
0,0,0.044584958623746215
0,0,0.0926721032352684
1,1,0.9981159588849697
1,1,0.99914680032791
0,0,0.0002568787491660539
0,0,0.004162775665833595
0,0,0.01701373016187301
0,0,3.3311220080831556e-05
0,1,0.5417570162642829
0,0,0.23172469201880994
0,0,0.0006786093260507663
0,0,0.00029352070932954315
0,0,5.727227040470506e-06
0,0,7.0535601353329725e-06
0,0,0.0001805490465424998
0,0,0.0014814918018401571
0,0,0.00044843842509952443
0,0,0.00020904994719879823
0,0,1.3798643039086845e-05
1,1,0.9999503176372656
0,0,0.00070810852325316
0,0,0.00018086769223548134
0,0,7.133201736350054e-06
0,0,0.029846683267204938
0,0,0.05046743146053827
0,0,0.03174307885694712
0,0,0.0015349122519586456
0,0,0.0004142438113949378
0,0,5.3117353145115066e-05
0,0,0.0004004472643155635
0,0,0.0005667819294447327
0,0,0.0034083739793021434
0,0,1.5773798451521632e-05
0,0,0.0007588113549249262
0,0,0.0001805490465424998
0,0,0.13732277745448612
0,0,0.0001804152754745644
0,0,4.601572727638998e-06
0,0,0.01758967141284824
0,0,0.00043961482394755234
0,0,0.0001298415560460464
1,1,0.9999414829102747
0,0,0.0005287662197879239
0,0,0.19923785405974614
0,0,0.06283555242786197
0,0,1.2790453469115832e-05
0,0,4.275201066458298e-05
0,0,2.002679162090434e-05
0,0,0.044199905245367474
1,1,0.9977531348934998
0,0,0.14492420986072638
0,0,0.0012808990868141586
0,0,0.03454628869690972
0,0,3.947492416324914e-05
0,0,0.0002566419548859105
0,0,0.08762175069538623
0,0,6.110072822555625e-05
0,0,5.06720117636194e-05
0,0,0.0016887682219218995
0,0,6.420965307935075e-05
0,0,7.073673281183847e-05
1,0,0.16614433453102434
0,0,0.00033497648354157165
0,0,8.92389979563012e-05
0,0,0.028938782232853316
0,0,0.0002588799717980378
0,0,0.029995286771823768
0,0,0.0003877496717339708
0,0,0.01730988911454675
0,0,1.1523675767249018e-05
0,0,1.6254097569869726e-05
0,0,1.325837558256153e-05
0,0,0.011753656741693822
0,0,0.00014538303096520437
0,0,0.0006669270924789424
0,0,0.003038786077569455
0,0,0.003642327148276494
1,1,0.9991592743345381
0,0,0.0001036285457239515
0,0,0.007916726898363733
0,0,0.0419446549373561
0,0,0.0174734585127136
0,0,0.0187887711965565
0,0,4.442756318201577e-05
0,0,5.471250305841345e-06
0,0,0.00016360067355351187
0,0,0.0003843496668237716
0,0,0.06092179552872795
0,0,0.0008831347218249085
0,0,0.00048652891872314575
0,0,5.679431643064242e-05
0,0,0.0002669333082677593
0,0,0.004700625875669731
0,0,0.00012440894595505081
0,0,0.00010950853469608488
0,0,0.0007302581657020954
0,0,5.790785344344531e-05
0,0,0.0001900132811268502
0,0,0.05542295039218396
0,0,0.0020579819338896297
0,0,0.14277733914490154
0,0,0.0001409399610800221
0,0,0.04047313428915244
0,0,0.01121301882698061
0,0,0.0004185184859688778
1,1,0.9955081945340489
0,0,5.727227040470506e-06
0,0,0.00014902334565803423
0,0,4.4600039148653015e-05
0,0,0.0299822104878808
0,0,1.9983874065777342e-05
0,0,0.0012241689505135332
0,0,0.10416708562620108
0,0,0.00019259053653645637
0,0,0.0011565468456107392
0,0,0.19066620480679025
0,0,2.5305691003346037e-05
0,0,6.397145346387793e-05
0,0,4.730564973892391e-06
0,0,0.00030082657786174773
0,0,0.3506853741517784
0,0,0.00044442884825848165
0,0,1.5978221969474853e-05
0,0,0.00019609289110757407
0,0,0.15097008642856483
0,0,0.00027548496149699925
0,0,0.00022100861078865346
0,0,0.1543251424317598
0,0,0.013887278523588653
0,0,0.00023180455542965976
0,0,0.00025314931957837666
0,0,2.490398425954239e-06
0,0,0.00016791347273451685
0,0,0.0108805964778586
0,0,9.089752584481163e-05
0,0,5.562006489202398e-05
0,0,0.019852024282367202
0,0,0.0008011300230543317
0,0,0.0033290415799987023
0,0,0.006253341906382589
0,0,0.2292860188517942
0,0,0.00025124691288883034
0,0,0.00013683587967419094
0,0,0.00014341397595294845
0,0,3.8787149776382384e-05
1,0,0.22027701847366105
0,0,0.0004009195735103566
0,0,0.06419835703699647
0,0,0.05964442717545465
0,0,0.0005840931579765548
0,0,0.00025910943123156943
0,0,2.0983112703862406e-05
0,0,0.0003878796031438163
1,1,0.9983794493676604
0,0,3.5332046669591184e-06
0,0,0.00013729912844022307
0,0,2.3984552348840537e-05
0,0,0.00034143665293911464
0,0,0.005169569372387056
0,0,0.3970246485170899
0,0,0.014781462362927468
0,0,5.43700251146213e-05
0,0,0.0003738812079204773
0,0,0.00023633535719135435
0,0,0.007807147653221158
0,0,6.604844297679492e-05
0,0,0.012458400269905176
0,0,0.011823225033260117
0,0,0.24816085783411856
0,0,3.424468449864046e-05
0,0,8.230092948198125e-06
0,0,0.014004080744556406
0,0,0.17332218685050535
0,0,0.0002820077219030735
0,0,0.0003028405109475804
0,0,2.9812700545991122e-05
1,1,0.9978006926241646
0,0,0.129279725877308
0,0,0.0004427520856140996
1,1,0.9982692508467387
0,0,3.7867315476593595e-05
0,0,0.0005145954283850235
0,0,0.0004376519899928571
0,0,0.0001735787051543638
0,0,0.05492850701100259
0,0,9.583205457005477e-06
0,0,0.0006683948358392628
0,0,0.010860934506612688
0,0,0.0010577225830071953
0,0,0.009921470047086677
1,1,0.9998971746831309
0,0,0.012980628623385735
1,1,0.9996178964398356
0,0,5.138060090678676e-05
1,0,0.20747020569340474
1,1,0.997052056104792
0,0,0.00923343064201154
1,1,0.9994830616167506
0,0,3.362591402877744e-05
0,0,3.1516182226791946e-05
0,0,2.3640560047247995e-05
0,0,0.00015329631108764892
0,0,0.0003939836390151535
0,0,9.485763349488218e-05
0,0,0.0004155825997748456
0,0,0.0015185608309049112
0,0,5.176431902164139e-05
0,0,3.120457342063045e-05
0,0,3.3253152040221973e-05
0,0,0.16084662035581362
1,0,0.04494121867087731
1,1,0.9995060583306595
0,0,0.026604707587871243
0,0,0.0007148520036657768
0,0,0.36620872706228325
1,0,0.39036521714667555
0,0,0.0024597868356183075
0,0,0.007828914958704008
0,0,0.014269379919876401
1,1,0.9977003914004975
0,0,0.03257411524149345
0,0,2.8438870069382476e-05
0,0,0.00022015664590763272
0,0,0.0005422975630824196
0,0,0.0006222437250431179
0,0,0.0003234579287373302
0,0,0.0002015612842055706
0,0,0.005954161186068631
0,0,0.02509166684421803
0,0,6.251242167993694e-05
0,0,0.005913674680053253
0,0,0.2310876804691048
0,0,2.4208862132627524e-06
0,0,0.04738838970520736
0,0,0.13211495098301462
0,0,0.00031036300531038594
0,0,0.0003575505250960954
0,0,8.54743951929761e-05
1,1,0.9983018389890931
0,0,0.00035504194740896644
0,0,1.597238429404271e-05
0,0,1.8689354548364778e-05
0,0,9.002162498249811e-05
0,0,0.0005468260645514927
0,0,0.006490155768449064
0,0,0.0002703769898632304
0,0,0.042742453814300786
0,0,0.00024476286026957637
0,0,0.00028804220995454595
0,0,0.005830080902021709
0,0,0.0033320738984763975
0,0,9.089752584481163e-05
1,1,0.9979618036730651
0,0,0.0020096683459451844
0,0,2.8214216674952924e-05
0,0,0.07525281016590762
0,0,0.0004599054184155146
0,0,4.687936886097877e-05
1,1,0.9971069948133052
0,0,0.00015186798595834538
0,0,3.2630463003845656e-05
0,0,0.021775631658825227
1,1,0.9984540277526723
0,0,0.00024976092674234646
0,0,6.776851143172806e-05
0,0,0.13761461094253913
1,0,0.10860382045349974
0,0,1.2354322352879182e-05
0,0,0.027740124236078228
0,0,0.017667910765504995
0,0,0.11692539142767565
0,0,0.015962131418058453
0,0,0.017204047896060587
0,0,5.015483480090906e-05
0,0,7.814396262116122e-05
0,0,0.00015185704931523176
0,0,0.013562937901916799
0,0,0.30299121389935724
0,0,0.008620475284710006
0,0,0.07191143155086126
0,0,0.00035423058104444647
0,0,0.31732970231129215
0,0,0.07444734004057048
0,0,0.00048431673265706885
1,1,0.9993697452750456
0,0,0.034728223752019324
0,0,0.000347097892751372
0,0,0.0004670526993535405
0,0,3.8471535480050205e-05
0,0,0.0002874358919383657
0,0,0.01386674531016418
0,0,0.001843297880371309
0,0,3.142331142342492e-05
0,0,0.0006304564060104607
0,0,0.07047366819254436
0,0,0.0009100965551011953
0,0,0.00019818120811437512
1,1,0.9998973630230424
0,0,5.8438252996828604e-05
0,0,4.444927735805418e-05
0,0,4.997927522709731e-05
0,0,0.0003772689171949854
0,0,0.0002581887768187954
1,1,0.999942550459703
0,0,2.1217575438827092e-05
0,0,0.0006056733115638269
1,1,0.9988059557751411
0,0,0.06006828780112916
1,1,0.5838847140655402
1,1,0.9965720978355845
0,0,0.009910115906130154
0,0,1.306923875485773e-05
0,0,7.06289198352907e-05
0,0,1.2976278905709647e-05
0,0,0.009981968915413081
0,0,0.0001935543179747927
0,0,0.0020815810611326366
0,0,0.00016762221242624841
0,0,0.007506917926073177
0,0,0.00030786211246269633
0,0,0.00023616177016193271
0,0,0.21957942642138092
0,0,0.03838112186479866
0,0,7.195973436588561e-06
0,0,0.0003884522291378433
0,0,0.00013070876242812703
0,0,0.002229808391913346
0,0,0.0002148659029813812
0,0,0.00016714499766317184
0,0,0.0003619380899866323
0,0,8.533987170316061e-05
1,1,0.9946820782759581
0,0,0.037053063848571675
0,0,0.003144528615862337
0,0,0.12234178782247083
0,0,4.102295332656867e-05
0,0,0.0030130809373636273
0,0,0.00012252966128984606
0,0,3.060267599889603e-06
0,0,0.041852623645393515
0,0,1.0933060444430723e-05
0,0,0.00010148533296807555
0,0,3.9795337537172706e-05
0,0,6.302055214703212e-06
1,0,0.29343017945225663
0,0,0.00016072783845807708
0,0,0.0011274041855529294
0,0,0.0013108577003423632
0,0,6.489012718520788e-05
0,0,1.4701425803732504e-05
0,0,0.0406869525757922
0,0,0.006562757774412878
1,0,0.024066044611230294
0,0,0.002114069565083248
0,0,0.000626069614643821
0,0,0.0001571799515516015
0,0,0.30488131846126315
0,0,1.3776343409464925e-05
0,0,0.0035637383380640866
0,0,0.008545750403116
0,0,0.002327813875521781
0,0,0.00020975087355993161
0,0,7.954825210840492e-05
0,0,0.0013155135124622215
0,0,0.00013870718869028224
0,0,0.0001381849291434501
0,0,0.00039673348399413527
0,0,0.0007955226085721741
0,0,0.01924700923520322
0,0,0.000126857774392884
0,0,1.1291750650933955e-05
0,0,0.0003970755178925829
0,0,0.008756884314430998
0,0,0.0006768856717691533
0,0,0.00012555921881451373
0,0,1.270997136834373e-05
0,0,0.02729798419859643
0,0,0.15750824366133034
0,0,0.0003584397013126115
0,0,0.050336772393137566
0,0,1.791734709432388e-05
0,0,0.00025886752364515726
1,1,0.9981847160533838
0,0,0.00038740259229653475
0,0,0.005944483289428411
0,0,1.9516624416528637e-06
0,0,0.0005556678535469652
0,0,1.1413409952154582e-05
0,0,0.01908037028643605
0,0,0.024297072500360627
0,0,2.227545292153389e-05
0,0,8.135802024599295e-06
0,0,0.007446321848786729
0,0,6.016233161725882e-05
0,0,3.073396363495357e-05
0,0,0.0010752841868841064
0,0,5.427330113450195e-05
1,0,0.45033802536509443
1,1,0.9964514760837034
0,0,0.007607349887226384
0,0,0.01618026221619938
0,0,0.00019571839628148476
1,1,0.9993793496874591
0,0,0.0010663275492519035
0,0,4.455755729951598e-05
0,0,0.00012903380490744974
0,0,0.00016675461321892399
0,0,0.06855216176007527
0,0,0.0002868433887447739
0,0,1.117271933130407e-05
0,0,0.000401668281977745
0,0,7.282851545657951e-05
0,0,0.0021771628698788958
0,0,0.00011585636894491639
0,0,0.0005339726211494834
0,0,0.0007481292427991178
0,0,0.0026724329664781347
0,0,0.0002491343761028338
0,0,0.0008320998059303937
0,0,0.00024051564582438378
0,0,0.0917900607697499
0,0,0.00029557056049104723
0,0,0.3914159960095705
0,0,0.0004861903151620896
1,1,0.9982829647240838
0,0,0.0008728651752703672
1,0,0.3045499631903751
0,0,9.035309124100802e-05
0,0,0.029848650388065813
0,0,0.00016285027317288915
0,0,0.00043938898502929243
0,0,5.838959171848238e-05
1,1,0.9990366494800783
0,0,0.012613022605060545
1,1,0.9996519674336183
0,0,0.0001596521955843376
0,0,0.0561224491803012
0,0,1.9472981976688304e-05
0,0,0.07357239874607978
0,0,9.21317725718633e-06
0,0,0.037781834634386544
0,0,3.724548525388945e-05
0,0,0.00023641154699367066
0,0,0.0004026468488214569
0,0,0.07856526308538976
0,0,0.21965603977115095
0,0,0.0005201085921430939
0,0,0.00018965966248076115
0,0,4.3005924294827754e-05
0,0,0.00014958733552754646
0,0,0.13085287142509097
0,0,0.0003537185417142163
0,0,0.0001101554672551355
0,0,0.00015790576312702946
0,0,0.0007934880486782569
0,0,0.00021571499010051898
0,0,0.00019040041797520902
0,0,0.0002461810671508414
0,0,0.00020065005222100982
1,1,0.9999129139594173
0,0,2.3485336966977975e-05
0,0,0.0030309170669763227
0,0,0.003759574927616361
1,0,0.0018343488570839175
0,0,0.025623440117438563
0,0,0.000289217622415236
0,0,0.0010366674109129803
0,0,0.0001607323189381764
0,0,7.525022891676136e-05
0,0,4.312803717252223e-05
0,0,0.00022513143284867256
0,0,4.8622578744108514e-05
0,0,0.18045426172961332
0,0,0.0037904243011968636
0,0,0.00029370527623138126
0,0,0.0007750018269310806
0,0,4.695866678996247e-05
1,1,0.9999234351724979
0,0,0.00018889071749067106
0,0,0.01836660105336742
0,0,0.008759958513814541
0,0,0.00012518722193598824
0,0,0.42894133193538153
0,0,0.110797495679729
0,0,7.519563492387633e-05
0,0,0.26978009628420735
0,0,0.07097658606107383
0,0,1.3798643039086845e-05
0,0,0.000343639348737792
0,0,2.6883317075528722e-05
0,0,0.12857296031821977
0,0,0.0003164477286349007
0,0,0.11738357879526452
0,0,0.02951476227455742
0,0,0.24450525455800667
1,0,0.2872873620946064
0,0,0.0002686420263150196
0,0,1.0342036955746094e-05
0,0,0.00022607148418775708
0,0,0.00010731785703366587
0,0,5.130679171156348e-05
0,0,0.0012447046222910214
0,0,2.4571698075220156e-05
0,0,0.0002712379868928721
0,0,0.0013676520499374956
0,0,0.012933318807704298
0,0,0.14295833781127565
0,0,0.000311750854607879
0,0,4.006429529610441e-05
0,0,0.051327026644876046
0,0,0.16543649515602774
0,0,0.01135151029458353
0,0,0.0003161322499882447
0,0,0.04302785340906381
0,0,0.00012381084161357063
0,0,0.009215856853935151
0,0,0.0032498880825054797
0,0,0.009644642481131078
0,0,0.0003151265779455506
0,0,0.0008813938997161411
0,0,0.057650994133412445
0,0,7.39259963330278e-05
1,1,0.9976819336366425
0,0,2.5668245587084718e-05
0,0,0.00042946924574902435
0,0,4.367441205532545e-05
0,0,0.0005669104300409496
0,0,0.018988715961477637
0,0,0.00045172045176837896
0,0,0.019013168821251293
0,0,0.0002700551450843828
0,0,0.02119129881201205
0,0,0.00019894059160832398
0,0,0.014087045661194734
0,0,0.0004754676720531172
0,0,0.0009147647597007654
0,0,0.0004379576115941291
0,0,0.0002350066666320072
0,0,0.00026805690504060075
0,0,0.09156760371582191
0,0,0.0009794485812776085
0,0,9.611852387798345e-06
0,0,0.10715230779185854
0,0,0.03695982380248933
0,0,0.0173547477569075
0,0,0.00035287750153881794
0,0,6.782461566644862e-05
0,0,0.0002499503000080072
0,0,0.06617410676767103
0,0,0.00015453298522282062
0,0,0.008587254802075407
0,0,5.679431643064242e-05
0,0,0.01492098453334372
0,0,0.00022355201302821953
0,0,3.2244356196470816e-05
0,0,0.00039410011434477886
0,0,0.00043071264054652953
0,0,0.00028220587348729644
0,0,0.0008577837659302278
0,0,0.10699675761006348
0,0,3.9105464667018925e-05
0,0,0.0004468074884826731
0,0,1.870069519814455e-05
0,0,0.03163564714250345
0,0,0.00091965026581786
0,0,0.010069532099620802
0,0,0.0006839612650632149
0,0,0.00011333393015517808
0,0,0.2898059274433223
0,0,2.5741816768483437e-05
0,0,4.1161198689311167e-05
0,0,0.046699086446836895
1,0,0.032788179982623046
0,0,4.868303202142839e-05
0,0,1.3271825152315576e-05
0,0,0.012610688541380153
0,0,0.0004725913083418722
0,0,0.00467418272112654
0,0,0.0003238105363748032
1,0,0.10727338802694046
0,0,2.1631580262742376e-05
0,0,0.0046720534708161714
0,0,0.1745919865096208
0,0,0.00027693391848933996
1,1,0.9983540878128486
0,0,7.221947889878496e-05
0,0,0.000922390383435311
1,1,0.9999229020521875
0,0,0.01769481799661431
0,0,0.001859926914453798
0,0,0.0006737883111263035
0,0,0.0002593376554631809
0,0,0.09315259628408369
0,0,0.0001920099920193939
0,0,0.04305046292658811
0,0,0.009187058582454399
0,0,0.0006869022864857963
1,1,0.998863205821383
0,0,4.3753963858744215e-05
0,0,0.0003915895787432144
0,0,0.000242998038137038
0,0,0.0038958188447149526
0,0,0.000544007260183404
0,0,0.013052313205270038
0,0,0.001204341153076557
0,0,0.002440186898328587
0,0,0.00013841561215541332
0,0,0.0003945486294233164
0,0,4.442756318201577e-05
0,0,0.03555231805941864
0,0,0.013044629707396694
0,0,0.036130541130651256
0,0,2.1350497626185265e-06
1,0,0.09454669142724431
0,0,0.018968796781438684
0,0,0.0007192494490559189
0,0,0.12072780580578633
0,0,0.31458941272838703
0,0,0.000256210198557734
0,0,0.0001646062302193653
0,0,7.990286359593528e-05
0,0,0.08591083555530268
0,0,2.600458537002887e-05
0,0,3.6840879598146076e-05
0,0,0.0004485916482573204
1,1,0.9984320780351257
0,0,0.00016045671034071483
0,0,0.000450427690210707
0,0,0.15088516317297562
0,0,0.0002451195978832746
1,0,0.02373630992023435
0,0,7.349821079621176e-05
0,0,0.14025695115847697
0,0,0.0005565124254120703
0,0,0.09806010091428653
0,0,2.6681315801511092e-05
0,0,0.00024225997859021338
0,0,0.00015308945446785327
0,0,0.003683870638380733
0,0,0.00021320547179936043
0,0,0.03194382578916326
0,0,6.921866795536895e-05
0,0,3.262179720939481e-05
0,0,0.09057395418133889
0,0,0.00037873755083765547
0,0,3.717789429055089e-05
0,0,0.041358448670203135
0,0,0.00011840763473861632
1,1,0.9998932977460414
0,0,0.06719514951745184
0,0,0.0007638020293908393
0,0,0.0003308764373102018
1,0,0.16930495127565562
0,0,0.008010566114228512
1,1,0.9975721797331003
0,0,0.0002056211967089638
0,0,1.0102007569923491e-05
1,1,0.9935224337358559
0,0,0.0005781321782488819
0,0,0.13278991515884703
0,0,0.1489720915115236
0,0,0.053295323181765206
0,0,0.007978345271419749
0,0,4.997927522709731e-05
0,0,0.0013798058068833045
0,0,7.413528158346073e-05
0,0,0.00020881813055816323
0,0,0.040191123380888406
0,0,1.9925229618721108e-05
0,0,5.014066190983302e-05
0,0,0.0003031539445172293
0,0,7.115312486714228e-06
0,0,0.00011779975810610899
0,0,0.17139854634129656
0,0,8.0937034865765e-06
0,0,0.021557498500518572
0,0,0.0005372314034925137
0,0,7.579158722825157e-05
0,0,3.642877860709451e-05
0,0,0.1408811761669976
1,0,0.021228021004079584
0,0,5.137104113671131e-05
0,0,1.317947458471213e-05
0,0,0.0001769420648988135
0,0,4.937475573398071e-05
0,0,0.0002598945225427195
0,0,0.06780917752765049
0,0,0.00011726338775463442
0,0,0.0008181807219905655
0,0,0.0003635707975519827
0,0,0.18065343346559712
0,0,0.0002752426377640135
0,0,0.00019224373212279672
0,0,0.0004468074884826731
1,1,0.9991215756984128
0,0,4.026599226277583e-05
0,0,0.15516519013011099
0,0,0.009690826152402077
0,0,0.03135467998883892
0,0,0.08731571595292335
0,0,0.052895631582587845
0,0,0.014342541428626255
0,0,0.00015745091341265365
0,0,0.00014322388200452705
0,0,0.15248991038585255
0,0,6.028327541065318e-06
0,0,0.00034086810500234355
0,0,6.2225281118825e-05
0,0,0.0002249269391629072
0,0,0.034790828698991895
0,0,0.00013831345914254163
0,0,0.0012627214619501585
0,0,0.0002928130189713624
0,0,0.000372762713945222
0,0,0.00018763263523035385
0,0,0.00024439728263930734
0,0,0.13581367329442687
0,0,0.001300975921524677
0,0,0.058517391741091496
0,0,0.01926228458697776
0,0,3.676173636783877e-05
0,0,0.00038466952164287703
1,0,0.21521236907093078
0,0,0.00020635395929735314
0,0,5.525506425747047e-05
0,0,0.0006044399289204348
0,0,6.837704738207727e-06
0,0,0.009713812957735967
0,0,0.006024851712088839
0,0,0.00019731097275369668
0,0,0.0002671536162554713
0,0,0.007989875031847884
1,0,0.10726213199904838
0,0,0.13568848334092432
1,0,0.15418381132865766
0,0,4.44230735326815e-05
0,0,0.03653476920805495
0,0,9.868235686631341e-05
0,0,0.05443416263162297
1,1,0.993917703151997
0,0,6.03365092053131e-05
0,0,2.449374873850756e-06
0,0,6.397145346387793e-05
0,0,0.18490793241702627
1,0,0.3049176820154408
0,0,0.0003170666180685292
0,0,4.962059553721227e-05
0,0,0.0062175823719743785
0,0,0.023096439340400735
0,0,0.00022750459394016567
0,0,0.00977346192074729
1,1,0.9995108557215658
0,0,3.262179720939481e-05
0,0,0.00026454956884307544
1,1,0.9999760336208504
0,0,0.03668684530695122
0,0,1.344801328825265e-05
0,0,0.0004381650822979938
0,0,0.018850427243499966
0,0,0.006778685397945582
0,0,0.004771373797191316
1,1,0.9999748153040919
0,0,0.0003272655089551702
0,0,0.18764371589430454
0,0,0.0017984773133374302
0,0,0.01068872395864504
0,0,0.0015358103121977458
0,0,0.0052728561639257265
0,0,0.0004788428101968249
1,0,0.0945662514317078
0,0,2.5403078296691847e-05
0,0,0.018904019752733866
0,0,0.0001095682400363077
0,0,0.0004910854533591101
0,0,0.0010269841563513718
0,0,0.00016734838835403255
0,0,0.00025891183801443894
0,0,0.23767458520365156
0,0,0.1821253178690058
0,0,9.918266093007995e-06
0,0,3.569461485359159e-05
1,1,0.9999509496827689
0,0,0.002882266781662556
0,0,0.0006532167681716839
0,0,0.00010672956228971783
0,0,0.00019711220803103654
0,0,0.1296870889003532
0,0,0.001419801708102901
0,0,0.022133317439389868
0,0,0.00039748761619401305
0,0,0.00011461688620534933
0,0,0.0002382831455863401
0,0,8.106687558885278e-05
0,0,0.0009172263873818917
1,1,0.9971197884401949
0,0,0.05575134416268882
0,0,0.00014126578636631517
0,0,0.00016827337610650204
0,0,0.047530781102134545
0,0,0.0004555746551851203
0,0,0.00050890169929483
0,0,0.0007082594784990912
0,0,7.558368224571288e-06
0,0,0.00046705955455702967
0,0,0.00014604056463336052
0,0,0.008915094242002028
0,0,0.00039199186911446964
0,0,0.006202324751176256
0,0,9.852294594946224e-06
1,1,0.9992073497737116
0,0,4.873491727685597e-05
0,0,3.50213303439865e-05
0,0,0.006599959896130728
0,0,0.00040215022870121296
0,0,0.0030456895509688264
0,0,0.1170707943867806
0,0,0.0004061796936950465
0,0,0.0360973681724057
0,0,0.0003087264879451572
0,0,0.0021567656308383153
0,0,0.0026602193058666863
0,0,0.15676696584205907
0,0,2.719176488731814e-06
0,0,0.0001401783357360049
0,0,0.009312713404184866
0,0,0.0015354812280673432
0,0,4.159460695558136e-05
0,0,8.800763144982043e-06
0,0,0.00015113146916467148
1,1,0.9971023885310065
0,0,5.241768492793022e-06
0,0,0.00023203104155256212
1,1,0.9999115308496529
1,1,0.9964372576583556
0,0,0.005182729229731496
0,0,0.00014353846691115752
1,1,0.9980726568325172
0,0,0.000257062494676811
0,0,3.32780867051618e-05
0,0,7.042629922994617e-05
0,0,0.11649738671952911
0,0,5.602152727809589e-05
0,0,0.0002270671375945297
1,1,0.999943128200901
0,0,3.299524843422203e-05
0,0,0.0007073908575029244
0,0,4.317682729110905e-05
0,0,4.6996429127867364e-05
0,0,0.023282291331370126
0,0,3.3130694364177846e-05
0,0,0.0008677801311234256
0,0,0.10029307071747076
0,0,0.0025376339746300295
0,0,0.01054632128851547
0,0,8.813769183316167e-05
0,0,0.00010345982863745858
0,0,0.0014458046398382511
0,0,0.18840999487004795
0,0,2.5116511996659534e-05
0,0,0.0006891106055428701
0,0,0.048785183633703454
0,0,0.00355259251399024
1,1,0.9987237784030075
0,0,0.00032125936842114977
0,0,0.05079990420278153
0,0,4.013827900029703e-05
0,0,0.00014495696220968895
0,0,0.0010342582842658551
0,0,0.0006842107143586017
0,0,0.04172545920439768
0,0,0.00025164790006661187
0,0,3.931653488110678e-05
1,1,0.9999788017909311
0,0,1.910541155398252e-05
0,0,0.0004273511888347975
0,0,0.0025030067099473447
0,0,0.026560313884522378
0,0,0.0005278772314733608
0,0,0.0006326745827767124
0,0,0.00022339977248595053
0,0,0.0003666227037279312
0,0,0.0003749907513927912
0,0,9.4387975734208e-05
0,0,4.143680278045315e-05
1,1,0.9999815957485222
0,0,0.00010275989025226372
0,0,1.9692536012221913e-05
1,1,0.9995921070545902
0,0,4.56009074074676e-05
0,0,0.00015451985545846997
0,0,1.3202905520864494e-05
0,0,0.03711760179313489
0,0,3.7643147681487047e-05
0,0,1.0976555631338973e-05
0,0,0.010179313883340048
0,0,0.00010234730048297761
0,0,0.32476981391739057
0,0,0.00024150274245794492
0,0,0.10372672903376073
0,0,0.0002592071397289438
0,0,0.00047576797627468077
0,0,0.03258736916959526
0,0,0.0017727871900516876
0,0,0.0008084193838577134
0,0,0.01411330088972037
1,0,0.0430043261413242
0,0,0.017615726105877784
0,0,0.07110974613778272
0,0,0.000447417992258835
0,0,0.0001654041721049219
0,0,0.0005914888232837206
0,0,0.00021869144378588973
0,0,0.0002820077219030735
0,0,0.0024395358169885914
0,0,9.064251722503985e-05
0,0,9.466910691208918e-05
0,1,0.6181684693903677
0,0,0.00011594987258138822
0,0,0.15801269001836946
0,0,0.0003729172698394428
0,0,0.06587791346531588
0,0,8.25470400868966e-05
0,0,1.6576857701237865e-05
0,0,0.0003789290268392428
0,0,0.0004485571079140866
0,0,0.0006102156884534115
0,0,0.0014782303534239033
0,0,0.2559378020603063
0,0,6.906135787225645e-06
0,0,2.514925844252618e-05
1,0,0.14083374784547487
1,0,0.007566612321144759
0,0,0.00011922709898452735
0,0,1.310998094226009e-05
0,0,6.182089584004143e-05
0,0,5.3209670853193924e-05
1,1,0.9999847587482347
0,0,0.002996859346112836
0,0,0.3245248953083114
0,0,0.002871861763882443
0,0,2.073027968915571e-05
0,0,0.008842722238365552
0,0,2.3495539087429445e-05
0,0,0.0002940671428174298
1,1,0.9981157248786265
0,0,0.00010251790571716931
0,0,0.0002576505440993989
0,0,0.002865119213968076
0,0,1.4919661219391652e-05
0,0,3.911114684736105e-05
0,0,0.00039101136429920357
0,0,1.0745561796913014e-05
0,0,0.05596490816934544
0,0,0.0003933857955628092
0,0,7.249148633470808e-06
0,0,0.0006160351389307786
0,0,0.0002589422975751868
1,1,0.99836812006084
0,0,0.01173926829492182
0,0,0.0002152342138504425
0,0,0.00013073819879379822
1,1,0.996235268797351
0,0,0.008285107275728558
0,0,0.020044970585147127
0,0,0.010756302402462371
0,0,7.876729417649608e-05
0,0,0.00016301380458065117
0,0,0.00026355851944523227
0,0,4.985663805616621e-05
0,0,1.4646261195003621e-05
0,0,1.7384862224110467e-05
0,0,0.03292751683935124
0,0,0.0002161164269028353
0,0,0.0006616828409314056
0,0,0.06463204851729765
0,0,0.038389444898289375
0,0,0.007496218866203393
1,1,0.9942417540557668
0,0,6.411070749292384e-06
0,0,0.00011685871272335818
0,0,0.00015983279429989782
0,0,0.00021970010287443898
0,0,0.22333438011803217
0,0,0.0005684163868630127
1,1,0.9979125294405647
0,0,0.00020171083942341266
0,0,0.0011708879874357087
0,0,0.00031487316385662463
0,0,0.2701891086150301
0,0,0.0011639154297368116
0,0,0.03558008788507886
1,1,0.9999045710115411
0,0,7.987272354798228e-05
0,0,0.0008343360401088589
0,0,0.0010707333701924446
0,0,0.00015325046249372538
0,0,0.00021004259191482203
0,0,0.0005344662633864442
0,0,0.00028350823380923876
0,0,5.133506150863102e-05
0,0,0.33210955321790114
0,0,0.10241530132005978
0,0,4.585847421512802e-05
0,0,0.00010764443856815331
0,0,0.00016610609319378723
0,0,0.00022734500536233544
0,0,1.4422950481079988e-05
0,0,3.5030215028633654e-05
0,0,0.00029932861548250005
0,0,0.2797412350540149
0,0,0.014192000759472276
0,0,0.00013157445936746635
0,0,0.0008033701261596881
0,0,0.35763498821338463
0,0,0.00018873803069775283
0,0,0.0005802322133265301
0,0,0.06592400676040225
0,0,0.011974253889663417
0,0,2.86715459087879e-05
0,0,0.0004776461661835132
0,0,4.7605361960994315e-06
1,1,0.9999767017608717
1,1,0.998869623729158
0,0,3.6840879598146076e-05
1,1,0.9975678155704139
0,0,1.9207166454289064e-05
0,0,0.00046717858493144335
0,0,1.5248081386136661e-05
0,0,0.09457640043399806
0,0,9.155003651598044e-05
0,0,0.009961139536275731
0,0,0.0003671739940765423
0,0,0.21089121219959536
0,0,0.0003917094272610121
0,0,5.369460876950279e-06
0,0,0.00020908892283604991
0,0,9.333116339425776e-05
0,0,0.010015876810065895
0,0,2.5621678213162762e-05
0,0,0.0002920144623335703
0,0,3.211877453053668e-05
0,0,0.011207488574917471
1,1,0.9992559306385633
0,0,0.0009230043125410001
0,0,0.0002696372916795873
0,0,0.00837512586085713
0,0,0.42358103211546394
0,0,0.00013726868213556056
0,0,0.020774435967798644
0,0,0.05099307959556205
0,0,0.45128256767158664
0,0,0.00011451583599100685
0,0,0.0010550351337554624
0,0,1.0832268871096581e-05
1,1,0.9985337368180132
0,0,0.0003157761549202813
0,0,0.0009885696970018901
0,0,0.006153222077715003
0,0,7.912868490590518e-06
0,0,7.0535601353329725e-06
0,0,0.00021966834322342756
1,1,0.9990141275214701
0,0,0.00016028749064231126
0,0,2.0734855079969438e-05
0,0,0.0005231041888832655
0,0,0.03222824399808611
0,0,0.00015186798595834538
0,0,0.0018645944863927262
0,0,0.00017743884307377852
0,0,1.280635024099038e-05
0,0,0.044943894219954775
0,0,0.00038386251216831715
0,0,0.02204977124680184
0,0,3.833200986903247e-05
0,0,0.0007723391895415153
0,0,0.10228482893829714
0,0,5.266022673880402e-05
0,0,0.0006774057949881032
0,0,9.29332873307664e-05
0,0,0.06411679801634788
0,0,0.10274681181359041
0,0,0.03694284936701472
0,0,1.192150025335672e-05
0,0,4.41771258472586e-05
0,0,1.9164695171400155e-05
0,0,1.6427709160350997e-05
1,1,0.9993148635063028
0,0,0.000575405649481257
0,0,0.11421776913168671
0,0,0.0003333477353146804
0,0,0.00474416665740209
0,0,0.006652685197576768
0,0,0.0001548220086787639
0,0,0.07516561253351989
0,0,0.00011329699522991314
0,0,0.0707416599130908
0,0,0.0026913301765735245
0,1,0.60672477349683
0,0,0.0056922730696928525
0,0,0.040812986790302055
0,0,9.583807110960764e-05
0,0,0.10067581172866838
0,0,0.0054695639387665924
0,0,1.7755007235918796e-05
0,0,0.00772078768820629
0,0,0.146740130214608
0,0,0.0001854351630907161
0,0,0.000456932680007092
0,0,1.9962304221360734e-06
0,0,5.133506150863102e-05
0,0,0.026706430955419035
0,0,0.0001963008896829657
0,0,0.008082234199070006
0,0,2.1345412721210095e-06
0,0,8.181133757334617e-06
0,0,9.347941465644509e-06
0,0,0.00016944242466664057
0,0,0.0003161201625707763
0,0,0.00020201358179686274
0,0,0.0002960636109948271
0,0,0.0004226791084940675
1,1,0.999936083229169
0,0,0.05814677030536827
0,0,0.001349434923876042
0,0,0.09264210814477816
0,0,0.0003915959799622484
0,0,1.0279470317350812e-05
0,0,0.0004470776903382304
0,0,7.990286359593528e-05
0,0,0.06426112809711233
0,0,0.0001283643410336905
0,0,0.0002204600010058361
0,0,8.524558565575608e-05
0,0,0.06936429952181394
0,0,0.00045872899100714434
0,0,7.444114825730106e-05
0,0,0.0003391209526949347
0,0,0.3143396510327111
0,0,0.00019550437640260363
0,0,0.1588489854755679
0,0,0.01951658876866286
0,0,0.0038631101643664
0,0,0.00035944489687807967
0,0,0.00016838777676293903
0,0,0.01411302086132663
0,0,0.018996049408488168
0,0,0.004928353551030795
0,0,0.005505413191180811
0,0,0.005346909149913403
0,0,9.553287036519529e-05
0,0,0.00032805092058461595
0,0,0.0001148649666282536
0,0,0.0004459865369638501
0,0,0.004934397386649777
0,0,0.0021600416934663327
0,0,2.3116471832644414e-05
0,0,8.954009364228079e-05
0,0,0.02342757186191383
0,0,0.00020350712927939666
0,0,0.0005603337507227951
1,1,0.9999727574582897
0,0,0.3874307181430226
0,0,4.1988364814188e-05
0,0,0.06877528924022025
0,0,9.015153458503213e-06
0,0,0.013502775560853124
0,0,4.782044252295507e-05
0,0,0.005320906340435902
0,0,0.000914861589800468
0,0,7.987272354798228e-05
0,0,0.0005684315783646923
0,0,0.001403807700078998
0,0,0.071541502916779
0,0,0.00016436204214148465
0,0,0.00011678708714595788
1,0,0.1009624923234762
0,0,0.29328113594050165
0,0,0.000538846582161723
0,0,0.08563740540830868
0,0,0.0003692317056649633
0,0,0.00043300036848192174
0,0,0.0003887695804386397
1,1,0.9972481513397347
0,0,0.0006579957826623261
0,0,0.00015140336939021873
0,0,0.0016770320302463854
0,0,0.00663699996642757
0,0,7.776426311501531e-05
0,0,1.3153292113176315e-05
0,0,0.00021652847108091875
0,0,0.02505038407723734
0,0,0.024790642876671414
0,0,0.025999728602659422
0,0,3.848956423123098e-05
0,0,0.0004549254117727517
0,0,0.16577109008425983
0,0,0.0009101536114771992
0,0,0.0006613617131604823
0,0,0.00022046060522703064
0,0,0.0015430355880312256
0,0,0.1838234350382729
0,0,8.986209495792751e-05
0,0,8.330099630022933e-05
0,0,0.0005458280561121704
0,0,0.05017131433109849
0,0,0.0032998588544850987
0,0,1.7074375425595836e-05
0,0,6.604844297679492e-05
0,0,6.902671578958244e-05
0,0,0.03455452839345399
0,0,0.000314354052082501
1,1,0.9999251240229813
1,1,0.9980677849853921
0,0,0.1410683417465279
0,0,0.03880738893696508
0,0,0.00022798964179500365
0,0,0.0017756515718173516
0,0,0.06424239308617778
0,0,0.0038176676740934424
0,0,2.2365441656135655e-05
0,0,0.0012560319009884302
0,0,0.002199236328204817
0,0,0.0071771491158118565
0,0,0.0018531721224470609
0,0,7.907620202333617e-05
1,1,0.5930909912729159
0,0,0.0003038808616316354
0,0,0.00046381069340629304
0,0,0.0001125269089516522
0,0,3.067442262106414e-05
0,1,0.5583335396681866
0,1,0.5022267555134131
0,0,0.11506076636807118
1,1,0.9999295692840496
0,0,0.04352833161064519
0,0,0.0027014635788154165
0,0,0.03516123181034931
0,0,0.07272913650379793
0,0,5.021371923876264e-05
1,1,0.9999759132244509
0,0,0.15747161349284663
0,0,0.0005674254416432008
0,0,0.00550008950963131
0,0,0.0002853360822008692
0,0,0.00017961594870359734
0,0,2.1528959999936975e-05
0,0,0.07480077508958478
0,0,4.118726509474228e-05
0,0,9.981674839554896e-05
0,0,3.6063465010939196e-05
0,0,0.00020871932276412576
0,0,0.2925469894515635
0,0,0.24890650651983862
0,0,0.07719149208667048
0,0,0.00016060357498904148
0,0,0.013230850451236781
0,0,8.683157550917708e-05
0,0,0.0001830883781746407
0,0,0.014144208153184581
0,0,0.001298127492926289
0,0,0.00022463206152736865
1,1,0.9999730674979622
0,0,1.0012047392206548e-05
0,0,2.963177702623949e-05
0,0,0.0034166724491863157
0,0,8.372137837838636e-05
0,0,0.00991665065143288
0,0,0.3557431788780183
0,0,0.012829500630036713
0,0,7.715510208644177e-05
0,0,0.001680639514055011
0,0,0.018656345126923143
0,0,0.007662465753565644
0,0,0.05282141831054565
0,0,0.00019926586283978227
0,0,0.0671974475270318
1,1,0.9988985472105096
1,0,0.09978392315833218
0,0,0.05706221336580322
0,0,0.00025732094989427056
0,0,1.6234217532089683e-05
0,0,0.00027548822198814
0,0,0.00029177713606890013
0,0,2.4115169786081142e-05
0,0,2.5491222407971218e-05
0,0,0.0814788622984323
0,0,0.009462237214002547
1,1,0.9999623592659888
0,0,0.0126441806614773
0,0,0.05889678842413386
0,0,3.7327097904395207e-05
0,0,0.004241605031313639
0,0,1.5302566575438072e-05
0,0,0.09124036320796561
0,0,0.0002830156380003657
1,1,0.9991200746291168
0,0,0.0001634449815722472
1,1,0.9981697506249739
0,0,0.014492435846461501
0,0,0.0001807324264327982
0,0,0.00022987693943048065
0,0,0.005101067565533059
1,1,0.9954591758999124
0,0,0.0008117735007827825
0,0,7.577506853656711e-05
1,1,0.9988555063141574
0,0,0.0003628779856563573
0,0,0.00025504803916171035
0,0,0.31188713880154634
0,0,6.382486228069181e-05
1,0,0.2024989079565557
0,0,0.00027207796477795893
0,0,0.0002820077219030735
0,0,0.006355693894954923
0,0,2.966215324648836e-05
0,0,9.981674839554896e-05
0,0,0.02179492119480761
0,0,0.0001577184904407503
0,0,0.0005405563916172631
0,0,0.0001935222020693103
0,0,0.0010688867856421492
0,0,0.0010038007365553193
0,0,0.00111882481180528
0,0,0.000856238846845121
0,0,9.564047534843074e-05
0,0,0.00022087750625249464
0,0,4.024103049924803e-05
0,0,6.589037356603021e-05
0,0,0.1667977291613402
0,0,0.006141600322564014
0,0,1.0674022545403317e-05
0,0,3.815756638800515e-05
0,0,7.565470259823672e-05
0,0,7.595640350877353e-05
0,0,0.0003376563042179684
0,0,2.0554771639906238e-05
0,0,0.0005013803313605457
0,0,5.592079658849484e-05
0,0,0.03746879205092352
0,0,0.0008272461827355552
0,0,0.00019060019688671293
0,0,0.00012139462872076935
0,0,0.0003881097323391061
0,0,4.3301932520733495e-05
0,0,3.062529089023831e-05
0,0,0.0004401298506903223
1,1,0.999976315858964
0,0,0.000485284436336774
0,0,2.5686988142622368e-05
1,1,0.9955876154255924
1,1,0.999929738906417
0,0,9.45622329355978e-05
0,0,3.9378413170301386e-05
0,0,0.00013916116303743347
0,1,0.787236937164644
0,0,0.002150041661050062
0,0,4.0275508868307955e-05
0,0,3.091167951527564e-05
0,0,0.003925620915021137
0,0,0.019840428420526794
0,0,0.06463204851729765
1,1,0.999947391116601
0,0,0.00015346059998826365
0,0,0.0011284661172276304
0,0,0.006781341788471138
0,0,0.0002761540254500718
0,0,0.00036245714539181523
0,0,2.731653931799468e-05
1,0,0.18917653088856026
0,0,5.0005970267976776e-05
0,0,2.5632345207615583e-05
0,0,0.0009654882482183044
0,0,1.8133623821506974e-05
0,0,0.00038804405213893096
1,1,0.9965613424058047
0,0,0.00014001423522710615
0,0,0.22459566166009162
1,1,0.9992103476252165
0,0,7.519563492387633e-05
0,0,7.285993857991596e-05
0,0,0.001219764248147285
0,0,4.8434226214856753e-05
0,0,0.00011595855620480272
0,0,4.8820975322232804e-05
0,0,0.09179697355111356
0,0,0.032097074458764585
0,0,0.010068382373127743
0,0,8.910094832877011e-05
0,1,0.5115752808066919
0,0,3.465943610923588e-05
0,0,0.00018697125963653536
1,1,0.9964546391613746
0,0,0.0008120834994417174
0,0,5.384950455095272e-05
0,0,0.0003821703993889879
0,0,0.00024877830426103104
0,0,0.3260358883285016
0,0,0.01163744365863984
0,0,4.695866678996247e-05
0,0,0.008672603773388424
0,0,6.99523995713382e-05
0,0,0.006048709048037262
0,0,0.0023144336458408316
0,0,0.0015886031463539924
0,0,0.0002649759535729375
0,0,1.2855142478209955e-05
0,0,0.24365458605548976
1,1,0.9991720719226735
0,0,2.142853954526458e-05
0,0,0.29796784184206787
1,1,0.9971299626682412
0,0,0.0058528013901122215
1,1,0.9998932936554087
0,0,0.048712098442705465
0,0,0.03648131255134761
0,0,0.0007203944401230662
0,0,0.024697386749826484
0,0,0.01704109429619644
0,0,0.0014316001727726546
0,0,8.22243995098406e-05
0,0,0.00024286535694599258
0,0,0.007484454794138021
0,0,0.07138762860760291
0,0,0.06499013673402208
0,0,0.007650166313118062
0,0,0.09254304399109009
1,1,0.9976306881945403
0,0,0.03277690786792346
0,0,0.003106923607497479
0,0,0.09018332248894974
0,0,0.000534681193364874
0,0,0.0002661995708889043
0,0,0.0005459343759359361
0,0,0.0008635981428945857
0,0,0.016184055207865533
0,0,1.4379380212280516e-05
0,0,6.862320221566244e-05
0,0,0.0002814375590774309
0,0,0.029318025983869754
0,0,0.0003249235021977658
0,0,0.0010821282601169786
0,0,0.0007101546962999965
0,0,0.0006513224343863982
1,1,0.9978643407095072
0,0,0.13113571718779635
0,0,0.13114472700389512
0,0,0.00014126578636631517
0,0,0.026512319162110016
0,0,0.018366115791743236
0,0,0.12489834006794
0,0,7.64394883669612e-06
0,0,0.09438280302013145
0,0,0.006657128090877765
1,1,0.9957789834501468
0,0,0.00034658564540662924
0,0,7.203668068677416e-05
0,0,0.19516167511944754
0,0,0.013426366625280808
1,0,0.2765282455584411
0,0,0.00039055670686390966
1,1,0.9999021597078432
0,0,0.0406869525757922
0,0,5.800735466932455e-05
0,0,0.00035899379350154734
0,0,0.012394779232912578
0,0,4.868303202142839e-05
1,1,0.9999569826822021
0,0,5.133506150863102e-05
0,0,0.004461721846777875
0,0,0.00043857514719385223
0,0,1.1307516512255298e-05
0,0,0.0003910710068807321
0,0,5.164103137009599e-05
0,0,0.00019741778423905057
0,0,0.08839436671516211
0,0,0.07048046510681463
0,0,0.0013281219600704277
1,1,0.9991982817108065
0,0,0.01251670577346805
0,0,1.7786556585868762e-05
0,0,0.000135545789941545
0,0,6.261757339128611e-05
0,0,0.00023491963377460354
0,0,0.24469714335378134
0,0,0.0005319901614278819
1,1,0.9978682530789842
0,0,8.665204212894496e-05
0,0,0.00014867182717955916
0,0,2.4310615534458777e-05
0,0,0.00023134298626158013
0,0,0.0006252639336939823
0,0,9.112387909718304e-06
0,0,9.089752584481163e-05
0,0,0.00042175085255892274
0,0,8.791634415947544e-05
0,0,0.0002884208718466461
0,0,0.014184387361133545
0,0,9.503911634183696e-05
0,0,0.06828634320437259
0,0,2.244916152198489e-05
0,0,0.038010663035513065
0,0,0.00010335377054198108
0,0,9.038677490966679e-06
0,0,0.0005787294862565835
0,0,0.12409203989547396
0,0,0.006051879778704767
0,0,3.5366786374998565e-05
0,0,0.00022057307948258648
0,0,3.720156738243473e-05
0,0,0.00030977244630260483
0,0,0.006001618198642039
0,0,0.00291498276193556
0,0,0.02353226807011823
0,0,0.00030884903580742905
0,0,0.001293675057773185
0,0,0.0005876267094973307
0,0,0.37314646309537736
0,0,0.00011002424165828864
1,1,0.9998800539656538
0,0,0.011523357076493185
1,1,0.9957852993449025
0,0,0.0008899669905132561
0,0,8.954009364228079e-05
1,1,0.9982039065339982
0,0,2.786301078380743e-05
0,0,0.00044598795063703026
0,0,0.0761246689647224
0,0,7.073673281183847e-05
0,0,4.029289042813511e-05
0,0,0.18832050042527484
0,0,0.0009735159123542069
0,0,2.7074125781757692e-05
0,0,0.0002176326138112722
0,0,0.00025151996899529044
0,0,0.0019143999752113522
0,0,0.01305880238902936
0,0,0.03107749999513805
0,0,0.00032233381186782775
0,0,0.0005429238910823742
0,0,1.9973367040681245e-05
0,0,0.032625167863671506
0,0,0.00019571481410822868
1,1,0.9979640269854724
0,0,0.00129770053465256
0,0,0.0005322448521270016
0,0,0.06293798926135896
0,0,0.015639027743602013
0,0,0.0007340916617516574
0,0,9.089394316429728e-05
0,0,0.0022037333550649404
0,0,0.030529380607516882
0,0,0.00020499971389575293
0,0,0.00032940298775926865
0,0,0.0001265864962733913
0,0,0.16491770384456247
0,0,0.07068539918847694
1,1,0.998261900701532
0,0,0.00046329499479663894
0,0,0.0001427106461828091
0,0,1.8785057071377728e-05
1,1,0.9964211164438304
0,0,0.00033179962301633305
0,0,0.015637706318911686
0,0,0.00034084624497605583
0,0,0.002696549573182945
0,0,0.00027818432175143203
0,0,0.00023203104155256212
0,0,4.838461546674077e-06
0,0,0.15157534248451465
0,0,0.0096413617454071
0,0,3.4491399266073205e-05
0,0,0.0007843680180500287
0,0,0.002234545240009505
0,0,0.00012354949199206133
1,0,0.4858584647946259
1,0,0.04286573217375288
0,0,0.00022017526932580138
0,0,0.04682365291735499
0,0,3.852402066196972e-05
1,0,0.279144562686404
0,0,0.015618580395094245
0,0,0.013531665425206127
0,0,0.000805202910841315
0,0,9.410272857327162e-05
0,0,0.00034133730384091487
0,0,0.0005220428732675264
0,0,2.7246872910428876e-05
0,0,0.00011063777358527211
0,0,0.0004586397848106404
0,0,0.00039508055313261026
0,0,9.195305948462263e-06
0,0,7.394197932124759e-05
1,0,0.0833070826786214
0,0,0.0002793690058064435
0,0,0.01684450067239862
1,0,0.07624349199478116
0,0,4.594173302007281e-05
0,0,0.0025407017721859578
1,0,0.13044138840145314
0,0,0.010504380243832294
0,0,3.503445410405516e-05
0,0,1.3153292113176315e-05
0,0,0.029645809817999268
0,0,0.00018560886695897282
0,0,0.005845516120729035
0,0,0.0015132656820717161
0,0,0.001680639514055011
0,0,0.0029854639076497182
0,0,0.00022831807260369585
0,0,2.4595446206393077e-05
0,0,0.0007035171524286148
0,0,4.7928957300809674e-05
0,0,0.00014366282457913145
0,0,0.1923568968547696
1,1,0.9976388613518566
0,0,0.0006630467114042885
0,0,7.1456399389987785e-06
1,0,0.22545367023559573
0,0,0.01611040902361246
0,0,0.000126603504667489
0,0,2.317557063188539e-05
0,0,0.0003475515673557986
0,0,0.002402461644359255
0,0,0.19651429509511611
1,1,0.9964826673401332
0,0,8.914836165659709e-06
0,0,0.0899512554559232
0,0,0.026926136642020582
0,0,0.0002460777061718686
1,1,0.9990418164035806
0,0,0.0001495604558144034
0,0,0.00044832501288518875
0,0,5.678921427661689e-06
0,0,0.00039714218836066
0,0,7.26126233082799e-05
0,0,0.0038740219713459955
0,0,0.07183076685963122
0,0,3.3235898612023886e-05
0,0,0.02668587680941001
0,0,0.00037792393742298245
0,0,0.0006635934840491846
0,0,3.0737291566013575e-05
0,0,0.00799104031774545
0,0,6.019513893811524e-05
1,1,0.9984592558197021
0,0,0.0048620694870573754
0,0,0.00029821524377288963
0,0,9.26177816821689e-06
0,0,0.01366776221000355
0,0,0.054569962680273705
0,0,6.514978292859721e-06
0,0,0.02141387089246155
0,0,9.192880738851099e-05
0,0,0.0004217294469133593
0,0,4.347252380241043e-05
0,0,0.06954305514428269
1,1,0.9994108577889732
0,0,7.1456399389987785e-06
0,0,0.003197024276683501
0,0,7.119114643495668e-06
0,0,0.0937429695265223
0,0,0.019832065173409744
0,0,0.0020340332892550845
0,0,0.06073075281223636
0,0,6.2983400736900815e-06
0,0,0.0002253969249228956
1,1,0.996394542283497
0,0,5.079264558890713e-05
0,0,7.0535601353329725e-06
0,0,0.07241052141868506
0,0,0.09978392315833218
0,0,0.0017001613893774623
0,0,0.0004703518687773838
0,0,0.00023756679427333404
0,0,0.14999526391359463
0,0,0.000512643486601563
0,0,6.165998031376002e-05
0,0,1.836000165257548e-05
0,0,5.2245670019668916e-05
0,0,0.031163321070374377
0,0,0.010216118139975713
0,0,0.00046554340517527697
0,0,0.00012342314478342364
0,0,0.368263075433497
0,0,7.0535601353329725e-06
0,0,0.00013763316597366706
0,0,6.909314871125404e-05
0,0,0.0016916908882175382
0,0,0.0010115630672207188
0,0,0.00042507072385932865
0,0,0.0005643543812456173
0,0,0.40039572228402015
0,0,0.0072677308111979595
0,0,0.00013425292478091104
0,0,2.944619862874749e-05
0,0,0.000954352429157574
0,0,0.002344739072726031
0,0,2.7414558390120585e-05
0,0,0.01645132233455969
0,0,0.0003799903185460475
0,0,1.931637379895072e-05
1,1,0.9988427536047624
0,0,0.0014637489551367748
0,0,3.077181866493787e-05
0,0,0.024030705053517266
0,0,0.00016762719338265085
1,1,0.9973711273630974
0,0,2.3511907833504872e-05
0,0,0.0845943300849982
0,0,0.0003018697767596083
0,0,0.00024614815986322456
0,0,0.000169025620977287
0,0,0.00028517126803273254
0,0,8.0937034865765e-06
0,0,0.00754200334104121
0,0,0.0002818550283225686
0,0,0.049817924093961345
0,0,0.0002758862705934215
0,0,0.00025251692336648776
0,0,0.00026758559530131094
0,0,0.010226900098631619
0,0,0.149431677743282
0,0,0.0014039766146685135
0,0,0.00011984326510341281
0,0,0.00018331595881965627
0,0,0.007277326947434223
0,0,0.0005243612603643676
0,0,5.5026460338750385e-06
0,0,3.405448479215729e-05
0,0,0.041530962784008085
0,0,0.04704447760097696
0,0,0.008248390060117166
0,0,0.0004378930061575252
0,0,0.19617670986648994
0,0,0.026049405504683345
0,0,4.948740474625007e-05
0,0,3.9105464667018925e-05
0,0,3.170675074656718e-05
0,0,0.03327206084530849
0,0,0.00020533502312318965
0,0,0.015196841659565816
1,1,0.9989383030922414
0,0,0.21534198396467005
0,0,0.00021471112152510324
0,0,0.00030407978536773803
0,0,0.16249289388883362
0,0,0.0011043685298638038
0,0,0.03560271643369329
0,0,0.0005342039916104044
0,0,0.00024340362643134408
0,0,0.00017008290732854967
0,0,0.000103677060771378
0,0,0.32906306226224874
0,0,0.003081865725773738
0,0,0.0002747762295708336
0,0,5.014066190983302e-05
0,0,0.0008516208852498292
0,0,0.11601978570830941
0,0,0.28930440172843835
0,0,0.00016293644719962596
0,0,1.7231532191284712e-05
0,0,0.00011585085771370118
0,0,0.0013738292922039377
0,0,0.0002014430255583516
0,0,0.0005240964741468579
0,0,0.00014748313774704753
0,0,0.0005610773779519009
0,0,4.375131675927842e-05
0,0,0.3232865451521928
0,0,0.001608289118764707
0,0,0.0003673923371863278
0,0,0.000558165881350275
0,0,0.00045652160271200497
0,0,0.00022367915129592873
0,0,0.000133537845959267
0,0,0.001118852497940627
0,0,0.06287153861930979
0,0,0.0005649232011986745
0,0,0.06990805879972124
0,0,1.0544014938250304e-05
0,0,1.5120326934104398e-05
0,0,0.26516837765268914
1,1,0.9999799650395987
0,1,0.6341954858862621
0,0,0.0004276830768913358
0,0,0.0001530292229631499
0,0,0.18484089131534098
0,0,0.006625670651345255
0,0,0.176239531794139
0,0,0.31736721898306286
0,0,0.09881121854320826
0,0,0.0009621304170529916
0,0,0.19028443390750854
1,0,0.09547465973731777
0,0,0.06437425623119686
0,0,0.03678678132375892
0,0,0.4356522830034148
0,0,2.1588537812079312e-05
0,0,2.63420836851557e-05
0,0,0.0007681020552022729
0,0,0.018604195359571644
0,0,0.0008041531205058907
0,0,1.5207473971137724e-05
0,0,4.3552670427098344e-05
0,0,4.36449796795497e-05
1,1,0.9999434728886161
0,0,5.3700467487211666e-05
0,0,0.00016344621270583087
0,0,0.17810223754535587
0,0,2.5150272151810492e-05
0,0,0.0321067296807775
0,0,0.0012928733106178792
0,0,7.680210563297908e-06
0,0,1.3100035087196066e-05
0,0,3.9105464667018925e-05
0,0,0.09671299665126318
0,0,0.04653942916500869
0,0,0.38197743136328666
0,0,8.106687558885278e-05
0,0,5.369460876950279e-06
0,0,1.6433446877344435e-05
0,0,0.0006380397501461608
1,1,0.9970815333179622
0,0,1.9472981976688304e-05
0,0,1.7281477177989928e-06
0,0,0.0010069880034328967
0,0,0.0001475500579240763
0,0,4.2746276850614306e-05
0,0,1.749202444280057e-05
0,0,0.15274250575991666
0,0,6.693821406196531e-05
0,0,2.1763802796831285e-05
0,0,0.0002813378226074328
0,0,3.444978170703288e-05
0,0,5.6710124826186304e-05
0,0,0.0011932094135253537
0,0,0.1309840892610317
0,0,0.0003179288279416747
0,0,0.15570723254535127
0,0,9.157363191048915e-06
0,0,0.0003605552295071635
0,0,8.85008479728683e-06
0,0,0.00013452072454613224
0,0,0.00010084889590216294
1,1,0.9983648294028376
0,0,0.0005866201629638898
0,0,7.59464848894308e-05
0,0,7.075557751720295e-06
0,0,5.5792652531404524e-05
0,0,5.7736416951314055e-05
0,0,0.026423405649125965
0,0,0.09602250939606823
0,0,0.24731659948076723
0,0,0.0009537810901982127
0,0,2.8603250343509273e-05
0,0,0.0009753670448766592
0,0,0.0007801671685184325
1,0,0.4741616763382147
0,0,0.00040581605090070935
0,0,7.145618503231459e-05
0,0,0.000339207646491554
0,0,0.006693376002012563
0,0,7.952335278974245e-05
0,0,0.0001576559219308267
0,0,0.00232638489204315
0,0,0.02158510308448363
0,0,5.173969521667447e-06
0,0,9.601462705330864e-05
0,0,0.00018492341384995653
0,0,0.00033528748929677636
0,0,0.014722677591066108
0,0,0.00031892866404411034
0,0,0.016576993787494294
0,0,0.0006139731914366649
0,0,0.2178432061197069
0,0,0.02532386858616628
0,0,0.00032803512013727373
0,0,1.6794470484510372e-05
0,0,0.24701308599476038
0,0,0.0001180705247418297
0,0,0.0007404680225141857
0,1,0.508499165792858
1,1,0.9999886529068632
0,0,0.001158568109249563
0,0,0.04136330511150408
1,1,0.9988178372049135
0,0,0.10007758544257783
0,0,8.990320172961817e-05
0,0,0.00017773292890117072
0,0,0.0001342949921074715
0,0,0.0018032475379535756
0,0,0.00037335133507407825
0,0,0.0005487326179096936
0,0,0.024777685618115917
0,0,1.692659079872388e-05
1,1,0.999493665523825
0,0,0.00014547518006268083
0,0,0.0001923000696552972
0,0,0.0001278917739897936
0,0,0.178383145278416
0,0,7.216022609350634e-05
0,0,0.00027310197717912135
0,0,0.0006549300754116265
1,0,0.4495287970871477
0,0,0.0006116966061449509
0,0,4.9014969165399906e-05
1,0,0.1150191417562724
0,0,0.007910520748582771
0,0,0.12423937849927416
0,0,0.00019486304292229298
0,0,0.0008874128140036867
0,0,0.0003522086134151747
0,0,0.0004717287325547245
0,0,0.15565816628434573
0,0,0.024034287757672114
0,0,0.14796552768594765
0,0,0.19311662258845
0,0,0.004729008503976844
0,0,0.01351813994706167
0,0,3.839785250718918e-05
0,0,0.10085862479734742
0,0,0.00030771736769554024
1,1,0.9999847315205962
0,0,3.9551530111962534e-05
0,0,0.008873272607633436
0,0,2.8702440959124755e-05
0,0,0.012335011114051962
0,0,0.020117202994043657
0,0,0.00034011338761732475
0,0,0.23107687892788056
0,0,1.9372895459670674e-05
0,0,1.2981062415596991e-05
0,0,0.004591786213671002
1,0,0.23086820855715284
0,0,0.00016669202670804953
0,0,2.585792469756101e-05
0,0,2.117762025861933e-05
0,0,0.00039896393228490293
0,0,0.0003263134393266153
0,0,2.9481460444888256e-05
0,0,6.376319158232224e-06
0,0,2.7414558390120585e-05
0,0,0.00015578471415164557
0,0,0.00968425503647862
0,0,0.00019812077350989202
0,0,3.6883232876636614e-05
0,0,3.150431978338881e-05
0,0,0.00024645575557566196
0,0,0.00279109508799673
0,0,2.237382565805098e-05
1,0,0.02669715846507428
0,0,4.156310274916233e-05
0,0,0.0003893265131085515
0,0,9.740272647086574e-06
0,0,0.0001129184530712187
0,0,0.20149890896501044
1,1,0.9988725418433666
0,0,0.0031440496180259498
0,0,0.0009925159180038134
0,0,0.0008547760357346923
0,0,0.000542007672206871
0,0,5.1811696697725724e-05
0,0,5.870973256812973e-05
0,0,0.0005378224919195883
0,0,0.019466378021930946
0,0,0.00047561511218213986
0,0,5.679431643064242e-05
0,0,0.0009739721413734308
0,0,0.06747256645332904
0,0,5.369460876950279e-06
0,0,0.0001813295036155233
0,0,0.05043490777026969
0,0,0.00023118925497808059
0,0,0.02680825253556106
0,0,0.01529514021239675
0,0,0.08500016942268453
0,0,0.0005231493649307577
0,0,0.000221360124374493
0,0,0.00028159789868093893
0,0,0.04179592404724312
1,1,0.9978881104175554
0,0,0.0002720834789712245
0,0,4.235467904275587e-05
0,0,0.07956125454852103
1,0,0.19577448903476566
0,0,0.012137012434699442
0,0,0.0006041926876855088
0,0,0.0003109799476339678
0,0,6.397145346387793e-05
0,0,0.08605491286641725
0,0,0.05338238023498341
0,0,0.0005361559153130244
1,1,0.9999061036829956
0,0,0.0003137635979725373
0,0,2.5081040545697797e-05
0,0,0.00035444637713431614
0,0,0.013074511476530278
0,0,0.0005022451407422786
0,0,9.726466546049438e-05
0,0,0.013389324207900746
0,0,0.00022077261687602278
0,0,0.04874769898705369
0,0,3.6203662921953773e-05
0,0,0.11471360365632297
0,0,0.013548249774426036
1,1,0.9985751264616244
0,0,0.029844461914914546
0,0,0.001564143027170345
0,0,0.18756805413815003
0,0,5.242041841464351e-05
0,0,0.0005534067344633664
0,0,3.0244573401877216e-05
0,0,0.0003176891085897508
0,0,0.00029284689419917134
0,0,0.007305119929970213
0,0,0.0012777976548836191
0,0,0.07497386410531247
0,0,0.02572235506825381
0,0,0.00011758394127088344
0,0,0.0003372953411999256
0,0,0.0002963361827963588
0,0,0.0015225876280352596
1,1,0.9999419200179226
1,0,0.1381873767117443
0,0,0.00047108947380747503
1,1,0.9994233485390013
0,0,0.4515565281901145
0,0,0.022970447083787336
1,1,0.9984963487614977
0,0,0.03247833915928905
0,0,1.654211442052283e-05
0,0,7.200298888514877e-05
1,1,0.9992216174827282
0,0,0.00259885929618205
0,0,0.45675422833153656
0,0,8.292273226032998e-06
0,0,7.410520884314355e-05
0,0,0.0037523532691847964
0,0,0.0003314649162968403
0,0,2.4067981683225925e-05
0,0,0.0007082317467419914
0,0,0.006006212165982263
0,0,0.0001342949921074715
0,0,0.07186789420711512
0,0,4.991206482017921e-06
0,0,0.016479618333470003
0,0,0.00048687007508471067
0,0,0.012238785885355973
0,0,0.020895819265156202
1,1,0.9940744912223078
0,0,0.0005009886537516978
0,0,0.25528121426486317
0,0,8.156736752944927e-06
0,0,0.22902641477002803
0,0,4.716669624387403e-05
0,0,0.001141357534138372
1,0,0.12814081814600717
0,0,5.9551814544459666e-05
0,0,0.0002994899495300348
1,1,0.9985096175246022
0,0,4.2957952824689166e-05
0,0,0.001078385765035017
0,0,9.059673480353097e-05
0,0,1.0671556808893765e-05
0,0,0.31883143848614787
0,0,0.00018508555874078162
0,0,4.349561916208959e-05
0,0,5.4661690968634025e-05
0,0,2.3633326183878544e-05
1,1,0.9964146217051937
0,0,0.00033676818352489096
0,0,0.4041700376932558
0,0,0.0005474571921211722
0,0,0.0002749712305981685
0,0,3.551857735189147e-05
0,0,0.0038176127450521825
0,0,0.006326405862121079
0,0,3.450611151166365e-05
0,0,0.08945955838759133
0,0,1.3798643039086845e-05
0,0,0.057654307004574246
1,0,0.37472095652211834
0,0,0.0001090135008289943
0,0,0.00022641537505046984
0,0,0.14171120444051236
0,0,1.4507443196754848e-05
0,0,2.086624799817859e-05
0,0,0.00524744603054932
0,0,0.02109983027341498
0,0,0.0010083591845547915
0,0,0.4570755495905667
0,0,0.0035506167403158363
0,0,0.0015393119147547273
0,0,8.077478655339921e-06
0,0,0.023955284447062648
1,1,0.9986377246832335
0,0,0.008771376876675077
0,0,0.01175892809367879
0,0,0.00015747774921152918
0,0,0.0002609671533499287
0,0,6.1662608421411764e-06
0,0,0.00032646764358870955
0,0,0.00015462810015799157
0,0,0.0005386632445117806
0,0,0.02723547759200748
0,0,0.00023435588843475328
0,0,0.0008528855675449561
0,0,0.339067889819277
0,0,0.0001070606082546741
0,0,0.0018065203498323643
0,0,0.007554093544005066
0,0,0.00010409380701337093
0,0,0.0039402309094106434
1,1,0.9987147973830254
0,0,0.0005020734027836408
0,0,0.04225026790300499
0,0,0.030610209222753336
0,0,0.0002770863694905035
0,0,0.00011043251961976622
0,0,0.00019376080690140416
1,0,0.3463099916484719
0,0,0.00012515020159455385
0,0,0.09170400807044267
0,1,0.6093391978722394
0,0,0.0011595366528558673
0,0,0.07356344594070978
0,0,0.00026629415152551055
0,0,0.00016633488693117176
0,0,0.0005319901614278819
0,0,0.09475704255127736
0,0,0.00017118781625848065
0,0,0.0002108734753931748
0,0,0.00045370961894464635
0,0,0.06332965352401063
0,0,0.00013452368633216295
0,0,0.010493455616216564
0,0,0.00026762662998437763
0,0,0.0004027563710243742
0,0,0.00037278753951772126
0,0,0.12696130017222645
0,0,0.0038600841264248274
0,0,0.0001759523316704825
0,0,0.0010981759369611925
0,0,0.1132236401007479
0,0,0.013384276133591926
1,1,0.9992195982391079
0,0,3.399217048004293e-05
0,0,0.0004790875387613395
0,0,0.0007803199621325124
0,0,0.0003320261255691293
0,0,0.006811048056964217
0,0,7.0535601353329725e-06
0,0,0.0003071979871464064
0,0,0.07773561710510406
0,0,0.0005715229778274493
0,0,0.07973120231775364
1,0,0.1076161869611449
0,0,0.00012538606266772963
0,0,0.0460607042524649
0,0,3.686937051859727e-05
0,0,0.0002461137118739318
0,0,0.0002616756741011848
0,0,0.006337922762790604
0,0,0.0004470629839842975
0,0,0.08167196527376325
0,0,0.00018847532951428333
0,0,6.19535139762041e-05
0,0,0.014927428807870314
0,0,0.0002785743789368945
0,0,0.00045807587756687736
0,0,4.361813722281257e-05
0,0,0.37846547275151826
0,0,0.0007910031747298029
0,0,0.00014621093734009874
0,0,6.261757339128611e-05
0,0,0.05483093488085738
0,0,3.9074777330170506e-05
0,0,0.00042437177078178924
0,0,0.034434507183583506
0,0,0.00024753199718891483
1,1,0.9933132917663282
0,0,0.00014457396867145435
0,0,0.00029125181138243544
0,0,0.025177774909388367
0,0,0.004841805483133104
0,0,0.016837265362451455
0,0,1.3437401038210646e-05
0,0,0.30957626489010226
0,0,5.977556158381696e-06
0,0,7.291560220690303e-05
0,0,0.0011138429316180773
0,0,0.00038904068053843653
0,0,0.01813096449974854
0,0,2.4417577542634214e-05
0,0,0.00031702315716138313
0,0,0.020076478078948162
0,0,0.12295910425677017
1,0,0.3299043996026052
0,0,7.115104495254262e-05
0,0,0.0005510907038255068
0,0,0.00024697065693035875
0,0,0.00013772862502003965
0,0,0.0003982717436623945
0,0,0.00032344088877592404
0,0,0.000249752030924812
0,0,0.00022433276341193633
0,0,0.00020360409200841735
0,0,1.2272244728811357e-05
1,0,0.06818092248741764
0,0,0.00013101928106799737
1,0,0.05902480818911459
0,0,0.00016615697436640558
1,1,0.9992955555132094
0,0,0.0006443544837408167
0,0,0.0001457545750724662
0,0,5.562006489202398e-05
0,0,0.00018154497815240966
1,0,0.16966250878297845
0,0,7.579146661813989e-05
0,0,0.0014224672995528864
1,0,0.4403814978229432
0,0,0.047668533675544945
0,0,0.01705152597449124
0,0,1.9787198528393393e-05
0,0,0.00023288068945191858
0,0,0.00020396331742125168
0,0,0.00020816961181546197
0,0,3.024858960054597e-05
0,0,0.019519726773355478
1,1,0.9992829673152919
1,1,0.630949708446146
0,0,0.004128197788366583
1,0,0.07470360172999538
0,0,0.16399156712559482
1,0,0.15214621311428975
0,0,0.01945509606068187
0,0,0.10970299141379394
0,0,0.3214480551594867
0,0,0.00020872230769902592
0,0,0.04509341270767641
0,0,4.461787727241354e-05
0,0,1.9521273668339555e-06
0,0,0.0001012859902211076
0,0,3.316090925559189e-05
0,0,2.6903756546711203e-05
0,0,3.474751435627737e-05
0,0,0.00023910094066050076
0,0,2.3650383028554165e-05
0,0,4.609615406808943e-05
0,0,0.0004703518687773838
0,0,0.059339330925820756
0,0,0.010266330363133874
0,0,0.00025086212318411674
0,0,0.001724526870681084
0,0,0.01952674399647844
0,0,0.0007630466150191456
0,0,0.0009928843957613487
0,0,0.0010002924221453923
0,0,0.053406457308019364
0,0,0.0002596607376061975
0,0,7.877997680883393e-06
0,0,0.0007994610275866502
0,0,1.3858065102428966e-05
0,0,0.00022413354206911692
0,0,0.0005047817707168589
0,0,0.00016549869589770565
0,0,0.0003817946019308303
0,0,0.017295198398911735
1,1,0.997910774112919
0,0,0.00030823664271128326
0,0,6.454376837948579e-05
0,0,0.00010422468423901211
0,0,0.011329029080195608
0,0,0.04400131674693033
0,0,0.00019791140395281542
0,0,0.0004420461903006939
0,0,0.00010026176665810132
0,0,0.00011820379822438938
0,0,0.1567101682977454
0,0,0.0004625917086596154
0,0,0.15693858200233846
0,0,0.0031626108964743077
0,0,0.00025452965420414244
0,0,2.453526602676727e-05
0,0,0.05187351014330562
0,0,3.559282168485923e-05
1,0,0.09139582086821287
0,0,2.4464456910352308e-05
0,0,0.11391455441777068
1,1,0.9988764679125329
0,0,0.00013300451023854064
0,0,0.00018652007457300827
0,0,0.002183300904530101
0,0,7.903962555386939e-06
0,0,1.004379548462138e-05
0,0,0.0007453347813660133
0,0,0.004837848942688337
0,0,0.0004009249491240656
0,0,0.019148440884339566
0,0,0.0005198767773075947
0,0,0.006492086228428955
0,0,0.18521306683058142
0,0,0.0013378877961628033
0,0,0.0004321196151973722
0,0,1.4405778225565203e-05
0,0,0.00014098896981867368
0,0,0.00013882156683982586
0,0,0.011292576255503386
0,0,0.00038977542304474927
1,0,0.11145531734703217
0,0,0.0004201889847510187
0,0,0.0005521588316481855
0,0,0.0002979099399322761
1,1,0.664832377084153
0,0,0.0004250285410711169
1,0,0.48852386383422497
0,0,0.0001272269743786476
0,0,0.0003760704207681125
0,0,0.0646778930398126
0,0,3.978889348275138e-05
0,0,7.579146661813989e-05
0,0,0.03108668445577709
0,0,0.06897620052394943
0,0,8.2521999808211e-06
0,0,0.00020503346432546672
0,0,3.149367524476648e-05
0,0,0.00016980713765959491
0,0,9.926201512344106e-05
0,0,0.000398244437819146
0,0,0.0002677303009559291
0,0,0.003325938794245051
0,0,0.0006222292729059154
0,0,7.886077783849506e-06
1,1,0.9967677646542896
0,0,0.00019200855488488885
0,0,0.14171120444051236
0,0,0.00013958459578757414
0,0,9.871249687048636e-05
1,1,0.9979836250177869
0,0,6.965575616988997e-05
0,0,0.15149685435015223
0,0,0.00014102321508972462
0,0,0.018454519793517962
0,0,0.004748111946674909
0,0,0.05046154792939548
0,0,0.000408430455164979
0,0,4.603023745247468e-05
0,0,2.268037623039789e-05
0,0,7.1645363174739125e-06
0,0,0.005205096433265581
0,0,0.0002581710530558443
0,0,2.6315556436664897e-05
0,0,0.11438177446606984
0,0,0.46093477844079533
0,0,4.767561025697764e-06
0,0,0.0002980461711112712
1,0,0.0203796356815043
0,0,2.0099711373060134e-05
0,0,0.19098943215654698
0,0,0.000107178607795876
0,0,0.00035722440737453564
0,0,0.00031147459146547534
0,0,5.936292623807592e-05
0,0,0.00022685048892057719
0,0,0.00015309000079648957
0,0,0.0013660826608540646
0,0,7.332192211652018e-05
0,0,3.0028838053510033e-05
0,0,0.00013548303739769067
0,0,0.00035724231833342946
0,0,0.4020107961837839
0,0,0.015552192440301489
0,0,7.46751048993244e-05
0,0,1.9371477003914694e-05
0,0,0.0003392584830214841
0,0,4.3753963858744215e-05
0,0,0.02035108326118315
0,0,2.1003968771187374e-05
0,0,0.0006367318900684862
0,0,0.0016956455531509252
0,0,9.295297404159157e-05
0,0,0.0047538740346383685
0,0,0.000142887145753973
0,0,0.005879155350107739
0,0,4.8743611315181456e-05
0,0,0.005000865447255966
0,0,5.326400765388226e-05
0,0,0.0003329481333560787
0,0,0.053959090537538765
0,0,0.00011363609860791245
0,0,0.0031556704952154777
0,0,0.04897643370225983
0,0,0.00012313051869980053
0,0,0.03265094133031915
0,0,0.032952592484229236
0,0,0.009885175450158743
0,0,6.667648070234887e-05
0,0,3.611340461359442e-05
0,0,0.0003336579951599709
1,1,0.9999896647589639
0,0,1.6031198122847222e-05
0,0,0.00038071016485367924
0,0,1.13775480087568e-05
0,0,0.004965705078655896
0,0,8.284331062075711e-05
0,0,1.5318317965828215e-05
0,0,0.00022950765413526264
0,0,0.0014042865464502351
0,0,0.13587258679692465
0,0,0.0003872532155411198
0,0,0.0001921713141684524
0,1,0.5032138252734171
0,0,0.00011410405716544552
0,0,0.00010290178488450072
0,0,9.803199234996111e-05
0,0,2.8119183579541935e-05
0,0,0.000652827014437413
0,0,0.0003580336045198561
0,0,0.00015981156277154694
0,0,0.0010180859980441909
0,0,0.0001162118173146305
0,0,2.60892424116006e-05
0,0,7.115312486714228e-06
0,0,1.9973367040681245e-05
0,0,0.0008653908005430623
0,0,0.00023581916635997832
0,0,0.0363379175370416
0,0,0.004972462387219294
0,0,0.09688640467198334
0,0,0.00016702062536026312
0,0,0.0003897709102205092
0,0,0.07675958793388707
0,0,0.00021882576359054647
0,0,0.16154941275599627
0,0,0.01978548715820837
0,0,0.02746082003185228
0,0,0.38051496549207364
0,0,0.007878007995828171
0,0,0.0014071232686207692
0,0,7.34906806750054e-06
0,0,0.00015369144220868147
0,0,8.77274539892344e-05
0,0,0.0003312636835172476
1,1,0.9999345323944899
0,0,2.3430480545724508e-05
0,0,0.00042000436229776094
0,0,0.017842219704463112
0,0,0.0002457219379309188
0,0,1.127869331832553e-05
1,0,0.006789489987919788
0,0,0.17531682904094395
0,0,0.00039328853289708463
0,0,0.0005280668167027595
0,0,0.08243082100889396
0,0,0.007985086193316204
0,0,0.00013389252543068595
0,0,0.0004277096185685678
0,0,0.04824526968020517
0,0,0.04272562253570548
0,0,0.0002019101345424897
0,0,1.1104995887791911e-05
0,0,6.685222947842985e-06
0,0,0.11456101255326644
0,0,0.00024764525670332294
0,0,1.936793447388763e-05
0,0,0.0012627214619501585
0,0,0.00037372200525916826
1,0,0.19880056975901808
0,0,0.00017324772867384472
0,0,0.02656641450049549
1,0,0.29165872480750904
0,0,4.460823640655512e-05
0,0,0.18534199293908324
0,0,0.00015856645722249588
0,1,0.6131058994730613
0,0,1.6035905431211074e-05
0,0,1.176043800928069e-05
0,0,0.2173675206500768
0,0,0.0008890967607132343
0,0,0.004120479905641692
0,0,0.2480802697339831
0,0,0.0003680119672619667
0,0,0.0761246689647224
0,0,4.167135591453765e-05
0,0,0.0005798567986511045
0,0,0.07322098185655644
0,0,0.00011797039825982148
0,0,0.00036728144231986054
0,0,0.0015348091556438045
1,1,0.9965391286649342
0,0,0.029707489134272964
0,0,0.04690562270793672
0,0,0.0006324233393845303
0,0,0.007939243572938964
0,0,8.0937034865765e-06
0,0,0.00022716329328198985
0,0,0.0003043139657563485
0,0,0.00019234218576903914
0,0,0.000493516268103473
0,0,0.017599027773006874
0,0,0.015798465771887756
0,0,0.001995283307863175
0,0,0.003975645478633847
0,0,0.0001939050160407387
0,0,0.00022033701721206413
0,0,4.261197513778469e-05
0,0,0.14544981210002011
0,0,0.00011720864378769989
0,0,1.7212791580430687e-05
0,0,0.035009758806402926
0,1,0.5608528577350406
0,0,0.009021477995024677
1,1,0.9999521417935291
0,0,0.0001356591914269212
0,0,0.00024139701437627935
0,0,0.00036946645816403903
1,0,0.06488055314105401
0,0,0.00025962807350893286
1,0,0.03895419156256887
0,0,0.02443470507353136
0,0,0.095225836306348
0,0,0.09303939681163514
1,0,0.1995436286217528
0,0,4.125472352713156e-05
0,0,0.003664857349906669
0,0,3.0737291566013575e-05
0,0,2.4115169786081142e-05
0,0,0.0002535755108914176
0,0,1.2085957149776453e-05
0,0,0.00686779276060722
0,0,2.2141092985045015e-05
0,0,0.11229321539699773
0,0,0.011790269313100652
0,0,1.1104995887791911e-05
0,0,9.055199614080652e-06
1,0,0.18827195633479563
1,1,0.9999951155653373
0,0,0.00033523183579175554
0,0,2.7979352007175498e-05
0,0,0.029795796342563987
0,0,0.0003031539445172293
0,0,0.03815054791531493
0,0,0.00023808994493587776
0,0,0.00107049638918676
0,0,0.02526309402799015
0,0,0.00010355542794770297
0,0,0.002974239470185175
0,0,9.477631695224486e-05
0,0,0.04465800086247968
0,0,0.17015376809018198
0,0,5.261130767165774e-05
0,0,3.432116139757563e-05
0,0,6.202669877533425e-05
0,0,1.7158003298594075e-05
0,0,3.9128435925835125e-05
0,0,1.3361505308649516e-06
0,0,0.03998247417205597
0,0,0.00027806383315982677
0,0,0.00501425112771715
0,0,0.00039992132755436435
0,0,3.329449991411171e-05
0,0,0.03398081160636523
0,0,0.0679904841578484
0,0,0.00037396346132283995
0,0,0.0005717866737457719
0,0,0.00044523052646116353
0,0,2.981735725258154e-05
0,0,9.150088654805358e-06
0,0,0.00570438067722154
0,0,6.685222947842985e-06
1,1,0.5097649876671076
0,0,6.865072763629883e-05
1,1,0.9985803892575837
0,0,5.4376444836696635e-05
0,0,5.470022612864451e-06
0,0,1.039602161343609e-05
0,0,0.15750824366133034
0,0,1.001497578919175e-05
0,0,0.02538641346111298
0,0,8.813769183316167e-05
0,0,0.00018922643026445112
1,1,0.9992801360169387
0,0,4.971694206581638e-05
0,0,8.062812792666964e-06
0,0,0.00012218693384340336
0,0,0.07618098340144165
0,0,0.022642460746868303
0,0,0.006811048056964217
0,0,0.013624126353740485
0,0,0.00037374680748948364
0,0,0.0013906976164292056
0,0,5.364556319941512e-05
1,1,0.995901018061474
0,0,0.0004838054350245576
0,0,0.03599465752357129
0,0,0.012230278603075883
1,1,0.9999274495847048
0,0,0.0001232811794519412
0,0,0.0005935146827002152
0,0,5.3141960673179805e-06
0,0,1.3946839820727733e-05
0,0,0.02226566729526366
0,0,0.00021411066481126875
1,1,0.997680697918944
0,0,0.00024461174637446716
0,0,0.02153665680079132
0,0,0.00012511155317755605
0,0,0.0025534674744187667
0,0,0.033589590663298634
0,0,2.892224333411461e-05
0,0,0.0003344586980226871
0,0,0.00020386663810942443
0,0,0.0006676995578892427
0,0,0.05177121427286173
0,0,0.3024881896110798
0,0,0.00030828894154262976
1,1,0.996721579821724
0,0,0.002095148125602614
0,0,0.00040693152028637916
0,0,0.0002561635243000133
0,0,0.00023431378616566405
1,0,0.32023392703751097
0,0,4.730564973892391e-06
0,0,0.00014341397595294845
1,1,0.996833618437808
0,0,2.4877312417291658e-05
0,0,0.00015887160804348293
1,0,0.026171662752920336
0,0,0.001823960441207177
0,0,0.08479455289693767
0,0,8.318056770056683e-05
0,0,0.218458467880645
0,0,0.3777128128324437
0,0,0.0003250577091093519
0,0,0.006204630999441238
0,0,5.251896165431461e-06
0,0,0.00015791350954024838
0,0,0.0002055505615053475
0,0,0.07752294466708665
0,0,0.0004538048128087512
0,0,2.588751138959573e-05
0,0,0.00010145360770417988
0,0,0.011912140633735014
0,0,0.00037993642441545405
0,0,0.006472871368767492
0,0,0.0004744410560342094
0,0,0.00030089940149040633
0,0,0.005427470874500996
0,0,0.00016258663014171452
0,0,0.053794715382000376
0,0,2.3144823461224485e-05
0,0,2.449958363836292e-06
0,0,0.12973575546028535
0,0,6.62533874627492e-05
0,0,0.0013646393569894998
0,0,4.846350553401213e-05
1,1,0.999976315858964
0,0,0.003176800579581845
0,0,0.00017783907308669577
0,0,4.7957643107137966e-05
0,0,6.1662608421411764e-06
0,0,0.027807933305469584
0,0,0.0003261864625629911
0,0,0.08419452786361069
0,0,5.549735066682634e-05
0,0,0.0011164459802506413
0,0,6.685222947842985e-06
0,0,0.000631622667499518
0,0,3.367229317910789e-05
0,0,6.1662608421411764e-06
0,0,0.029716537829028496
1,1,0.9991734943026717
0,0,0.0002298593921335154
1,1,0.9989610685057132
0,0,0.17505518648434587
0,0,0.0007342941819746145
0,0,0.011250723907955082
0,0,0.0013060444835158312
0,0,7.115312486714228e-06
0,0,0.05192251762894551
0,0,0.00020594813432727826
0,0,0.00025316011224681964
0,0,0.16226989918068385
0,0,0.00016864340150521967
0,0,0.0004355583120482199
0,0,0.2446720300681095
0,0,0.0009018851996371879
0,0,3.367669550121076e-05
0,0,0.08570861502896411
0,0,0.007445881774919686
0,0,5.021371923876264e-05
1,0,0.15073112706855948
0,0,0.0001610437261960727
0,0,0.00022565746735059134
0,0,0.0047912815481102045
0,0,0.006711344040685439
0,0,0.004982114202587069
1,1,0.9968515899154204
0,0,8.983974029651904e-05
1,0,0.11351090919314319
0,0,0.0008082884422665229
1,0,0.38290780499851007
0,0,0.18790566402485598
0,0,0.017899757876931936
0,0,0.34488539808596
1,0,0.4285661600567555
0,0,0.010341996369244884
0,0,0.00014520997144221157
0,0,0.003508191370078834
0,0,3.719679239692443e-05
0,0,0.0003193387791492342
0,0,0.00012026348598822928
0,0,1.6985346887254494e-05
0,0,5.452454739662969e-05
0,0,0.0002202417914160655
0,0,0.0001866584827167115
0,0,4.456097049877409e-05
0,0,0.0036043395241551804
0,0,1.353006535173079e-05
0,0,0.006886982202161114
0,0,0.0002926240928637749
0,0,0.4241603516833927
0,0,1.8606272771258174e-05
0,0,4.9771944821490226e-05
0,0,0.00019222112650296608
0,0,0.48062413210586946
0,0,0.0006507617897006526
0,0,0.0004738695119469612
0,0,0.0019206092062933645
0,0,6.002890767392663e-05
0,0,6.109347530535513e-05
0,0,2.0590371132873355e-06
0,0,0.00010647639095772003
0,0,6.543388218248964e-05
0,0,0.0001134097944081703
0,0,6.38935417790421e-05
0,0,7.935248546722593e-05
0,0,8.727771896297014e-05
0,0,0.45633987863818465
0,0,7.086489127335898e-05
0,0,0.10351444502003193
0,0,0.00021790488808174122
0,0,0.00012367891067063805
0,0,0.03353825780787422
0,0,3.7926588927977494e-05
0,0,1.836000165257548e-05
1,1,0.9990656339645356
0,0,0.0003948154722407854
0,0,0.0004405982816564111
0,0,1.374295111842408e-05
0,0,0.00039120923067453243
0,0,0.0009564361357941302
0,0,0.0004087894998805575
1,0,0.03932105468785494
0,0,5.163164760330994e-05
0,0,0.005658214798843759
0,0,0.00047717649269690086
0,0,0.016962577159095694
0,0,0.18974423100189133
0,0,2.7438019187719604e-05
0,0,0.0003831924812946326
0,0,7.298939310315115e-05
0,0,0.00018120864760969274
0,0,0.00041835975076736314
0,0,0.0004011096864572823
0,0,0.0074101613421414985
0,0,0.0004103614380308601
0,0,0.00017208062127588923
0,0,5.679431643064242e-05
0,0,0.00030407978536773803
1,1,0.9967500212987219
1,1,0.9958992714535602
0,0,0.10442121111548888
0,0,0.0013850516936137719
0,0,0.004152748117302944
0,0,0.4320312966137559
1,0,0.38911128661840805
0,0,0.00019265186564536703
0,0,0.000257162127632811
0,0,0.00044812925960286
0,0,7.1645363174739125e-06
0,0,0.1934595557130179
0,0,7.11458243164418e-05
0,0,1.2794846523613505e-05
0,0,0.012694098849092046
1,0,0.4503590962426569
0,0,0.0009515345917154799
1,0,0.09383698876313296
0,0,0.009717327789858085
0,0,0.0005690218000837864
0,0,0.0009212016625351074
0,0,6.190202026871449e-05
0,0,6.72532604606321e-05
1,1,0.9999260813496993
0,0,8.0937034865765e-06
0,0,0.06585532771961172
0,0,0.0007489933637497795
0,0,0.027209634333526706
1,0,0.21494163553294032
0,0,0.20846793472652142
0,0,0.08876067965625761
0,0,0.005459453041779777
0,0,1.5586460022203503e-05
0,0,2.717133528316376e-05
1,1,0.9988992623564865
0,0,5.5048648005838854e-05
0,0,0.16481098425907661
0,0,0.030830571230841108
0,0,4.949108716026326e-06
0,0,1.7550846940231356e-05
1,1,0.9999348671710065
0,0,7.339163189530717e-05
0,0,0.00021224795559665935
0,0,5.1332735991399135e-05
0,0,0.033418956224230724
0,0,0.00018143306823302751
0,0,6.57505646752362e-05
0,0,0.04493148772790319
0,0,0.0007396477293553034
0,0,0.0005849224387512817
0,0,0.00018650679947825787
0,0,0.0003540030002296374
0,0,0.38845448342870215
0,0,0.0026473457867134537
0,0,5.3804430464796995e-05
0,0,0.0030004495404143947
0,0,8.600649969663771e-05
0,0,0.0002919668537131307
0,0,0.0002879885323964669
0,0,0.00010036246921324118
0,0,1.864357298841348e-05
0,0,6.181731057503124e-05
0,0,0.00035315161246590054
0,0,0.0018051454161796326
0,0,0.0008050478277282703
0,0,0.0003972210351288972
1,1,0.9977676232897507
0,0,0.0004024988940693212
1,0,0.21716547150271284
0,0,0.0014555689842689745
0,0,9.722377687091147e-05
0,0,1.6254097569869726e-05
0,0,9.157363191048915e-06
0,0,0.010370465150459017
0,0,0.0003061239426286591
0,0,0.04584250583893078
0,0,1.7067090059406517e-05
0,0,0.09800728967758011
0,0,0.0003898119639261693
0,0,0.0031699381338672968
0,0,1.1162741255894828e-05
0,0,3.2247188673027395e-06
0,0,0.16545292220932337
0,0,0.00013535261476379354
0,0,0.00041467533408197615
0,0,9.817306700691195e-05
0,0,0.0002850236112517424
0,0,0.015209456241407182
0,0,0.017502072707875224
0,0,0.0002722850269267979
0,0,0.07943361500416193
0,0,0.0014399745869275319
0,0,0.000605411927853694
0,0,6.1662608421411764e-06
0,0,0.00018680479683969419
0,0,0.028755244955421574
0,0,0.0005694467834448518
1,1,0.9999908767687955
0,0,0.027193739342582277
0,0,0.0005097928013943491
1,1,0.995933113847363
0,0,0.21165694761463227
1,1,0.9999419200179226
0,0,8.360766438759141e-05
0,0,4.579684905185819e-05
0,0,0.0002487263730472339
0,0,0.0002429583441118472
0,1,0.7502469292199772
0,0,0.05713011470509898
0,0,9.429581594530276e-05
0,0,0.006366216029543219
0,0,3.1949644533568466e-05
0,0,0.20512697487678058
0,0,3.3676667041023065e-05
0,0,0.07520676488571976
0,0,0.000464299203728172
0,0,2.5130753506354356e-05
0,0,0.00020595287255605044
0,0,0.0009164631853378726
0,0,0.0005871936505582559
0,0,0.010744812161958281
0,0,7.965446336003634e-05
0,0,0.05492892262787171
0,0,0.007074525384225112
0,0,0.07794212910126655
0,0,0.0001481941303237726
0,0,4.43057920435458e-05
0,0,0.00029419925056689154
0,0,4.9027376980502916e-06
0,0,0.0032514991954651585
0,0,4.227288258352663e-05
0,0,0.0007407951978012605
0,0,0.0006847871788349573
0,0,0.03353825780787422
0,0,0.2027426956483772
0,0,0.02280004934785769
0,0,3.062085571910063e-05
0,0,0.019921161222208005
0,0,1.5288525405447214e-05
0,0,0.0005110818622914533
0,0,0.007422072390013699
0,0,0.0012682389295916037
0,0,0.0102944411736387
0,0,0.0006666794180806768
0,0,0.00021087709217485598
0,0,0.00032579035020497554
0,0,0.057567301229926246
0,0,0.00015349510464126334
1,1,0.9988274427352068
0,0,0.0030707019920174846
0,0,0.0003830272231361021
0,0,0.0333688951723306
0,0,0.00045975654011754836
1,1,0.999893851252093
0,0,0.0002681953221912291
0,0,0.05396165884159097
0,0,0.000593810550629321
0,0,2.9906064836767175e-05
0,0,0.10929039938304361
0,0,0.07876474737808954
0,0,0.0004819089679287153
0,0,0.2223819802493014
0,0,1.4390291064934864e-05
0,0,0.19850554382691515
0,0,0.00023259455596758626
0,0,0.03199638928944257
0,0,0.0005009411748473817
0,0,0.015042483913478245
1,1,0.999550860470541
0,0,0.1412439283271658
0,0,0.00019199150954389528
0,0,0.2987313788827284
0,0,1.97999044691492e-05
0,0,0.10889269573133421
0,0,0.3362188711666738
0,0,3.894336413803862e-05
0,0,0.010850893529826712
0,0,0.0003735367346986875
0,0,0.00015773034560334168
0,0,0.0008034071060724236
0,0,3.818047228265989e-05
0,0,4.0637313555415584e-05
0,0,0.0005936853923059367
0,0,5.679431643064242e-05
0,0,0.00745657577862702
0,0,0.14158257852414008
0,0,1.3488415543154743e-05
0,0,0.00034290374108857406
0,0,0.0008935286410051143
0,0,8.7538974453266e-06
0,0,0.0001308204894795078
0,0,0.000959235528604452
1,1,0.9998583643231926
0,0,0.0007157031508652818
0,0,0.03466290074119582
0,0,5.669457000675081e-06
0,0,2.1934513430195436e-06
0,0,5.989695334169103e-05
0,0,0.00037284396188526847
0,0,0.0005474571921211722
0,0,0.05640766140852905
0,0,0.0005647418743008242
1,1,0.997357595911538
0,0,0.19838324896308857
1,0,0.24136099392830143
0,0,0.0005259257695359095
0,0,7.519563492387633e-05
0,0,0.14822421636682825
1,0,0.012168342658025088
0,0,0.0004009063364782709
0,0,0.001764704517223841
0,0,0.0002705225272197152
0,0,0.024875061827333855
0,0,4.6996429127867364e-05
0,0,0.002983801737191628
0,0,0.0009154926382152469
0,0,5.568057334859614e-06
0,0,0.01668847414626531
0,0,0.008244322576211627
0,0,0.07176606928084495
0,0,0.0003932790423876165
0,1,0.7992191072976197
0,0,0.07891012252914552
0,0,0.0004223531855736269
0,0,0.0012530250836481555
0,0,0.0023416550057664583
0,0,0.3756225243443389
1,1,0.9967299096076717
1,0,0.08282480781133833
0,0,0.00011789276248868343
1,1,0.9949203033497871
0,0,0.010641495736731671
0,0,0.00010985488792455343
0,0,0.0010977984846326193
0,0,0.0007536169554698483
0,0,0.01999188757393144
0,0,0.13000941961346812
0,0,2.1243011246764408e-05
0,0,0.00032368974057294357
0,0,0.01502581172144506
0,0,1.6100111476759232e-05
0,0,0.0003266493689474337
0,0,0.0001562007696785879
0,0,0.00047174418922183114
0,0,0.06626767337505717
0,0,2.7455147620071624e-05
0,0,0.39079279916607434
0,0,1.765287398513467e-05
0,0,0.00026878172905930636
1,1,0.9982832989098692
0,0,3.75269249915397e-05
0,0,0.028470469614152956
0,0,0.16996998736220578
0,0,0.00021685238555745265
0,0,0.0004814550514541311
0,0,0.000415768616960497
0,0,0.0002050277238091756
0,0,1.409349602341335e-05
0,0,3.511940984241542e-05
0,0,0.0034117360477017317
0,0,0.00023297442262069766
0,0,7.119114643495668e-06
1,1,0.9994283946909465
0,0,4.382672492773914e-05
0,0,0.0018586177577986597
0,0,0.002472922136100871
0,0,0.0007082985181965766
0,0,7.340144796723317e-05
0,0,0.00035550268273042493
0,0,0.00018873724499397977
0,0,5.7024802970511535e-05
1,1,0.9984161409291336
0,0,0.0005493389805002108
1,1,0.9972842900422063
0,0,0.0004421327236792724
0,0,0.0001590759949654751
0,0,0.010360632292386356
0,0,4.222164655008848e-05
0,0,0.00015684293905335434
0,0,0.002072476553133642
0,0,0.016557041831315903
0,0,0.00039101136429920357
0,0,0.05519208381394254
0,0,0.00015028409951236258
1,1,0.9069376478563683
0,0,2.9059046421679193e-06
0,0,3.5696691762174566e-05
0,0,0.00024467485336754537
0,0,0.00023985618947306556
0,0,0.0003174819250411191
0,0,0.000866851789379881
0,0,0.0004606226359325753
0,0,0.00022062150007666609
0,0,3.442084551600764e-05
0,0,0.477191076820196
0,0,0.02971140100701539
0,0,0.0002460827969217878
0,0,0.0006036717730766169
0,0,0.0019405209972344739
0,0,0.023525911089697565
0,0,0.001265706047590957
0,0,8.410601119698958e-05
0,0,0.3430321296369319
0,0,3.2722989510492305e-05
0,0,0.0009335736943550947
0,0,0.0008025974212967381
0,0,0.0014861080941881153
0,0,0.0248428222474855
0,0,0.0005740367999520464
0,0,0.0002667874850225892
0,0,0.0008981587803103441
0,0,0.0733444998445245
0,0,0.028337770221785394
0,0,0.0001843840860231379
0,0,6.685222947842985e-06
0,0,0.09082733537757226
0,0,0.0215983361326364
0,0,0.0002558441170142536
0,0,0.00016946040169899343
0,0,0.0002605774937211102
0,0,6.855765583791878e-05
0,1,0.6528925538915826
0,0,9.813628761932938e-06
0,0,0.002007744599756598
0,0,4.716669624387403e-05
0,0,0.004257346707082175
0,0,0.0004260485410955074
0,0,0.013924442428068017
0,0,0.00012983995799591141
0,0,0.0006423126527696412
0,0,0.007985051601967138
0,0,0.1506568322094187
1,0,0.29844173174494676
0,0,7.715510208644177e-05
0,0,0.0006867994044579404
0,0,0.057958481401138594
0,0,0.07470166621565777
0,0,0.04272000300713633
0,0,0.04222868934426253
0,0,1.597238429404271e-05
0,0,0.008531788240936457
0,0,7.0649750094108216e-06
0,0,0.0004608816051270748
0,0,0.017667289171721574
0,0,0.00023837764813457028
0,0,0.13912899262581094
0,0,0.0021722806552220597
0,0,5.757417610841682e-05
0,0,0.027971097100519433
0,0,0.0003346021879776504
0,0,0.0008002842466530692
1,1,0.9999525243493067
1,1,0.9985885601739942
0,0,0.0032681707984410007
0,0,0.00015153648149880968
0,0,3.5097643476102005e-05
0,0,0.09942419408974801
0,0,1.7439081859310695e-05
0,0,0.00013541670931058907
1,0,0.07444224017779222
0,0,0.01490425781383852
0,0,0.0002877767826398435
0,0,0.09180170362709075
0,0,3.4046300418219685e-05
0,0,0.07435334662524018
0,0,3.7213440536637366e-05
0,0,5.745325797884387e-06
0,0,0.014948826689618876
0,0,0.00016109751503201714
0,0,0.0002386346404042801
0,0,0.020646188171695827
1,0,0.1444791985285696
0,0,0.0008398086182200825
0,0,9.089752584481163e-05
0,0,0.0004460809183160558
0,0,0.00020457151209715756
0,0,0.0001005587434564199
0,0,0.0070440891696725155
0,0,0.041588468658519985
0,0,0.06801430037666097
0,0,0.0001839345332690447
0,0,0.02278258557431742
0,0,0.008193386702051556
0,0,0.0013227248907404492
0,0,6.896683078080356e-05
0,0,0.04242601269386298
0,0,1.3008720477802523e-05
0,0,0.02342757186191383
0,0,5.206144204686744e-05
0,0,0.13567229967257013
0,0,0.055243828998039916
0,0,0.1845921636169568
1,0,0.0407293051288875
0,0,0.0007609726757775386
0,0,0.00454382842044058
0,0,0.0004417599234014744
0,0,5.501634674466948e-05
0,0,0.0006728603042272933
1,1,0.999325919672746
0,0,0.0003022230119185877
0,0,3.716686324232748e-05
0,0,0.02369172822575874
0,0,0.00017299433333886323
0,0,0.23201528137658958
0,0,0.04055622840778331
0,0,8.399934943595078e-05
0,0,2.3920891094432597e-06
0,0,0.06774108785745518
0,0,0.008547246704472738
0,0,0.0001979214882499982
0,0,0.00048760000068988953
0,0,0.00011418681850754124
0,0,0.0038717046468121816
0,0,0.0003234579287373302
1,1,0.9987445046639929
1,1,0.9983625490487773
0,0,0.0005259800725466191
0,0,0.020006562058579157
0,0,0.04257388161829405
0,0,0.011294050817234105
0,0,0.00020948303868906036
0,0,0.00012296222551033836
0,0,0.00014133045063152795
0,0,0.34436070464248547
0,0,0.0003412962574978015
0,0,0.0001579151522334287
0,0,0.04950257902056895
0,0,0.045952804620727934
0,0,0.00039910152676214114
0,0,0.00011683184433209067
0,0,8.0937034865765e-06
0,0,0.0002897934012682311
0,0,9.737943439721906e-05
0,0,0.0005579546380307383
0,0,0.0005910336848827254
0,0,0.00011161713610397786
0,0,5.473728981009381e-05
0,0,8.02561968469366e-05
0,0,0.00021023515411565489
0,0,5.055523582327911e-05
0,0,4.8244975900608846e-05
0,0,0.00038165661762195674
0,0,0.00022610680664060225
0,0,0.0001253813314381523
0,0,0.3332017667149034
0,0,0.0003960717651542109
0,0,0.00029977635316723593
0,0,0.0021860254092481257
0,0,0.00010290178488450072
0,0,0.004998355012811778
0,0,0.00574290868861212
0,0,0.0011492440524715874
0,0,2.0301512937882897e-05
0,0,0.024990591797820726
0,0,0.00017440072422451766
0,0,0.04149868355017375
0,0,0.0022926680732281044
0,0,1.0911347011299923e-05
0,0,0.00031550415514249546
0,0,0.020438217361293788
1,1,0.9982265042430184
0,0,7.545431857606791e-05
0,0,0.0005361559153130244
0,0,0.00019943342072280105
0,0,0.07284205705155661
0,0,0.001381498487539366
0,0,0.01606160911364605
0,0,0.00942737132039907
0,0,0.004001894499611512
0,0,0.00010026176665810132
0,0,0.0922016018908178
0,0,0.00013116802869831166
0,0,0.0003688712974174538
0,0,0.003362915609801944
0,0,6.261757339128611e-05
0,0,0.11665848168743714
0,0,0.1468179524668297
0,0,5.297636764267595e-05
0,0,0.00022149562061013874
0,0,0.00031487316385662463
0,0,2.8163904280661695e-05
0,0,0.0001262933025589531
0,0,0.00033313926952584526
0,0,0.026355544415977348
0,0,0.03465715557004726
0,0,5.32800674872026e-05
0,0,0.015874430824598097
0,0,0.00043677994936271094
0,0,7.95762730163519e-05
0,0,0.024811768119515066
0,0,0.4489266578079699
0,0,0.002974239470185175
0,0,0.06450171859199076
0,0,2.936018340060738e-05
0,0,0.000493516268103473
0,0,0.00022202079156981896
0,0,0.019527723482122925
0,0,4.931470010399501e-05
0,0,0.014723777988862995
0,0,0.0002032294060293071
0,0,5.752267246804045e-05
0,0,1.9164963947621958e-05
1,0,0.10245274255606941
0,0,0.0004669429319372734
0,0,6.382486228069181e-05
0,0,0.0006945383780987363
0,0,0.053262040089749364
0,0,0.0007789661329612177
0,0,0.00029740005569948134
0,0,0.02835728963886233
0,0,0.0001114363036633843
0,0,0.0029457250381086132
0,0,0.0003849385231149348
1,0,0.2660859115828919
0,0,0.010388390007760158
0,0,0.00010823424007335386
0,0,0.012791943226771612
0,0,0.04266660689320518
0,0,0.43313377488154675
0,0,0.0006337925032453726
0,0,0.007694880154234736
1,1,0.9955789632104118
0,0,0.0004451612898277411
0,0,0.20329179034004569
0,0,0.00014865944002657774
0,0,6.837704738207727e-06
0,0,2.690066400590811e-05
0,0,0.0002562181082681924
0,0,0.00011693330285598161
0,0,4.304126053376676e-05
0,0,3.3088439593720534e-05
0,0,0.024668914346575796
0,0,0.0001508288585050245
0,0,0.09680455062877254
0,0,0.00016680038231612238
0,0,0.00034791819067713804
0,0,6.044415998742088e-05
0,0,0.0010276380284020925
0,0,0.005097290529041549
0,0,0.008607823607542904
0,0,0.0003641660111271523
1,1,0.9967472968286781
0,0,0.00031268357082375286
1,0,0.42492860247662106
1,1,0.9999888493729308
0,0,0.00031141284260766355
0,0,0.024297072500360627
0,0,0.00042507072385932865
0,0,0.0001333037670312903
0,0,2.970427274257619e-06
0,0,0.00021307646925683888
0,0,6.632784211485962e-06
0,0,0.000249672045825077
0,0,0.0009706645252733513
0,0,4.929620177985431e-05
0,0,0.0002924795476379698
0,0,1.9323480237134253e-06
0,0,0.0002457231292768533
0,0,3.323871577533801e-05
0,0,4.312803717252223e-05
0,0,6.2011927176594e-05
0,0,0.00033748397863734615
0,0,0.010963810657474211
0,0,0.020809992986727407
0,0,5.721184915901296e-05
0,0,0.024819930375219585
0,0,0.0007788717495500127
0,0,0.00030171681633052406
0,0,3.086315808720821e-05
0,0,0.07499730416760482
1,0,0.015022091893307304
0,0,0.010010717198734007
0,0,0.006811048056964217
0,0,0.009003005972446323
0,0,0.00032234735388777283
1,0,0.17420330822733485
0,0,0.00023765715338525958
0,0,0.07752591853833705
0,0,0.04521696094827114
0,0,0.0002953095474348773
0,0,5.369460876950279e-06
0,0,2.006514220444539e-05
0,0,0.11757488192639394
0,0,0.00610441063976985
0,0,0.0006795023309179747
0,0,6.862320221566244e-05
0,0,0.023917069560531884
0,0,3.630193645490192e-05
0,0,0.00016111341302773544
0,0,0.00031067496655741753
0,0,6.165998031376002e-05
0,0,8.653111660611923e-05
0,0,0.0003108070383945787
0,0,5.2534650327534176e-05
0,0,0.00010902615497189165
0,0,0.05691735225923584
0,0,8.415194354708502e-05
1,1,0.9985666465204911
0,0,0.0003976240517617819
0,0,0.00017121845597495888
0,0,0.0010325120414208023
0,0,0.11103002595431397
0,0,2.1372652951128246e-05
1,1,0.99998972353192
0,0,4.36449796795497e-05
0,0,0.03560271643369329
0,0,9.86154720465815e-05
1,0,0.2710876618916116
0,0,0.02815623815851507
0,0,0.10061174259592683
0,0,0.0005372124694068671
1,1,0.999515034722423
0,0,0.00027776024649240797
0,0,0.00830880626865949
0,0,0.00018965966248076115
0,0,0.027005556564375293
0,0,0.0001986255482027615
0,0,0.0003253068469078318
0,0,0.00029057771006106586
0,0,0.000288499939230898
0,0,0.0003737433372822599
0,0,0.12850484202383883
0,0,0.00012964011409853093
1,1,0.9967595767635729
0,1,0.6892671074625066
0,0,0.08633655504283333
0,0,7.285993857991596e-05
0,0,1.0791958661580079e-05
0,0,2.6459301853745787e-05
0,0,0.0005927548072993095
0,0,0.00012339545300833846
0,0,3.7232976575178165e-05
0,0,3.98639819857876e-05
0,0,0.00028627023158398016
0,0,0.00017076434258987404
0,0,8.27563353269816e-06
0,0,0.0010428894368223246
0,0,0.049546260077681745
1,0,0.2952065209977
0,0,0.1498397734194351
0,0,0.0004931529876511278
0,0,0.007718439190160757
0,0,9.23927187952554e-06
0,0,0.000467482995792539
0,0,7.575941196110762e-05
0,0,0.10003764498690193
0,0,3.3467122233164254e-05
0,0,0.00012864478960885058
0,0,0.0009555936003274014
0,0,1.4905194914501926e-05
0,0,6.149612708438996e-05
0,0,9.341400409916629e-05
0,0,0.0006720517871819173
0,0,0.0003575393211178409
0,0,0.0006540217800421382
0,0,6.644335317105857e-05
0,0,0.08031525994812294
0,0,5.97907248812964e-05
0,0,1.4856724189002194e-05
0,0,0.0003440234249332705
0,0,1.7249074861985077e-05
0,0,0.002254642737446023
0,0,0.0007884258493251938
0,0,0.00025796497263261444
0,0,0.000251051207519432
0,0,0.0006421565291782135
0,0,0.00047181380578867994
0,0,0.00022674496797442774
0,0,0.00023541152001920802
0,0,5.014066190983302e-05
1,1,0.9981040189888511
0,0,4.3753963858744215e-05
0,0,0.0005837630227817247
0,0,0.0008713226241008316
0,0,0.09511567890113767
1,0,0.11664623589972536
0,0,7.809131408589323e-05
0,0,0.01519525972785288
0,0,0.05332348824881609
1,1,0.9986523243049829
0,0,0.00011591382620020612
0,0,0.00015133024331103777
0,0,0.0010265905071889033
0,0,0.003640215070486006
0,0,0.03037631175245547
0,0,0.0003804581286550522
0,0,0.06234242271309828
0,0,2.6500728401996106e-05
0,0,0.00022478839805993686
0,0,0.025613615864489226
0,0,0.00017369707175445985
0,0,0.00045169199551836473
0,0,0.00035881700160231094
0,0,0.014434040071957829
0,0,0.0030410550661885334
0,0,0.00013918467370373176
0,0,0.06719724974385943
0,0,0.0010265328346589302
0,0,0.0026413895371245662
0,0,0.0006024324502531996
0,0,0.0010594603660563212
0,0,0.004760380989906881
0,0,0.00044577239207672746
0,0,8.300145168248365e-06
0,0,0.0002171646391418264
0,0,0.0003575393211178409
0,0,0.00523784500565449
0,0,0.0019330893122345354
1,0,0.18672135333683615
0,0,0.02487173154667222
0,0,0.002534072143335533
0,0,0.0001382214988255851
0,0,0.02443429572443878
0,0,0.12902058126407281
0,0,4.5371933989711624e-05
0,0,0.11587121109924142
0,0,0.0003197371388399461
0,1,0.6261658233592258
1,1,0.9976868532013047
0,0,0.00010617650657694274
0,0,5.7502562332741725e-06
0,0,0.016680779113238557
0,0,0.023107034786341095
0,0,0.0001258790216220679
0,0,0.0005196261076091132
0,0,0.006707840525289141
0,0,0.0004983361191460037
0,0,0.11428313141272547
0,0,3.9670462208577935e-05
0,0,0.13715008384453065
0,0,0.23026569141543837
0,0,0.10814370862768144
0,0,6.644517806024915e-05
0,0,0.03529437320418337
0,0,5.977556158381696e-06
0,0,0.0002479395565130988
0,0,0.1664197258163628
0,0,0.38554990640838166
0,0,0.0687364882092053
0,0,0.0005161593580615271
0,0,0.07947235742432823
1,1,0.9994312252603156
0,0,0.0059957870812068
0,0,0.2687161658407156
0,0,4.90406694360512e-05
0,0,3.269038941245292e-05
0,0,0.0010764560846421233
1,1,0.9999806701673931
0,0,1.3537430433171796e-05
0,0,0.17216855106797835
0,0,0.08922117301362575
0,0,0.007475632392358968
0,0,0.03262947991113825
0,0,1.983040528327037e-06
0,0,0.0002789317049576331
0,0,6.397145346387793e-05
0,0,0.03637059942639544
0,0,0.00013164818887289234
0,0,1.5622633679070636e-05
0,0,5.850749825477752e-05
0,0,0.00027202873477810566
0,0,0.00015447378744847494
0,0,0.2917989400178356
0,0,2.185441774080458e-05
0,0,0.0002881301287451655
0,0,7.1456399389987785e-06
0,0,0.006562643719296887
0,0,0.00042229963729982175
0,0,2.0510538262651866e-05
0,0,0.0359787113948216
0,0,0.1887924835920145
0,0,0.0001852328531019455
1,0,0.025372855133296558
0,0,0.0002406952557327035
0,0,0.07125388708210505
0,0,0.06170303148481013
1,1,0.9985747269251884
1,1,0.9998750354301454
0,0,0.34441881514949396
0,0,0.006827625282532718
0,0,0.10187442880258195
0,0,0.03194971653755181
0,0,0.0002400622350922214
0,0,0.00029009140095173847
0,0,0.10980629897603632
0,0,0.00232638489204315
0,0,2.7561672756664833e-05
0,0,9.601462705330864e-05
0,0,0.0004627482905748772
0,0,0.02112573867368389
0,0,0.0002859904784162879
0,0,0.00015475519546413852
0,0,0.002837709779910473
0,0,0.0001628257227112248
0,0,0.011931987041980454
0,0,0.15638273493626212
1,0,0.22078650559820542
0,0,0.00019768311056786501
0,0,0.0003227445629355939
0,0,0.09277014118725034
0,0,0.00033456408372559387
0,0,0.0003197371388399461
0,0,0.0009706569891433138
0,0,0.00012990442436589436
0,0,0.0005941581122034553
1,0,0.1770069366024716
1,0,0.362458761316185
0,0,0.0010405301513139115
0,0,0.00012919806365648182
0,0,0.00012799889391791134
0,0,0.252529671282932
1,1,0.9981575309136278
0,0,0.0016723537511152773
0,0,0.11703200263746488
0,0,0.006085080422838925
0,0,8.617009045671404e-06
0,0,0.13901314664856262
0,0,5.921580314842399e-05
0,0,0.0004085027778174651
1,1,0.9977155950436044
0,0,0.16709868864625135
0,0,0.00017634657486863067
0,0,4.79162914435106e-05
0,0,0.0004204270039103793
0,0,0.00019445495408081323
0,0,0.23087012014741157
0,0,0.0002582785872595822
0,0,0.0005416010264014849
0,0,0.005457034683306408
1,1,0.9980073450024979
0,0,0.00013220704785340593
1,1,0.9979160151269026
0,0,0.0007919814096527301
0,0,0.0002819756607063905
0,0,3.8268434610786345e-05
0,0,0.00015515627758191204
1,1,0.9978147100250465
0,0,0.0962408587612575
0,0,1.0627850474193622e-05
0,0,7.266973257542532e-05
0,0,0.00034695261343653717
0,0,0.13714370283770777
0,0,0.00045713787478336926
1,1,0.9971472245029036
0,0,0.19820518189271683
0,0,0.0011417565977554006
0,0,0.00033400729220346573
0,0,1.3715567338853893e-05
0,0,6.523179421543758e-05
0,0,0.0014833000478922881
0,0,0.03474022612116305
0,0,0.017104347762492336
0,0,0.0004448381865085293
0,0,3.2630463003845656e-05
0,0,0.04884213182109718
0,0,0.00018171357860843058
0,0,0.0576125341733532
0,0,0.02049032035417867
0,0,0.0036910361481470692
0,0,1.9779730676701515e-05
0,0,0.0003895253273217282
0,0,0.015669622762490613
1,0,0.12626429249395985
0,0,0.21334075928301396
0,0,0.04068199276367344
0,0,0.00045411202462393045
0,0,1.8932655592753985e-05
0,0,0.00021231137274964356
0,0,0.03669820864536662
0,0,0.0015318158662625155
0,0,0.0001566221602492981
0,0,0.023649128153907295
0,0,0.012897405614076159
0,0,4.50520068290273e-05
0,0,2.7414558390120585e-05
0,0,0.02954672991516109
0,0,0.004082747937007185
0,0,0.015196841659565816
0,0,4.940180094231105e-06
0,0,0.00010405939508727094
0,0,0.0666495196870364
0,0,0.005599337787365616
0,0,4.221159130640846e-05
0,0,0.009562034002254662
0,0,0.0004272713739658291
0,0,0.0007903121592171376
0,0,7.266973257542532e-05
0,0,0.0004551104474004193
0,0,3.3751672541393455e-05
0,0,0.0014958217873748104
0,0,0.00036714647793905796
0,0,4.232634323718542e-05
0,0,0.08637725384670045
0,0,0.047335937642491166
0,0,0.2188630802833795
1,0,0.44208175920041315
0,0,0.0002795492294652919
0,0,0.00036209462886597316
1,1,0.9995501588498318
0,0,0.00022674496797442774
0,0,7.918525212004587e-06
0,0,0.0035061538924573313
0,0,1.5380158094112076e-05
0,0,0.0002082545551493954
0,0,0.0004550073239391188
0,0,0.00016777580818122049
0,0,0.03526752378936827
0,0,0.00022282658327788126
0,0,0.1124551696093232
0,0,0.00018873803069775283
0,0,1.382059931903899e-05
0,0,0.0002240141194984517
0,0,0.001378820572842939
0,0,0.00023939521447914776
0,0,8.436151697511833e-05
0,0,6.12279703654719e-05
0,0,9.889116111810863e-05
0,0,0.000510911779429325
1,0,0.061039952251354786
0,0,0.0001590035951121678
0,0,0.012327088867878233
0,0,0.003246120296466121
0,0,0.035136799168467674
0,0,0.030906565793854236
0,0,9.270040494638485e-05
0,0,0.0006650694229523203
0,0,0.0003365560987282832
0,0,0.09864245122413014
0,0,1.7498239301403316e-05
0,0,0.21583209900216888
0,0,0.016955627686816035
0,0,0.00036154941371338377
0,0,0.00017748213619228897
0,0,0.0002055877079933947
0,0,0.0002028510731279796
0,0,1.8929911271489303e-05
0,0,0.0004632561944206037
0,0,0.0052118567508698255
0,0,0.0005652016943320012
0,0,0.00039145380504607586
0,0,6.260319820130369e-05
0,0,5.3422925348077674e-05
0,0,0.15989960153400645
0,0,0.22730541652018835
0,0,0.00012921467879290865
0,0,0.0018018494968163445
0,0,1.8163547753785138e-05
0,0,0.0006319916710526445
0,0,0.00013808835375201048
0,0,3.641210634770227e-05
0,0,0.15091749057754963
0,0,0.011339203686880359
0,0,2.2505671022886618e-05
0,0,0.007690787620136225
0,0,3.8611184225130614e-05
0,0,0.16558031142283022
0,0,0.014318985530772177
0,0,0.05266179806344206
0,0,0.0005184502922051085
0,0,0.0001488883499000942
0,0,0.018505439255106247
0,0,4.6733390597372075e-05
0,0,0.04544331977697387
0,0,0.0003898385166267706
0,0,0.0003884061397449726
0,0,0.0002787173053345963
0,0,0.009711495656767556
0,0,0.13700035438581865
0,0,0.01490425781383852
0,0,0.0004339676106488248
0,0,0.01829283127560963
0,0,3.506253874657751e-05
0,0,0.25058762454245437
0,0,6.0547114592632334e-05
0,0,0.022444268894144546
0,0,0.00028004841381782416
0,0,0.0003538000885588081
1,1,0.9998484895038202
0,0,3.3012089489652602e-06
0,0,1.6171069358896473e-05
0,0,0.02991861272739776
0,0,3.67760597220721e-05
0,0,3.931653488110678e-05
0,0,0.0015178564947657077
0,0,0.0004675047465297566
0,0,0.009842646804069613
0,0,0.02902421828342413
0,0,0.0005636589779169878
0,0,0.05591753128441154
0,0,0.0745961121482524
0,0,5.126030161468064e-05
0,0,0.08190776564306274
0,0,0.00013583400664352778
0,0,7.706984254962085e-06
0,0,0.2708708839960547
0,0,0.0003194959075460971
0,0,0.056836247586345416
0,0,0.009131832988032492
0,0,0.041412209776735674
0,0,0.0074332180498464405
1,0,0.13479864205778735
0,0,4.9546987948398935e-05
0,0,0.006223598514721372
0,0,0.0003232352204577181
0,0,0.2912722243969074
0,0,0.00016713584875104745
0,0,0.00013422679243251743
0,0,0.00015320949668514515
1,0,0.17428931379260496
0,0,1.8429838767849026e-05
0,0,0.04600095986462961
0,0,0.00034089119173046203
0,0,0.0003953839818823848
0,0,9.089752584481163e-05
0,0,6.375325650232e-05
0,0,0.11724571843711355
0,0,0.0021916978199950795
0,0,0.10300275643703369
0,0,0.00023530312229140142
0,0,0.0003554646924646378
0,0,0.00028149588560755375
0,0,0.00010277221574535798
0,0,0.06245119604510262
0,0,0.0005168027558560353
0,0,0.00017624210192456263
0,0,0.000273782051257684
0,0,8.337298944835332e-05
0,0,0.013126732058903306
0,0,8.0937034865765e-06
0,0,0.05751173469556277
0,0,0.010041698080563035
0,0,0.0004790945149015432
0,0,0.09968806836446764
0,0,3.727762690405838e-05
0,0,0.0035886613316283
0,0,0.0025187733252759266
0,0,4.835492251926557e-05
1,0,0.15881896982412969
1,1,0.9974806287800787
0,0,0.0048365952460860786
0,0,2.4136003282145122e-05
0,0,0.08802013793001269
1,0,0.26341328733288116
0,0,0.00019579479489554617
0,0,0.15750824366133034
0,0,0.0010146321965914808
0,0,0.00046136942343859603
0,0,2.9675766815069066e-05
0,0,0.00017260674650487054
0,0,0.00021753361407712108
1,1,0.9976222820265531
0,0,4.322200119711204e-05
0,0,6.380691285114653e-05
0,0,0.0003674529898775687
0,0,0.0002874358919383657
0,0,0.10228033156464864
1,0,0.2177940777957272
0,0,0.00016007008309683465
1,1,0.9987572836883678
0,0,8.704426772319233e-05
0,0,0.043407490086847945
0,0,0.0022621891232203852
0,0,0.07793781932126397
0,0,7.075557751720295e-06
0,0,1.5807949568988567e-05
0,0,0.00031764586311823197
0,0,0.02858776407761847
0,0,3.5882254193028815e-05
0,0,0.0001596521955843376
1,1,0.9960326493092332
0,0,0.0007732978894935007
0,0,0.20979956778005684
0,0,0.00754200334104121
0,0,0.003980688135943397
0,0,0.021777204297060877
0,0,0.03762173540214176
0,0,0.011142449979506018
1,1,0.999435725293117
0,0,0.0071973710010052715
0,0,0.0002443735298836384
1,1,0.999239010136148
0,0,0.0002933429296469998
0,0,0.00476535900780346
1,1,0.9996198010149847
0,0,0.00023276439375163156
0,0,0.00020818097069444141
0,0,6.333361359017651e-06
0,0,3.8556281728121824e-05
0,0,0.0003921078225078123
0,0,6.434537372805589e-05
0,0,0.0003996354880897221
0,0,0.0003540999219753645
1,0,0.1677494862782299
0,0,0.021958386036116842
0,0,0.0002578814698777343
0,0,0.05645120610719622
0,0,0.0771112164312505
0,0,0.4563601687700683
0,0,0.00035660973734715043
1,1,0.9978597933434382
0,0,0.0002767110376016724
0,0,0.138301045009637
0,0,8.242317842054194e-05
0,0,0.00010061267199491962
0,0,0.00045556956553017864
0,0,0.000631622667499518
1,0,0.005544211114656792
0,0,0.010713899758201723
0,0,0.1448382470352772
0,0,0.00023416547502181804
0,0,0.26661276292290903
0,0,0.0019874814773892667
0,0,0.06912142133546348
0,0,0.000115642966524032
1,1,0.9986838830340143
0,0,1.0732370006531644e-05
0,1,0.6892111899133497
0,0,0.014436096304696765
1,1,0.9999331172981722
0,0,5.4420053720134546e-05
1,0,0.07255870235456319
0,0,0.0038383631347458035
0,0,0.00022864493502124957
0,0,0.00039529943717663024
0,0,0.0001189949201791715
0,0,2.4327976457053092e-05
0,0,0.3427564762803383
0,0,0.15866015756999022
1,1,0.9972674632191689
0,0,0.00014498062742713633
0,0,0.11835778745968581
0,0,3.544595302511916e-05
0,0,3.9897880993096605e-05
0,0,0.0005128132106411444
1,1,0.9967708357322654
0,0,0.00029279155137330637
0,0,0.0003107283137464566
0,0,0.007493341295653326
0,0,5.133506150863102e-05
0,0,0.0007057902745844416
0,0,0.003686749722647379
0,0,0.0070124808627585996
0,0,0.000666179368128293
0,0,4.603538845774096e-05
0,0,9.6002841458466e-06
0,0,1.421251410267164e-05
0,0,0.04899379556524764
0,0,0.07550474996761436
0,0,0.0003711208416312605
0,0,7.519563492387633e-05
0,0,0.0006793985468117213
0,0,0.0026656537759439792
0,0,0.0003094336034284452
0,0,1.4723388282209066e-05
0,0,5.357910415628288e-05
0,0,3.3467817307150604e-05
0,0,0.00027241994514925404
0,0,0.03313184700934327
0,0,2.035885270994106e-05
0,0,0.0004550448194393047
0,0,0.001177847270639825
0,0,4.3163940484342495e-06
0,0,0.005404385761449094
0,0,0.014124239410940022
0,0,0.023033556994952367
0,0,0.000344518968325014
0,0,0.01390101966226801
0,0,0.001031134471382267
0,0,0.0001854027216883326
0,0,0.2397302019920104
0,0,0.008958245565113047
0,0,1.3024146927127334e-05
0,0,9.815454945550577e-06
1,0,0.479374284471289
0,0,0.0026393292569310404
0,0,0.00013438295571895295
0,0,0.0006759744111535115
0,0,6.4595788302931094e-06
0,0,0.12522242767499914
0,0,2.4707647761708222e-06
0,0,4.0832708805277375e-05
0,0,3.7317348354255336e-05
0,0,0.002890615596518175
0,0,0.010072885510944207
0,0,0.0003164068785158257
0,0,0.00010883144974197782
0,0,0.07123137520710611
0,0,0.00020453601313694456
0,0,8.914836165659709e-06
0,0,0.011323558364376865
0,0,0.00012835561223350386
0,0,0.0031998158206504564
0,0,6.382486228069181e-05
0,0,0.0034743703671986713
0,0,0.009585332082956286
0,0,9.554778419389643e-06
0,0,0.003369619041686139
0,0,0.0008131705992691546
0,0,0.0001082703317069586
0,0,0.0004778370871453836
0,0,8.513000164246528e-05
0,0,1.5008920543927609e-05
0,0,0.02991861272739776
0,0,0.179448498494168
0,0,0.027653989250555122
0,1,0.520559016525615
0,0,2.7748280345883253e-05
0,0,5.590913861907347e-05
0,0,9.601462705330864e-05
0,0,0.00045174403298239895
0,0,4.142318272440193e-05
0,0,0.0005113241399201643
0,0,0.0008310722673378572
0,0,0.00011794168086919688
0,0,0.00047576588224363477
1,1,0.9985573455797461
0,0,0.0004391832699252446
0,0,0.0005602255265371877
0,0,0.007483499266902344
0,0,6.249753441398329e-05
0,0,8.884642615597499e-05
0,0,0.029524958215937376
0,0,0.00019584004775657636
0,0,0.0002150267931129364
0,0,4.004445097656441e-05
0,0,0.00724198239678577
0,0,0.0001472158253038607
1,1,0.9986490674934705
0,0,0.00034837351841944184
0,0,0.00043433095436325094
0,0,5.679431643064242e-05
0,0,0.00022190078450595288
0,0,0.1476509596012608
0,0,0.01151989518953673
0,0,0.09160976304951177
0,0,3.1658619149195056e-05
0,0,0.00025949795297818006
0,0,0.004246766738560901
0,0,0.031013097496510697
0,0,0.00042568314794240393
0,0,6.031514976994195e-05
0,0,0.0003727586392788265
0,0,0.010350862711383954
0,0,3.840246992112471e-05
0,0,0.0005287411598468992
0,0,7.225006548364715e-06
0,0,4.170565997706299e-05
0,0,0.014246772025237128
0,0,0.00012869814518058569
0,0,0.05927951138636287
0,0,0.021356139678411025
1,1,0.9980053234455435
0,0,0.00010049134688555016
0,0,6.308627557861017e-05
0,0,0.00019138577935273846
1,1,0.9999453893603248
0,0,0.029995286771823768
1,1,0.9987819434263291
0,0,0.01319873393800085
0,0,6.165998031376002e-05
1,1,0.5522343948436763
0,0,0.00019821157118997951
0,0,5.6531857334807596e-05
0,0,0.00011333393015517808
0,0,0.19176168575001803
0,0,0.02070588326379563
0,0,3.821157134058345e-05
0,0,4.254642149199345e-05
0,0,0.00018960502935514486
0,0,0.0002920770031159953
0,0,0.002880894652604235
0,0,0.08799262069342505
0,0,0.09106176444108
0,0,0.001534579954055154
0,0,0.000267474408579184
1,0,0.2386317388184135
0,0,0.0012403954263659831
0,0,1.526476860357022e-05
0,0,0.02451189640919641
0,0,0.00019755902090224587
0,0,0.0009269235046433094
0,0,0.0001097377109620114
0,0,4.4948201646949935e-05
0,0,0.014508952811933944
0,0,2.958427863473066e-05
0,0,0.00018016234579309084
0,0,2.6689529339918003e-05
0,0,5.424633473459629e-05
0,0,4.259935199551781e-05
0,0,0.00039088099505359326
0,0,0.009054405265572088
1,0,0.10394550649657988
0,0,0.01609874328496282
0,0,4.463529565829024e-05
0,0,0.04221267108426672
0,0,0.023060967459979334
0,0,5.1135906723385086e-05
0,0,9.106851143853403e-06
0,0,0.00010616280053053862
0,0,0.09150525804912576
0,0,0.00013360698456311895
0,0,4.455755729951598e-05
0,0,7.0535601353329725e-06
0,0,0.007703611986897464
0,0,9.60777188987973e-05
0,0,0.025440511872081684
0,0,0.006833592947267157
0,0,1.9944466565558487e-05
0,0,0.008037440954769326
0,0,0.030400849657601006
0,0,3.6944762637418044e-05
0,0,0.0002170992471194933
0,0,3.301400667454158e-05
1,0,0.31208788392582343
0,0,0.01749295709209694
0,0,0.0002539800289226596
1,0,0.23159056869236969
0,0,0.00046734958407070173
0,0,0.017661875953133076
0,0,6.1662608421411764e-06
0,0,0.07759017506213013
0,0,0.00042038133780715166
0,0,0.03597568243712996
0,0,0.0001471377113771826
0,0,0.1281438558840906
0,0,0.008542198114368042
1,1,0.9999378115867695
0,0,7.100206002381237e-05
0,0,0.001817426447569324
0,0,0.0085080876281097
0,0,0.07018969627281828
0,0,0.00027411653298245193
0,0,1.5635465765733563e-05
0,0,0.030240234669779324
0,0,1.7016542622808788e-05
0,0,0.019164914743902358
0,0,0.00436414876460112
0,0,0.002868740892453813
0,0,7.505898280731376e-05
0,0,0.0003772689171949854
0,0,4.7605419768365604e-05
0,0,1.9794492110494956e-05
0,0,1.9928338634159016e-05
0,0,5.065632992626307e-06
0,0,2.791778375883403e-05
0,0,2.2698541056563856e-05
1,1,0.9994192249779293
0,0,0.0004955324283644272
0,0,0.000503016093547135
0,0,5.7736416951314055e-05
0,0,0.0071973710010052715
0,0,0.0010261734921865676
0,0,0.00011688479409502907
0,0,0.04116621107456683
0,0,0.003383250416010062
0,0,1.106261994880865e-05
0,0,8.755112613383306e-05
0,0,0.292591941041599
0,0,0.0003171572050285878
0,0,0.00014137681290498494
0,0,0.04252397559489868
0,0,0.01318690587814171
0,0,0.148149154127589
0,0,4.668483612721519e-05
0,0,0.00011026728849170932
0,0,7.925783549790623e-05
0,0,0.0005857629709616792
0,0,6.748047662147391e-05
0,0,0.00018001093109513993
0,0,0.00015238435503871724
0,0,0.0020093007575673737
0,0,0.13619596153911379
0,0,0.002678179583850498
0,0,0.0039402309094106434
0,0,0.0005745825867244439
0,0,0.00016219727900594768
0,0,8.015530440308237e-05
0,0,0.00011247138270268431
0,0,0.0002681819961067194
0,0,2.731653931799468e-05
0,0,0.0003619956326178587
0,0,0.1766066244355846
0,0,0.005916406819092659
0,0,0.00011893069567356086
0,0,4.43057920435458e-05
0,0,0.25836733850765237
0,0,0.0003369059111576132
0,0,0.0005834952368437654
0,0,0.04144639428864663
1,1,0.9989036789893109
0,0,0.00012632011622338812
0,0,0.00012202598221735754
0,0,0.028495557800758933
0,0,0.26900291704166795
0,0,0.00011663549793805363
0,0,6.772086975324402e-06
0,0,0.0005396969880928599
0,0,0.0022520646337986687
0,0,0.016772750932873767
0,0,0.00031404487577416665
0,0,0.007368973930852811
0,1,0.6779597121762444
0,0,0.018544344912919626
0,0,0.0027950420985332655
0,0,0.00026519911307581405
0,0,0.006752686169741298
0,0,0.006787915597798273
0,0,0.00013848499220066028
0,0,3.329449991411171e-05
0,0,4.889938238244719e-05
1,0,0.020022827594334828
0,0,0.0010222772751720148
0,0,6.738814850592622e-05
0,0,0.00012707069632880038
0,0,0.00023195511285497019
0,0,0.012391787741103215
0,0,7.39259963330278e-05
0,0,0.00033000716213219054
0,0,0.02374634746166332
0,0,0.0010714779861302202
0,0,0.00018301162109031247
1,1,0.9986415377288268
0,0,8.864413740846812e-05
0,0,0.004085843956830136
0,0,0.000466597420858897
0,0,0.00012342314478342364
1,1,0.98911489560099
0,0,0.0003585327661730828
1,0,0.10286713410676451
0,0,9.089752584481163e-05
0,0,0.007428957116532196
0,0,0.3567775157894742
0,0,0.12627732489685906
0,0,0.001189839269789586
0,0,0.00015000206591375266
0,0,0.03628374014314448
0,0,0.00023457410264537617
0,0,0.007560211526801729
0,0,0.0007274377370897316
0,0,0.00682114578044457
0,0,0.00038056919025636696
0,0,0.1041320775343604
0,0,0.00015231521545070953
1,0,0.112624784184226
0,0,7.496131490157739e-05
1,0,0.29146081795651335
0,0,2.4536056420717077e-05
0,0,0.00531004918503747
0,0,0.0014043867101861032
1,1,0.9999827072758221
0,0,0.0005522931694852538
0,0,7.87755470064116e-05
0,0,0.0005126061437565627
0,0,0.062152105897302606
0,0,0.00091240507010373
0,0,2.4266096475428725e-05
0,0,0.021443393352940886
0,0,0.00021823534880372326
0,0,0.00040945676005733396
0,0,0.41341970398243316
1,1,0.9999249899756522
0,0,0.0026296105456795967
0,0,0.011854162979579858
0,0,0.0003760704207681125
0,0,0.22502097483316408
0,0,0.00045161553347687595
0,0,0.09581227299814676
0,0,2.960746009213501e-05
0,0,0.000706769159951661
0,0,0.08389952948778488
0,0,5.996460918026757e-06
0,0,0.0003886808622024474
0,0,0.16405768301025106
0,0,0.1017510964013761
1,1,0.996755454204068
0,0,0.0001921713141684524
0,0,6.680896183557968e-05
0,0,0.0002978079682099343
0,0,0.004332985772996395
0,0,3.342948951459434e-05
0,0,0.15757957850430862
0,0,0.302283334270683
0,0,0.00011253491076693217
0,0,6.355763754874134e-06
0,0,0.00017371376642996136
0,0,0.00014531456713129056
0,0,0.15101540880183253
0,0,0.0003659669187871358
0,0,7.397739768506863e-06
0,0,1.1176524126465217e-05
0,0,8.11419217589781e-06
0,0,0.005518781105172077
1,1,0.9986075010106165
0,0,0.27170492111740213
0,0,0.04900709957227297
0,0,3.526225702876036e-05
0,0,0.0406869525757922
1,1,0.9983648879528905
0,0,0.0007935625663913352
0,0,8.771911669735483e-06
1,0,0.10583233500357797
0,0,0.07057298586325876
0,0,0.0016705920119610038
0,0,0.13110147463756303
0,0,1.4771628044823756e-05
0,0,0.020287271530629588
0,0,0.07047365299537423
0,0,0.0003275288288518851
0,0,0.0784935295446624
0,0,0.00030249456797854435
0,0,0.00525875133670243
0,0,0.018661870140046735
0,0,0.31204101770241016
1,0,0.0738598135245173
0,0,0.0004729736414141874
0,0,1.1650479242896966e-05
1,1,0.9977737808778777
0,0,6.0639445429570276e-05
0,0,0.058872429864387746
0,0,0.0312646764448921
0,0,0.0006524562548897196
0,0,0.0020144467709107706
0,0,0.08321863645841236
0,0,0.0005314808662101466
0,0,0.022650053411773532
0,0,0.00015382070236550678
0,0,6.820783929368713e-06
0,0,0.0003203204050392635
0,0,0.001401304259376139
0,0,0.00031499591454830773
0,0,0.17086506924103328
0,0,0.00012189699136134759
0,0,0.000813207176224185
0,0,3.1835795151834156e-05
0,0,0.00016020314381286901
0,0,0.00024083258433159905
0,0,2.944619862874749e-05
0,0,0.025171121734715095
0,0,0.08524923861428962
0,0,4.273609666959787e-05
0,0,2.963786426827732e-05
0,0,0.16054422573265806
0,0,0.1853036468642022
0,0,0.00245886772268617
0,0,0.0011824488556709946
0,0,0.00017166478999838428
0,0,0.0041007732688444366
0,0,0.0006886489257835708
0,0,0.3590962812528598
0,0,0.01715012385408332
0,0,0.13043531058645486
0,0,0.0002444666351025607
0,0,0.00042135864415306356
1,1,0.9999631959800492
0,0,8.22243995098406e-05
0,0,0.00016341289755356005
0,0,4.7667461639293953e-05
0,0,0.000142766861954474
0,0,0.3115899271226228
0,0,0.11088412715973921
0,0,0.018716796397809973
0,0,0.0003349211160690806
0,0,0.00020344342575238244
0,0,0.3219847228596669
0,0,3.544595302511916e-05
0,0,0.00033456408372559387
0,0,0.3001116294323202
0,0,2.9534504362140623e-05
0,0,0.013074584730336718
0,0,0.12795396761289968
0,0,0.09132978023032796
0,0,0.006107211038613842
1,1,0.997736252649707
0,0,0.4852449247405211
0,0,0.48108591345339086
0,0,0.12981193451017753
1,1,0.9999359876624818
0,0,0.0001764417160100288
0,0,0.00031737947789402406
1,1,0.9992676333107418
0,0,0.0008845707909998016
0,0,6.1662608421411764e-06
0,0,0.0003409527002848791
0,0,2.3318738324391777e-05
0,0,0.0004806365620093663
0,0,0.0001486436620096231
0,0,5.844258187820322e-06
0,0,0.020806432351158793
0,0,0.00018529334017604662
0,0,0.00013074290009862776
0,0,0.0005579546380307383
0,0,0.004889749810775816
0,0,0.11544680086404707
0,0,0.02668486361836927
0,0,0.0001634445110874111
0,0,0.1588130214946478
0,0,0.00037787329980789594
0,0,0.01256623484120254
0,0,5.285557107455182e-06
0,0,0.005371409494994023
0,0,0.0007457189426749006
0,0,6.588896609091493e-05
0,0,0.0010833630436728565
0,0,0.040372072379258744
0,0,2.5431183985703616e-05
0,0,0.041197245473549964
0,0,0.00020296584235527399
0,0,0.00016693483781357455
0,0,8.572577125598346e-06
0,0,0.00028684945519146584
0,0,4.469441313308671e-05
0,0,5.318568533782903e-05
0,0,0.0009523075399737604
1,1,0.9986250495649505
0,0,0.0009643430353814024
0,0,0.00031467025509986687
0,0,0.00030083296286432756
0,0,8.349483176874425e-05
0,0,2.1863677977310225e-05
0,0,0.00017615745182956262
0,0,0.003143217339540581
0,0,9.34553250338051e-05
0,0,0.00033377139245302696
0,0,0.06569528238066076
0,0,0.034778047602662364
0,0,0.00012226967513412706
1,1,0.9999520024697441
0,0,4.167135591453765e-05
0,0,0.009070798503940943
0,0,1.8104836634444356e-05
0,0,0.0001413898492309374
0,0,1.9516624416528637e-06
0,0,0.0012308871936390939
0,0,0.00022798964179500365
0,0,0.0004778370871453836
0,0,0.002418866907149142
0,0,0.00014080249174894865
0,0,0.0012041782404357295
0,0,7.545431857606791e-05
1,0,0.3023739953305588
0,0,9.213690717361565e-05
0,0,0.00039183491344102174
0,0,1.2205397407722841e-05
0,0,0.000264848371269411
0,0,0.02462893374248938
1,0,0.37490364358761313
0,0,0.024671949515614376
0,0,0.0005854784912153842
0,0,0.00025739786626017733
0,0,0.019268934965984325
0,0,0.11301210562227004
0,0,0.020314341266678856
0,0,0.00019741778423905057
0,0,0.0002643925631778022
0,0,0.01878295700748012
1,1,0.999974587148631
0,0,0.0004017251597917702
0,0,0.22212360276790885
1,0,0.4911274280851935
0,0,0.00025872130166773095
0,0,7.06289198352907e-05
0,0,0.017703416955557286
0,0,0.2087533964441988
0,0,0.00028166283689715375
0,0,0.04695639383772924
0,0,0.00799104031774545
0,0,2.7414558390120585e-05
0,0,7.122280525697075e-05
0,0,8.207511321697536e-05
0,0,5.423037385421785e-05
0,0,0.00015086974301814512
0,0,0.00016201013189767413
0,0,1.6909802407745663e-05
1,0,0.13422808884994195
0,0,0.28008868609226056
0,0,1.4398295625035224e-05
0,0,0.002518798043950086
0,0,6.685222947842985e-06
0,1,0.903585126774958
0,0,0.006492086228428955
0,0,0.0002761606977958246
0,0,0.10171598720391416
0,0,0.0009237835170065869
0,0,0.00011120646532800794
1,1,0.996804389998171
0,0,6.36027509260763e-05
0,0,0.00016969047035331368
0,0,0.03322937170849522
0,0,0.000654560745651392
0,0,2.7586352315268234e-05
0,0,0.00025701643843654645
1,0,0.07956125454852103
0,0,0.009621373606673467
0,0,2.3168066514354052e-05
0,0,1.7799025035563836e-05
0,0,6.604844297679492e-05
1,0,0.20572317443331745
0,0,0.0004619561283436744
0,0,1.2880597347391271e-05
0,0,4.030248863556765e-05
0,0,0.10021545910425446
0,0,2.071077127598587e-05
0,0,3.325853456634993e-05
0,0,0.10167473768620831
0,0,0.00012706734840797076
0,0,0.000503394945600445
0,0,9.145507892316807e-06
0,0,0.0023230577219026985
0,0,2.7414558390120585e-05
0,0,9.044315667065375e-05
0,0,0.02432564038116011
0,0,3.2722989510492305e-05
1,1,0.9993670945846075
0,0,7.993821839758456e-06
0,0,0.014696860584674752
0,0,4.62213277005676e-05
0,0,6.956856880242455e-05
0,0,0.006535762394944864
0,0,0.0002636230279882714
0,0,0.0033024379460874207
0,0,0.06463204851729765
1,1,0.9975512553725918
0,0,2.0401551811992706e-05
0,0,0.0003997433056450201
0,0,0.000844162998750988
0,0,0.0017737524731743805
0,0,3.050706286627351e-05
0,0,0.08149208330698497
0,0,0.00027873489038196775
0,0,0.02600817409275796
0,0,0.000767483207485878
0,0,2.5615554139414e-05
1,1,0.9961373063054628
0,0,1.2708403337351903e-05
0,0,0.00021563014833006245
0,0,1.1422773446512569e-05
0,0,0.00014835494787845922
0,0,0.0015656494781687283
0,0,0.00010392551184228727
0,0,0.0007395101838659224
0,0,0.036243744656413564
0,0,0.0005010057284121881
0,0,0.00011514731047480025
0,0,0.00048265737037692314
0,0,0.00021368004902236673
0,0,0.0004911019014263064
0,0,0.0009466482817764668
0,0,0.00047644368312585385
0,0,3.51153640192295e-05
0,0,0.00019188065951784063
0,0,0.00031740884845273936
0,0,0.0010430641654032232
0,0,0.0012609797946679581
1,1,0.997724987908034
0,0,0.0002793007148245628
0,0,0.018517059481935376
0,0,0.07798227005134731
0,0,5.657568584610877e-05
0,0,0.05094638172259805
0,0,0.00014553713372192348
0,0,0.007302624854060023
0,0,0.0001238826249971744
0,0,0.0445963309829517
0,0,6.401354292986057e-05
0,0,0.07972598754362085
0,0,0.00013116802869831166
1,1,0.9968517267272717
1,1,0.9998910260444627
0,0,0.00018013377345357844
0,0,0.006259603289608778
0,0,0.0002733029947903686
0,0,0.00013770706807820167
1,0,0.09174741024273475
0,0,0.014609005839056005
1,1,0.9999752372740768
0,0,1.704894589777771e-05
1,1,0.9992927901089642
0,0,0.0003619380899866323
0,0,0.05372337671742227
0,0,0.3805942673559544
0,0,0.0007871396501484744
0,0,0.014224962086844218
0,0,0.0005046325686615072
0,0,3.3739580355832324e-05
0,0,0.0049805786450403304
0,0,0.01685681132432779
0,1,0.5174417023630077
0,0,7.30257552340524e-05
0,0,0.007728189573036365
0,0,0.00281772962538325
1,1,0.9951137142587843
0,0,0.05126933450785343
0,0,0.01516730908659066
1,0,0.09422889952887287
0,0,0.0001185461376421772
0,0,1.4196794291494564e-05
0,0,0.0003043391537448648
0,0,3.7240132029768014e-05
0,0,0.00024193343213360836
0,0,0.00025675270723463144
0,0,1.8434403720762482e-05
0,0,0.2301478051496252
0,0,5.196930591408396e-06
0,0,0.06245119604510262
0,0,0.0010239092559707025
0,0,0.017996802690657312
0,0,2.9671132057746958e-05
0,0,0.00027492669602425396
0,0,1.670538312674871e-05
0,0,0.06939771332371253
0,0,0.21791750815413768
0,0,0.02426936233211285
0,0,0.10420059870328621
0,0,0.0008177723094991328
0,0,0.12740975064383409
0,0,0.0005367734350369202
0,0,0.00027247383096495686
0,0,0.000537696979389744
0,0,0.2745331906580531
0,0,0.00021368798613388357
0,0,9.559523153206988e-05
0,0,3.491438714613925e-05
0,0,0.0011039833285978145
0,0,0.0011987730081050526
0,0,0.0002420674162999073
0,0,1.341600136582443e-05
0,0,0.02070859755443938
0,0,0.00019113222297860967
1,1,0.9998097192201761
0,0,0.08942939582730947
0,0,0.00037994128715936737
1,1,0.9999109417263543
0,0,0.0037981209490136076
0,0,0.0008579517522088204
0,0,0.0019586079723617413
0,0,0.0002250283440487173
0,0,0.27348627803802783
0,0,0.006095920961761829
0,0,0.01328784753383959
0,0,0.0005225719972514083
0,0,5.5792652531404524e-05
0,0,0.002776652024716185
0,0,4.946836627364943e-05
0,0,0.1737399737640551
0,0,0.00010078784220994856
0,0,0.0020134409537674643
0,0,1.6382768905808866e-05
0,0,0.010213173282239965
0,0,0.00016494218124433023
0,0,8.0937034865765e-06
0,0,0.041527378364291156
0,0,0.0006146564031267183
0,0,0.16435911517286927
0,0,1.55597205192581e-05
0,0,0.2728571778939429
0,0,0.03015454188799081
1,0,0.05580032631867895
0,0,0.00022068530094856832
1,1,0.9988863148326843
0,0,0.00022651530589443548
0,0,0.011931539515990092
0,0,0.00037119593448346446
0,0,0.0198265077725663
0,0,0.00042226299152462425
0,0,0.005037348033730186
0,0,0.015447478863776924
0,0,2.2039341205325418e-05
0,0,0.028755244955421574
0,1,0.5220858665464418
0,0,0.0001329300000073856
0,0,0.0006766776398215544
0,0,0.0003678941696809109
0,0,7.87755470064116e-05
0,0,0.009054874494699803
0,0,0.0002647973383331598
0,0,0.0006243845967080151
0,0,0.0003802073116439303
0,0,7.87755470064116e-05
1,1,0.9999622091977642
0,0,0.0003208914231861865
0,0,0.38543899752699523
0,0,0.0004347170483609371
0,0,0.20308761502683162
0,0,1.721613667338598e-05
0,0,0.0005488537076886032
0,0,0.0006831713259801923
0,0,0.0006309495896093265
0,0,6.751865230019614e-05
0,0,0.015840122816893367
0,0,0.001015844348113497
0,0,1.2257527905523332e-05
0,0,0.00022073248974895516
0,0,0.09370771066929694
1,0,0.0822509748316976
0,0,1.0741521803085444e-05
0,0,2.731653931799468e-05
1,1,0.9996150862254959
0,0,6.459964326480119e-05
0,0,0.007483499266902344
0,0,0.00023570587915288543
0,0,2.1905503927610023e-05
0,0,0.007170857828082227
0,0,0.0002089236530966495
0,0,0.0003117334507804265
0,0,0.0009356121186406636
0,0,0.0003642056517647243
0,0,8.034629574033937e-05
0,0,0.22976978040742027
0,0,0.01951658876866286
0,0,0.00020234226682380166
0,0,0.0002935148245752758
0,0,0.00044541301034586774
0,0,0.030911286054890345
0,0,0.035086234191530875
0,0,0.0009356121186406636
0,0,0.0008002842466530692
0,0,0.00019559538305771992
0,0,0.13131321733595844
0,0,0.00013356051921193025
0,0,0.0001265864962733913
0,0,0.0005898689376847539
1,1,0.9999469104045481
0,0,0.0002728976791444435
0,0,4.302403120007429e-05
0,0,0.0002601756621707911
0,0,5.779985993822664e-05
0,0,0.0001733394696790788
1,1,0.9999833974204666
0,0,0.04060771767968741
0,0,4.018695639519826e-05
0,0,4.059683925554332e-05
0,0,0.00015098533172035062
0,0,1.7281477177989928e-06
0,0,8.616323907073943e-06
0,0,0.006815093543923636
0,0,0.0017842690226384868
0,0,3.720156738243473e-05
0,0,0.00021597621027714936
0,0,0.06706541588956229
0,0,2.507739572206417e-05
0,0,0.0009750634773249515
0,0,0.011254277651943947
0,0,0.000241384525480613
0,0,0.007479390011652947
0,0,2.25304147542277e-05
0,0,0.0009303182989568444
0,0,0.03959908254669009
0,0,0.11162561623434071
0,0,0.0002607934459998461
0,0,6.397145346387793e-05
1,0,0.20689068845428646
1,0,0.38479588986891167
0,0,0.009569009320059536
1,1,0.9979334125803268
0,0,0.01324425130412937
0,0,0.0006146564031267183
0,0,0.00017911039284828153
0,0,0.0014988856130560325
0,0,7.558976856203637e-06
0,0,0.0002060532427911237
0,0,0.0005083723745570737
0,0,1.4325406557321211e-05
1,1,0.9984041684713693
0,0,0.000752028189823655
0,0,0.0001953359433104839
0,0,0.00012112397044907257
0,0,2.103270062134834e-05
0,0,0.0005450593395278822
1,0,0.10794205781634239
0,0,9.566882118808629e-05
0,0,6.685222947842985e-06
0,0,4.029182428524637e-05
0,0,0.00031207194720352663
0,0,4.728068479151637e-05
0,0,0.0002732113281079286
0,0,0.060845560071086636
0,0,3.6840879598146076e-05
0,0,0.0002632161603116009
0,0,8.0937034865765e-06
0,0,7.558075331218069e-06
0,0,5.023253082792248e-05
0,0,3.076930427591398e-05
0,0,0.40096284745992494
0,0,0.001954033794764231
0,0,0.02385793179980275
0,0,0.3198931123826267
1,1,0.9988269888332687
0,0,0.03196938344926173
0,0,6.1662608421411764e-06
0,0,3.9105464667018925e-05
0,0,2.7902385577674198e-05
0,0,2.7074125781757692e-05
0,0,5.244303469147961e-05
0,0,0.0005176061502660218
0,0,2.3607002004784447e-05
0,0,0.0012549126989455585
0,0,0.0003877031825412558
0,0,0.01855752705708404
0,0,0.0005149325225220263
0,0,0.0002597796487561897
0,0,0.0001661205328924029
0,0,0.0001883082121346618
0,0,0.00036516621201749454
0,0,1.1030727004934634e-05
0,0,0.001899819249067378
0,0,0.00018584277248913847
0,0,0.00018340723680019107
0,0,0.0006320078399084444
1,1,0.9999077201448613
0,0,0.0005911100805874516
0,0,0.0012115846148009553
0,0,6.202669877533425e-05
0,0,0.0013210228129136698
0,0,0.001407962608939217
0,0,0.0008935286410051143
0,0,0.014722677591066108
1,0,0.12138791143584159
0,0,1.732821416978271e-05
0,0,0.0028666085474667174
0,0,0.02580888558109018
1,0,0.04276205103462457
0,0,0.000573446604097809
0,0,0.019490867985123485
0,0,0.3684814887125624
0,0,0.03419967715993699
0,0,1.1366232709887199e-05
0,0,0.00018441871296329045
0,0,0.03295226226629655
0,0,0.0009515345917154799
0,0,0.0002606057789171945
0,0,7.1645363174739125e-06
0,0,0.0001693904106629739
0,0,0.24490954586168018
0,0,1.7595401029639472e-05
0,0,0.00012315359584405208
0,0,0.24081799927175626
0,0,0.0006542686069869596
0,0,0.000430818107883292
0,0,0.0001092550017450453
0,0,9.869681217403898e-05
1,1,0.9986755453783419
0,0,6.382486228069181e-05
0,0,0.11186670414820588
0,0,0.0005011855905550067
0,0,0.0013618532724364253
0,0,0.0010767782453123989
0,0,0.00013304537232472128
0,0,1.7203013710020452e-05
0,0,0.000988509600433732
0,0,0.08070788672107904
0,0,0.0004652474850989482
0,0,0.09138581101892768
0,0,9.050667157967656e-06
0,0,5.015114761914612e-05
0,0,0.00022007277530773468
0,0,0.001708078823707662
0,0,0.00015951325846045761
0,0,0.12019459673910557
0,0,0.00020081123566014994
0,0,0.0006276405824660458
0,0,0.00013425292478091104
0,0,0.10182351124481911
0,0,3.9074777330170506e-05
0,0,0.000959132826568957
0,0,0.00043388941559753536
0,0,3.303243336430058e-05
0,0,0.0005144339563451334
0,0,1.0217713521864649e-05
0,0,0.00019167392166089157
0,0,8.397838989175248e-05
0,0,0.0006944717646235924
0,0,0.00013772818000465267
0,1,0.5224119667999966
0,0,0.00027791787369455044
0,0,0.09705989998663729
0,0,6.637556422279175e-05
0,0,8.813769183316167e-05
0,0,0.2886681585852213
0,0,3.784245113569519e-05
0,0,0.26266334931799606
0,0,0.012752611948249044
1,0,0.03331492247783651
0,0,0.09406767533970921
0,0,0.034728223752019324
0,0,0.13658140887738884
0,0,0.016510983742948043
0,0,2.061997616768013e-05
1,0,0.09746774024755402
0,0,0.00032683098136754844
0,0,4.991206482017921e-06
0,0,0.00010036246921324118
0,0,0.06780917752765049
0,0,0.00011134173560314776
0,0,0.01587405848173997
0,0,0.0005541552470071323
0,0,3.265225439348278e-05
0,0,2.8683524911676025e-05
0,0,0.011843937277352482
0,0,0.0029603028977457833
0,0,7.100206002381237e-05
0,0,0.4626376801622397
0,0,0.205800800243091
0,0,0.00014762450334432548
0,0,0.0002803154091332517
0,0,0.0020112793057958903
0,0,0.0004702124580418758
0,0,0.000269856185461275
0,0,0.014359496733964942
0,0,0.00013469078457478947
0,0,0.0331682086995193
0,0,0.0002840426505957229
0,0,0.00121488020863552
0,0,5.792315434360228e-05
0,0,0.00010540300223725024
0,0,0.00012784514230853715
0,0,0.0008472878603460091
0,0,0.0002513240997787142
0,0,0.0007109411498210158
0,0,8.432929141933198e-05
0,0,4.903072580485401e-05
0,0,0.0009388368762043826
0,0,4.1682477201547956e-05
0,0,3.058827819945783e-05
0,0,0.00021113139193244446
0,0,0.00022043706830563437
0,0,0.00022492874341718352
0,0,0.08195115715427677
0,0,6.110072822555625e-05
0,0,0.009589428893740839
0,0,7.785385663327105e-05
0,0,7.115312486714228e-06
0,0,4.6247817300579156e-05
0,0,0.06026063704261018
0,0,0.2288698230467964
0,0,3.9105464667018925e-05
0,0,0.00017574142996893398
0,0,0.001985010961832016
1,0,0.17833798155019773
0,0,1.531877231747499e-05
0,0,0.013196289946626125
0,0,0.0023307047130316314
0,0,0.00015254251825795243
0,0,0.0031517334959014977
0,0,6.041271737761857e-05
0,0,0.0001397200990189566
0,0,0.19491480343131573
0,0,2.519534255562495e-05
0,0,0.28965299266151184
0,0,0.0004338681238325898
0,0,0.0011976445053294075
0,0,0.07832741465889843
0,0,0.0004788428101968249
0,0,0.01949676853323612
0,0,0.024128767792346465
0,0,2.3915835136656025e-05
0,0,0.01346770623739764
0,0,0.00020663489253178681
0,0,0.09932487136817908
0,0,0.00014767605466607366
0,0,0.004721090864930673
0,0,0.2324156616375369
1,1,0.9992043008033765
0,0,0.000333414247434095
0,0,0.0002618944612134366
0,0,9.82975666871438e-05
0,0,9.21317725718633e-06
0,0,9.054296471609188e-05
0,0,0.0001876124375354942
0,0,0.02973267954024382
0,0,0.000442632048935411
0,0,0.016689945251929794
0,0,0.000365344033699501
0,0,0.000267160849561041
0,0,0.0005674776658805547
0,0,0.006600612852930311
0,0,0.11193007222284765
0,0,0.0001615170297938167
1,1,0.9981580572752936
0,0,0.0005036115911631091
0,0,0.008854462632860754
0,0,0.00021968384031399358
0,0,0.0005196155805447691
0,0,6.600981514747156e-05
0,0,0.04240808159193339
0,0,9.606601229314437e-05
0,0,4.104500068336013e-05
0,0,0.0008738518964247958
0,0,0.00026049153967328345
0,0,0.000150543269524849
0,0,0.0003898119639261693
0,0,0.0003159806767662336
0,0,0.00883579934234217
0,0,0.022099568575824013
0,0,0.0008584947281933957
0,0,0.00016475043431442377
0,0,3.104386547823775e-05
0,0,5.620902900077998e-05
1,1,0.9980653011175411
0,0,0.00015816578908070428
0,0,0.002578507795046147
0,0,0.0843438975177842
0,0,0.05964047773058215
0,0,3.905248928113632e-05
0,0,1.1872470377916905e-05
0,0,0.024393049327793657
0,0,0.002107957471810218
0,0,0.32238706819833685
1,0,0.08909569733622473
0,0,0.20744836228898145
0,0,0.3291774138801268
0,0,0.01997241648372013
0,0,0.00017011285397266907
0,0,0.0013903528581962223
0,0,0.0762506798594662
0,0,0.001231558604534146
0,0,0.0011488838556316916
0,0,0.33881642651274024
0,0,0.004120467853600997
0,0,0.013633678021360588
0,0,5.4249376658049363e-05
0,0,0.0012021779755221123
0,0,7.1456399389987785e-06
1,0,0.24758865668276733
0,0,2.339497939814253e-05
1,1,0.9990447119647465
0,0,0.0001595669758197678
0,0,0.0003238612155699097
0,0,6.762173297704791e-05
0,0,0.0003997318286666129
0,0,0.0002467653487224194
0,0,0.31765160433413764
0,0,1.4213160652540549e-05
0,0,0.010896788856980031
0,0,2.3612874427340056e-05
0,0,3.814238342310305e-05
0,0,8.673896951132103e-05
0,0,0.000759337035104418
0,0,0.005271229097345594
1,1,0.9979428187493719
0,0,0.00019271425216903858
0,0,0.000446563118567666
0,0,0.034726433847941454
0,0,0.0003698376209724536
0,0,9.82975666871438e-05
0,0,0.0008139944959492124
0,0,3.8243894632285536e-05
0,0,0.20348159909764452
0,0,3.543114008182539e-05
0,0,0.20814809717780378
0,0,3.797166876447417e-05
0,0,0.0002971312737332304
0,0,0.0004725763023029551
0,0,0.00015250305401039808
0,0,0.004814026260207144
0,0,0.07741606846786793
0,0,4.767561025697764e-06
0,0,8.659666700712764e-05
0,0,3.4167102841139555e-05
1,1,0.9982221548994821
0,0,0.0010808190010879117
0,0,0.02416776225060396
0,0,0.0001899569965960972
0,0,0.0003921518883935575
0,0,0.00011934519766586565
0,0,5.155305103476833e-05
0,0,2.5520833238624555e-05
1,1,0.9994563470437187
1,1,0.9974411086471636
0,0,0.0013315618231746255
0,0,0.4170634037933828
0,0,0.03278178023924634
1,0,0.3349465514390914
0,0,0.0004064412378741906
0,0,0.0071115952389372
0,0,0.00015926097164146354
0,0,0.00010813798465159288
0,0,0.00028394962731314796
0,0,0.0004096761938041166
0,0,0.027355866577145033
0,0,0.008318611701094453
0,0,3.658117268677067e-05
0,0,0.0015381573657081969
0,0,0.00028920788142754536
0,0,2.120079821935404e-05
0,0,0.010915229272149624
0,0,7.183453871010386e-05
0,0,0.037942759410943036
0,0,0.00012529081228881928
0,0,0.025288389443703024
0,0,1.1649003453973352e-05
0,0,0.0004931373023310104
0,0,0.000673942899265614
0,0,4.609615406808943e-05
0,0,0.00019506696894925878
0,0,7.06289198352907e-05
0,0,8.951740943540207e-06
0,0,0.005886191104322957
0,0,0.00010231027720251024
1,0,0.20014633872991433
0,0,0.00026175010057773976
0,0,9.474876713512212e-05
0,1,0.6507257986847453
0,0,0.00041479711947876304
1,1,0.6220856912593218
0,0,0.015727130634399105
0,0,2.4967781806397932e-06
0,0,0.0002964120378764457
0,0,0.00023154500925799126
0,0,0.000915316932960187
0,0,0.0247691976810103
0,0,0.0013181202096476474
0,0,1.0547046375951986e-05
0,0,0.1201727285176183
0,0,0.00019341166504360224
0,0,0.00046698340451148304
0,0,0.12416884213262708
0,0,0.41333809867336285
0,0,0.00015683707902248853
0,0,0.00037307840726267903
0,0,3.840246992112471e-05
0,0,5.24425181566471e-05
0,0,0.00033023325383217303
0,0,0.010706132539306258
0,0,0.011571303442993754
0,0,3.428632071244092e-05
1,0,0.16633892062992472
0,0,7.073673281183847e-05
1,1,0.9989942724498129
0,0,0.01018349985962482
0,0,0.00014799931313823046
1,1,0.9976552911538404
0,0,0.0008419559714379136
0,0,0.015352309707405656
0,0,0.00034720834999117526
0,0,0.11052980044284307
0,0,0.04292201358962282
0,0,0.0003690030141447952
0,0,4.857581741535938e-05
0,0,0.00018364172034009653
0,0,0.0002905998673427415
0,0,0.02783088141325645
0,0,9.765081267160424e-06
0,0,0.06558652734835936
0,0,0.0004356845553741888
0,0,0.010403270387881466
0,0,0.000905081415784519
0,0,0.0007281050441257671
0,0,0.019247251207838274
1,1,0.9998446354932211
0,0,0.12884793476744555
0,0,0.10553519040656534
0,0,0.0034114943330592253
0,0,2.2057709905726468e-05
0,0,7.522343919672916e-06
0,0,0.00019822786766982218
0,0,0.002054158221753287
0,0,1.0817360434688999e-05
0,0,0.00019184763038704013
0,0,0.07228208448931464
0,0,7.306734592447624e-05
0,0,0.00017808726941861999
0,0,0.2573598404059284
0,0,0.0003250450968683114
0,0,0.00013163617774520448
0,0,0.0003509963872259004
0,0,0.00013346947364343957
0,0,0.00020681822659018005
0,0,0.0012151557861352809
0,0,0.010987320157221623
0,0,0.00012432401882828587
0,0,1.7639113598135915e-05
0,0,0.00014376786270652804
0,0,0.000135903628851802
0,0,0.037148818534570395
0,0,8.578261076821542e-05
0,0,0.17164429296929115
0,0,9.181222607637567e-05
0,0,0.012869221773488397
0,0,0.00021274294297013031
1,0,0.04749471968514115
0,0,0.0039629644242768994
0,0,0.03865395142882986
0,0,0.0003737433372822599
0,0,0.0010529069065516995
0,0,0.0002019101345424897
0,0,0.016291905388626283
0,0,6.818201140039611e-05
0,0,0.00011266703690413457
0,0,0.0948237248013845
0,0,0.00015744002706322914
0,0,0.002423767870654748
0,0,0.0003209277049854692
0,0,0.08518691817639035
0,0,0.05835903828386041
0,0,0.029963657476841016
0,0,0.00035519669525972735
0,0,0.00030494435027139796
0,0,9.230665617263768e-05
0,0,8.793728579710066e-05
0,0,0.005008634434315421
0,0,0.00046410540942842
0,0,0.06062178519066189
0,0,0.00047542467761483345
0,0,2.5454525805918476e-05
0,0,0.000171356855727786
0,0,3.684965552912587e-05
0,0,0.016320159232722314
0,0,0.1591147852142963
0,0,2.6891840650502555e-05
0,0,1.5852357854470544e-05
0,0,0.00017992169804026444
0,0,0.000688658050094834
0,0,0.00019450048585364517
0,0,0.00024434269936811755
0,0,0.0009905683058387819
0,0,0.00012671857593380404
0,0,7.853809455290146e-05
0,0,4.623680325355142e-05
0,0,4.793646251814369e-06
0,0,0.00030184536041280726
0,0,0.0006075861105996741
0,0,5.2198777493735435e-06
0,0,0.00045162617845446204
0,0,0.002113151023210442
0,0,0.00014705027217261314
0,0,0.16449555603479318
0,0,0.00040492897710802013
0,0,0.0004412404468203236
0,0,0.00018641386344565516
0,0,0.0014913280350218965
0,0,0.001310349774420878
0,0,0.016014135082897212
0,0,2.863457010575027e-05
0,0,0.00041912177513818037
0,0,0.00012901384558793987
0,0,0.0004894537850195936
0,0,0.0005259800725466191
0,0,3.4987702240065525e-05
0,0,0.07910988146012696
0,0,0.13993974546378937
0,0,0.0002888660944117866
0,0,0.27880284679632195
0,0,0.00012679838735316784
0,0,0.00022206022677266014
1,1,0.9980546024176771
0,0,0.024790642876671414
0,0,0.000236693767079393
0,0,0.0001480196022216258
0,0,0.016274625818138527
0,0,0.09131087683512847
0,0,0.00023370876316773388
0,0,4.8244975900608846e-05
0,0,0.1629705626915032
0,0,1.2452806403459122e-05
0,0,0.00029804673180944263
0,0,0.00019642351815143166
0,0,0.17953509384760652
0,0,0.0011052021514344717
1,1,0.9999830217179051
0,0,4.758536505930627e-05
0,0,0.012017076411502785
0,0,0.07328144290900797
0,0,0.00012443581743009518
0,0,0.0007891586241288842
0,0,2.8683524911676025e-05
0,0,0.016219168652616345
0,0,0.26283357213598335
0,0,0.00025346717040579186
0,0,0.0013567307098952702
0,0,5.680229417288388e-05
0,0,0.00038369933393017994
0,0,0.10917818054516007
0,0,0.00020129353160647768
0,0,0.15312767356165127
0,0,0.000641632292990739
1,1,0.9984100689904599
0,0,5.374525946797003e-05
0,0,5.315027157606262e-05
0,0,0.0007357820177781202
0,0,0.006486610245927372
0,0,0.00048218390198560097
0,0,0.0005876230638145702
0,0,0.00013114789340924708
0,0,8.292273226032998e-06
0,0,0.0004332836730295664
0,0,0.00015863356596857044
0,0,0.0009244133682928984
0,0,0.0001915281348473838
0,0,0.0003797916826931598
0,0,0.00019400997558213478
0,0,1.632064506152028e-05
0,0,1.4793929471808754e-05
0,0,0.002211418235083234
0,0,0.026334424694415437
0,0,0.00026012622246445664
0,0,0.06117021241015968
0,0,0.00013380453469472576
0,0,0.009270816410847517
0,0,0.01852103117227401
0,0,0.0003729761982061673
0,0,0.0741712385663151
0,0,0.012352828780115182
0,0,6.110072822555625e-05
0,0,0.0002674074193249836
0,0,1.80072074629717e-05
0,0,0.00026447364332297734
0,0,0.00043678672804206944
1,1,0.9999334527012576
1,0,0.2991960130693281
0,0,0.000716975246347858
0,0,5.133506150863102e-05
0,0,0.0006040958985614054
0,0,0.00016913963520062805
0,0,0.04799694540732392
0,0,0.17221682563127663
1,1,0.999989028705158
0,0,0.07457224031299362
0,0,0.06843566380184431
0,0,1.9557181411975817e-05
0,0,8.0937034865765e-06
0,0,0.00022008603789241222
0,0,0.000127374481548126
0,0,0.0022005049470594277
0,0,5.133506150863102e-05
0,0,0.00028435310185829116
0,0,0.0005262588446503083
0,0,0.00027413942902245305
0,0,0.00024542427740470294
0,0,0.0002772341836379524
0,0,0.46291270089783443
0,0,0.16791755308400105
0,0,1.5553707885516814e-05
1,1,0.9999714340047904
0,0,2.195675060168237e-06
0,0,0.0013191705600057947
0,0,2.8809249657573042e-05
0,0,0.01067771900968001
1,1,0.9984976527094581
0,0,0.12866117886015754
0,0,0.00012663009563493573
0,0,0.09777837917289797
0,0,0.00014372754633037085
0,0,0.00031215924785154637
0,0,0.01034326031308425
0,0,5.130679171156348e-05
0,0,0.0002663268875451134
0,0,0.00014502405378184188
0,0,0.11228825416903333
0,0,0.002050887572906044
0,0,0.13245759442092744
0,0,0.0005567474909507477
0,0,0.012767862821951572
1,1,0.9999807531408796
0,0,0.01663460981126937
0,0,0.0009388368762043826
0,0,0.037082726746290734
0,0,0.02470590130179955
1,1,0.5157918042752494
1,0,0.2542901278429977
0,0,0.00026166122944509926
0,0,2.8339465783945326e-05
0,0,0.00034309638909650565
0,0,0.04198648446469718
0,0,0.0017858435507013557
0,0,0.0006628598730758817
0,0,0.0052821538275160925
0,0,0.006975303081114315
1,1,0.9999428413702872
0,0,0.08118478525922238
0,0,0.00012098480147213544
0,0,0.027173973006947596
0,0,0.05402852329147598
0,0,1.1542572763952546e-05
0,0,0.0007416571352789686
0,0,0.00031453649824190647
0,0,6.805290917946643e-05
0,0,0.0005282010565041008
0,0,0.00033843112280108726
0,0,0.18926336837665017
0,0,0.06841335301049968
0,0,5.015114761914612e-05
0,0,0.00013954273332906803
0,0,0.00021409826010295195
0,0,0.008242386753951628
0,0,0.0003873900565692261
0,0,0.0002990192101332786
1,1,0.9994878546982803
0,0,0.00015343593289871463
0,0,0.0006153442832850344
0,0,0.0005422975630824196
0,0,0.0006997712680623179
0,0,0.000610439850651069
0,0,0.0021198864297431517
0,0,0.0012777976548836191
0,0,2.468145419420161e-05
0,0,0.14068992794668667
0,0,0.0003750271926880908
0,0,4.1709776932799166e-05
0,0,4.123079131617943e-05
0,0,0.061225020274996406
0,0,1.9194124838601804e-06
1,1,0.9999589651742241
0,0,0.0004991857815168228
0,0,0.059673723877082196
0,0,0.019817305382563422
1,0,0.0750071674201788
0,0,0.00025058363206608515
0,0,0.0011344756145458676
0,0,9.690139346661374e-05
0,0,4.2126820583561065e-05
0,0,9.964053257623347e-05
0,0,0.0002829596249668913
0,0,0.021153390970233533
0,0,0.00019947705942242254
0,0,2.9644309471830936e-05
0,0,0.033270751662784225
0,0,0.15691365135332724
1,0,0.05193045435888723
0,0,0.00016164321008850063
0,0,0.01617045576072004
0,0,7.890488925407131e-06
0,0,0.18095993639470406
0,0,2.104483869872716e-05
0,0,0.04344466343536497
0,0,0.007219701903104073
0,0,5.467801243709218e-05
0,0,0.0006774057949881032
0,0,0.016065794729117254
0,0,9.028648857743224e-05
0,0,0.00020719348044238224
0,0,0.0003785974381012725
0,0,0.0003643656708393944
0,0,0.001101671972175985
0,0,0.02245563550174914
0,0,0.0011332549901655262
0,0,4.465524061315536e-06
1,1,0.9999813661597163
1,0,0.288639626050498
0,0,0.0011456480869237128
0,0,0.000293979184605753
0,0,0.00015451985545846997
0,0,0.0014437102166148519
0,0,0.017513290840191344
0,0,0.0002861450550828346
0,0,0.00010054041357710228
0,0,8.309632856580577e-05
0,0,0.015260898609892735
0,0,0.0005798920893463281
0,0,3.258772172877083e-05
0,0,0.004825122252988711
0,0,0.11840758214703928
0,0,2.1445774438888552e-05
0,0,0.00011607578666916372
0,0,0.00019517632106266872
0,0,1.1266124357335366e-05
0,0,1.1673563258742807e-05
0,0,7.0535601353329725e-06
0,0,0.29439351418860704
0,0,0.00023157341598103903
0,0,5.929195208283394e-05
0,0,8.503239735727296e-05
0,0,5.5629330018905465e-05
0,0,0.00041257987138516205
0,0,0.0003734431072811669
1,0,0.029132883806983912
1,0,0.25446777356417943
0,0,9.627270372839923e-05
0,0,4.361813722281257e-05
0,0,2.7956339014572504e-06
0,0,0.00019768888704182843
0,0,0.00011334284522280124
0,0,0.02684286436560505
0,0,0.00912685098829969
0,0,0.08517644590479378
0,0,0.00030266802687507614
0,0,0.01517260808443818
0,0,0.44311939708385734
0,0,0.0006078044409034396
0,0,0.0017229984972953044
0,0,9.163374974775659e-05
1,0,0.16393747815897422
0,0,1.731712021120442e-05
1,1,0.9968279875185231
0,0,0.004530569322592366
0,0,0.0006359279755246255
0,0,0.0001311790383756187
0,0,0.0008781124857868888
0,0,2.0983112703862406e-05
1,0,0.4075190282797292
0,0,0.00018972505404677326
0,0,0.00011089353696066754
0,0,0.000671761895042361
0,0,0.028580084755602458
0,0,0.012650679790619419
0,0,0.020287271530629588
0,0,0.00018912115836776106
0,0,8.812365253545182e-06
0,0,0.00010225208232914363
0,0,0.02528497577184947
0,0,0.0009205776733251828
1,0,0.1377628257013962
0,0,0.0003794217425027158
0,1,0.591657446257091
0,0,2.7220866783006207e-05
1,1,0.9990686269155286
0,0,0.04678004247948425
1,0,0.06954597915044386
0,0,0.00010247762562814863
0,1,0.6955174854777982
0,0,0.00013931099626247187
0,0,0.01596884319316437
0,0,0.00013159981084157708
0,0,0.00043995091324119576
0,0,0.005080131211229211
1,0,0.16494607433463315
0,0,4.90406694360512e-05
0,0,1.7435033489855805e-05
0,0,0.020520619742711077
0,0,4.5043567272391884e-05
1,1,0.9980824309691874
0,0,0.05345502619372119
1,1,0.9988802831778184
0,0,3.688761402402629e-05
0,0,0.00028659033834736253
0,0,0.00017622558606353618
0,0,0.00027739268640873454
0,0,0.0006332514380613434
0,0,0.00021274603186344492
0,0,0.00027484658772099213
0,0,0.07540848342939793
0,0,2.9978302015161926e-05
0,0,0.0008372302632980782
1,1,0.999924667693509
0,0,0.04133586542105465
0,0,6.399246754075063e-05
0,0,0.00039227552444876673
0,0,0.00012974273809919889
0,0,9.462563893749929e-05
0,0,0.00011466624170931191
0,0,0.0002951124775163096
1,0,0.10844952815517718
0,0,0.15616411252502843
0,0,4.1217419120827706e-05
0,0,0.14268053618126786
0,0,0.0071345480515065465
0,0,0.0008388103495799588
1,1,0.9995894077175792
0,0,0.3041253483666217
0,0,5.562006489202398e-05
0,0,0.008601383428217702
0,0,0.0001006120603870395
0,0,0.00038916314250143306
0,0,1.4544971811959377e-05
1,1,0.9999522599078836
0,0,9.002162498249811e-05
0,0,4.446707715564943e-05
0,0,3.911114684736105e-05
0,0,1.9521273668339555e-06
0,0,0.12845575530211095
0,0,0.00017712535762241945
0,0,0.00017161662839522497
0,0,0.0014325973074209811
0,0,0.07179581591779573
0,0,0.009465641512298157
0,0,0.10484460296522526
0,0,0.18653738302666825
0,0,0.06402822717931675
0,0,4.193465916651905e-05
1,0,0.08674587514891224
0,0,0.0004246984965160602
0,0,0.0004884519600591355
0,0,0.00029764826456843093
0,0,0.004106966239925758
0,0,4.991206482017921e-06
0,0,0.00335454017275103
1,1,0.9944916790248719
0,0,1.8184027614339086e-05
0,0,0.002195759198441969
0,0,0.0019497009439112616
0,0,0.015371899499690705
0,0,0.021457985039028436
0,0,0.10973637589532924
0,0,0.0005201556663675128
0,0,0.001328669512812231
0,0,0.003497790576676696
0,0,2.0574238766272592e-05
0,0,0.0002600297222635229
0,0,0.0667523711784323
0,0,1.6279341116239667e-05
0,0,0.0001465563060257205
0,0,0.000760647732501411
1,1,0.9988737814816443
0,0,0.04497142791397321
0,0,0.00024959058094729217
0,0,0.0003885711456673682
0,0,0.0003642540504878376
0,0,0.0002631699128526624
0,0,0.16327889477731317
0,0,0.00025679616867950683
0,0,0.2691226421345283
0,0,0.02041833149441252
1,1,0.9999233813110708
0,0,2.374641594538409e-05
0,0,3.736544682222037e-05
0,0,9.440962591825192e-05
0,0,0.04010192394911858
0,0,0.1558236487727478
1,1,0.998040835184403
0,0,0.3599050048651068
0,0,1.201858825367519e-05
0,0,0.01139831237145518
0,0,0.00013841561215541332
0,0,0.009157447957107708
0,0,5.381039626577091e-05
0,0,0.005483267105228499
0,0,0.01811543135039279
0,0,0.00042533283456101513
0,0,0.11076280456701053
0,0,2.3011433787520617e-05
0,0,0.000224284608108986
0,0,0.0005848402474239366
0,0,0.11061439220890047
0,0,0.00015026902636692117
0,0,0.0003065132937400249
0,0,5.3297794802824035e-05
0,0,0.06362304934686228
0,0,1.351522564379826e-05
0,0,0.018537270100071113
0,0,0.0003164010523618344
0,0,0.11005943594379018
0,0,0.00023496317647247615
1,0,0.07183404687241694
0,0,0.008470075570567812
0,0,0.00022129711546852379
0,0,5.990219743095982e-05
0,0,0.022832871365370645
0,0,0.01538626370569535
0,0,5.126030161468064e-05
0,0,2.9919607886773087e-05
1,1,0.999312402931373
0,0,0.03617344161502627
0,0,0.00015111728610052075
0,0,0.0024420020184399123
0,0,0.01084665369717208
0,0,1.5288525405447214e-05
0,0,2.7778241491072582e-05
1,1,0.9989243383791293
0,0,0.00011865235725501211
0,0,0.01709571135879338
0,0,0.003498696317374648
0,0,0.1987872688851559
0,0,0.0004529633304147777
1,1,0.9997012243027581
0,0,0.0015948045870235383
0,0,0.00016450399455569846
0,0,0.0011138138582959332
0,0,0.08619118050976195
0,0,9.089752584481163e-05
0,0,0.04988105362542771
0,0,0.00011788994041888341
0,0,0.0005348689037710553
0,0,4.8902960722157136e-05
0,0,0.0003344586980226871
0,0,0.08599866212509813
0,0,0.00013753444365987671
0,0,0.00014076685698864244
0,0,0.094347112648935
0,0,4.603023745247468e-05
0,0,0.00939658600493666
0,0,0.0005257121446093435
0,0,2.047211108465491e-05
0,0,9.101882422808807e-05
0,0,0.1955281212459154
0,0,0.02010863819626156
0,0,0.14403014288395455
1,1,0.6365278466190516
1,0,0.1284134562132691
0,0,8.309632856580577e-05
0,0,0.00442967449089159
1,0,0.14952090060043105
0,0,0.00019113222297860967
0,0,0.00032553744963432254
0,0,0.000990935061707854
0,0,0.0005571511783934786
0,0,0.013096438045574997
0,0,4.740797854674655e-05
0,0,0.015686387508867333
0,0,0.0336474497280598
0,0,8.863218081286975e-05
0,0,0.0007890923874900882
0,0,0.09900714540789855
0,0,1.880881135088168e-05
0,0,0.0004258836521244303
0,0,7.43466795359125e-06
0,0,0.029772507075073024
0,0,8.919519481715036e-05
0,0,0.37284657743875066
0,0,0.001679971170619347
0,0,0.0015766947448451973
0,0,0.005496725822195865
0,0,3.264998563083897e-05
0,0,7.94372106136334e-05
0,0,0.046551895998080996
0,0,0.020319228159589448
0,0,0.00010111952415122189
0,0,2.3243650987614012e-05
0,0,0.001142663162723293
0,0,0.004924906091816799
0,0,3.918060035023178e-05
0,0,0.2467375533530753
0,0,0.0004903175684881054
0,0,3.567323030487107e-05
0,0,0.05858484686486189
0,0,0.0013903068071696514
0,0,0.006115580734006568
0,0,1.9295982822895534e-05
0,0,0.1379570819995695
0,0,0.08184503964533472
0,0,0.001016150851208824
0,0,0.0003844344068251487
1,1,0.9980764807025163
0,0,0.00012373764035775398
0,0,7.957846015654743e-05
0,0,0.00036164642763460457
0,0,0.00023773809461468445
0,0,0.22931750025342126
0,0,0.0005962825271565972
0,0,0.0008648616157044005
0,0,0.05937388421056825
0,0,0.0010106520305244737
0,0,0.00055124564367472
0,0,1.9516624416528637e-06
0,0,0.00017443775470624972
0,0,6.438344622439082e-05
0,0,0.0006817886356459633
0,0,0.003991271328768197
0,0,0.0004583540477488123
0,0,0.00036280726199752566
0,0,0.00021743932600654128
0,0,2.744438611896896e-05
0,0,0.0008548975160910318
0,0,0.0019234353242043565
0,0,0.00015321945615495746
1,1,0.9987365543865098
1,0,0.26644856706228165
0,0,0.00044412141801576974
0,0,0.0008036211848923571
0,0,0.00028604622965623346
0,0,0.21527294039521894
0,0,0.03305827130337127
0,0,0.015398012446832029
0,0,0.3236053896567835
0,0,0.000746329864725069
0,0,0.0008607493338928862
0,0,5.033605450154239e-05
0,0,0.00019265186564536703
0,0,0.0007440960772418377
0,0,0.00027035751418890384
0,0,0.00043188459681459503
1,0,0.09800817145853327
0,0,0.39271343402006376
0,0,0.05286112178444467
0,0,0.0008275821778771025
0,0,0.003148295795700912
0,0,0.00036585599635997765
0,0,0.00018597162977013914
0,0,2.4496406685607998e-05
0,0,0.00019820710947402934
0,0,3.410390303871448e-05
0,0,6.1662608421411764e-06
0,0,4.369981571342362e-05
0,0,0.00029446096253852715
0,0,0.00015480065127562826
0,0,8.717949549603477e-05
0,0,0.0013594805567058268
0,0,0.021471233018601266
0,0,0.000295322330477223
0,0,0.2235139571156382
0,0,1.55220779345233e-05
0,0,0.014632302034565873
0,0,0.18603066479473784
1,1,0.9988903234209557
0,0,0.16154512855269854
0,0,0.1410375443625792
0,0,5.966503423871954e-05
0,0,0.0006203081508735111
0,0,5.297506143372273e-05
0,0,0.00012989785955704752
0,0,0.0765808121488007
1,1,0.9983903211765508
0,0,1.3572627847565086e-05
0,0,0.0006759818178235766
1,1,0.9999771355587604
0,0,8.474338232160733e-06
1,1,0.9996286207272578
0,0,0.00014949988728134826
0,0,2.9014439396864868e-05
0,0,0.010894106752470916
0,0,6.11152827847166e-05
0,0,0.0006078293015337468
0,0,0.4166396614422308
1,0,0.0851344539904945
0,0,0.06491825952721
0,0,0.000159028814544335
0,0,0.0015242587426379972
0,0,0.00044800945988091235
0,0,0.16913456273133629
0,0,0.0005207600218082979
0,0,0.0005884614048542544
0,0,1.8996944534046062e-05
0,0,0.0002807500108284184
0,0,5.8588928520491305e-05
0,0,0.0005059829055998204
0,0,9.667051243422364e-05
0,0,6.1662608421411764e-06
0,0,0.000166694972496345
0,0,6.837704738207727e-06
0,0,8.683157550917708e-05
0,0,0.0008713226241008316
0,0,0.00019342245828083183
0,0,0.0002904238470106744
0,0,4.2210770398410583e-05
0,0,0.007942668972082213
0,0,0.12943574620457646
0,0,0.04834083808237015
0,0,0.06382709205585538
0,0,6.180765961223031e-05
1,1,0.9967644307569858
0,0,0.0003790474972573336
0,0,2.145467806023083e-05
0,0,3.5086887607320274e-05
0,0,3.0955035362223686e-05
0,0,0.0001513807876673228
0,0,0.00025742628133932423
0,0,1.3349449109338569e-05
0,0,9.382191256037104e-06
0,0,4.31871124541917e-05
0,0,0.00098472708297631
0,0,0.14429586574072462
0,0,0.029495143007330138
0,0,0.008038643151167523
0,0,0.09570392579097413
0,0,0.016349485724979726
0,0,3.840246992112471e-05
0,0,0.0001737522059465421
0,0,0.00015595033442717245
0,0,0.0004361721068310084
0,0,0.006629431067693045
0,0,0.0001824142181962044
0,0,0.00010560767293514032
0,0,0.030629596961738326
0,0,0.00027548496149699925
1,1,0.9964392751518766
0,0,0.0036357968447296276
0,0,0.00032660463336116406
0,0,0.0005475733875109656
0,0,0.00018363362744025188
0,0,0.0005295201525348116
0,0,0.0773193884747829
0,0,3.438013202291239e-05
0,0,0.0018419893109599802
0,0,0.0002376351081605549
0,0,5.679431643064242e-05
0,0,0.16964757582137419
0,0,0.00019112137524477242
0,0,0.0893570632830792
0,0,0.00010998541213497217
0,0,0.00013851718678501478
0,0,4.818566784566966e-05
0,0,0.0007714430936292823
0,0,1.2448096009005745e-05
0,0,0.0700785646646525
0,0,0.0003688951896691329
0,0,0.00020845607965711162
0,0,0.00011344633931862196
0,0,0.04439624316429278
0,0,0.00021115559131118947
0,0,0.0018332434868998163
0,0,0.0004011096864572823
0,0,0.15799571505369703
0,0,0.031633516354396325
0,0,0.00033848812650604616
0,0,0.0002291579115137657
0,0,8.474805909595305e-06
0,0,1.7160976435593621e-06
0,0,8.53503734152244e-05
0,0,0.17747831703047603
1,1,0.9977013167465068
0,0,0.00012662997329716314
0,0,0.028506336174342617
0,0,1.6964865910205327e-05
0,0,0.009941397094727848
0,0,0.005900130443770891
0,0,0.0002985275523336053
0,0,0.072498656739574
0,0,2.208790873728874e-05
0,0,0.0007515077682304925
0,0,0.0004264356941350663
0,0,0.000293380224697525
0,0,0.0002643656301571669
0,0,0.013230355443971994
0,0,0.08575001147500039
0,0,3.5696691762174566e-05
1,1,0.999545723011042
0,0,0.00506751221968897
0,0,6.235378548014984e-05
0,0,0.18277893010531437
0,0,0.00011874933938704799
0,0,0.24167283540055381
0,0,8.683852230462137e-05
0,0,2.094807353633985e-05
0,0,1.6831287403428634e-05
0,0,0.001870052428475527
0,0,0.0004495624773763451
0,0,0.071784958562444
0,0,0.00022667129316928403
0,0,0.03462932481397843
0,0,0.00029403534290037216
0,0,0.00013741856883207714
0,0,0.029152088751446165
0,0,0.00018919327860446723
0,0,0.00046533145010901406
0,0,0.011152436122146446
0,0,0.0035646192542014453
0,0,0.14605080500232737
0,0,0.2731863161393575
1,1,0.9994810023619979
0,0,0.0001896310724510165
0,0,0.23681918949675015
0,0,0.12001281669328005
0,0,2.7990818387233688e-05
0,0,0.0019097060351195244
0,0,0.10608546863175095
0,0,3.590048184628387e-05
0,0,0.0004484582233872093
1,0,0.04962639814955656
0,0,0.00015241027273251456
1,1,0.998171293988666
0,0,4.730564973892391e-06
0,0,0.00037172586835740654
0,0,2.912613646256398e-05
0,0,4.151520696102889e-05
0,0,0.0001457714562944016
1,0,0.12996873144610394
0,0,0.00019620217425763542
0,0,0.003295693125401483
1,0,0.48571470434668074
0,0,0.0001104840860972657
0,0,6.965575616988997e-05
0,0,0.00015155795432157684
0,0,0.022020871981342276
0,0,0.029053213705550245
0,0,0.0005729481522265204
0,0,3.7889591032514253e-05
0,0,0.027612880259527458
0,0,0.00019719196374470908
0,0,0.00012083671492664735
0,0,0.032551903929339716
1,1,0.998809009448005
1,0,0.032990832519607174
0,0,0.00035622253934947893
0,0,0.00011683184433209067
0,0,0.11973726869812079
0,0,0.012298049579170824
1,1,0.9984980555482345
0,0,0.0635686708960558
1,1,0.999488220194025
0,0,0.0010136258634172487
0,0,0.002245961983088461
0,0,2.2751047040032036e-05
0,0,0.042422038040173485
0,0,0.0001568392566968389
0,0,0.004052752816723218
0,0,0.00040739219236339433
0,0,0.00022837739435306644
0,0,0.0007914232698437068
0,0,1.1368029542078746e-05
0,0,1.0101209185494415e-05
0,0,0.00016469883085526354
0,0,0.00017951900363816437
0,0,0.00026824944434807664
0,0,0.024709136709163367
0,0,0.0001703482323384907
0,0,6.78869682988928e-05
0,0,0.00029057771006106586
0,0,0.15803851598300972
0,0,0.0002972626732360651
0,0,0.1695559454874831
0,0,0.00011908725377491937
0,0,0.042167000061862144
0,0,0.00037305557027973556
0,0,0.10103299694631468
0,0,0.00012111393721456249
0,0,2.6702641900108177e-05
0,0,0.0005343872704631602
0,0,0.16839003219591858
0,0,0.00019191174321215663
0,0,3.578522513761346e-05
0,0,5.743104121171914e-05
0,0,0.007933956776016566
0,0,0.14212504329652384
0,0,0.00018136920084819188
0,0,0.00307759577725255
0,0,4.931470010399501e-05
0,0,1.8751101990200926e-05
0,0,0.023127490002100157
0,0,0.023011676862548586
0,0,0.10507257515027582
0,0,4.340358149297395e-05
0,0,0.07043114732918353
0,0,0.00013574098523073274
0,0,0.00010290178488450072
0,0,0.0003681208296582656
0,0,0.0006271625210897485
1,1,0.9999366564193491
0,0,0.00033365751389965596
0,0,0.03036736892646625
0,0,0.05422841505549515
0,0,0.09156760371582191
0,0,0.10781889297474462
0,0,0.04302785340906381
0,0,0.00026110053383468035
0,0,0.0002951124775163096
0,0,7.325352721164925e-06
0,0,0.0003315982991969321
0,0,0.10577440576166863
0,0,0.019170963668873563
0,0,0.10348493000687223
0,0,3.869108714083794e-05
0,0,0.0012285939650340605
0,0,0.0005717982527863089
0,0,0.00023989613393924072
0,0,0.0460494437372344
0,0,0.009228531492382067
0,0,0.01720412538780888
0,0,8.924355695833729e-05
0,0,1.7899710495284896e-05
0,0,0.09388056411624103
0,0,0.0060234886529455045
1,1,0.9999595366225249
0,0,0.000249752030924812
0,0,0.20986907524915072
0,0,0.0001443597504549819
0,0,2.5094163634975196e-05
0,0,0.0004442550256125933
1,1,0.8175325471401886
0,0,1.9664595796284325e-05
0,0,0.0039196766647844215
0,0,4.2800260650409666e-05
0,0,0.07188301815428051
0,0,1.445883841696012e-05
0,0,0.1368676461777552
0,0,6.490853533778431e-06
0,0,0.06940921374550468
0,0,0.0003916495900189628
0,0,1.7086404029682742e-05
0,0,0.21104698074076375
0,0,1.6378047491008276e-05
0,0,0.0003647829954963977
0,0,0.002617675680246437
0,0,3.724548525388945e-05
0,0,1.0177135284709639e-05
0,0,0.00012975260572340304
0,0,0.0012865213634737146
0,0,5.172887940940083e-05
0,0,0.00010381298524238303
0,0,0.0038298083004368547
0,0,0.03975443719786179
0,0,0.09068685256075529
0,0,1.1126521617146659e-05
0,0,0.45214494871029814
0,0,4.104130263222683e-05
1,0,0.07995022944155229
0,0,0.001792059545340855
0,0,2.416984383043075e-05
0,0,0.0006177791760902026
0,0,0.13213500654979182
0,0,0.10016240714676651
0,0,0.00011278765246370812
0,0,0.00683854015952488
0,0,0.00010243935684713581
0,0,2.0131464311927503e-05
0,0,0.00032827634617918364
0,0,0.0008682476951297595
0,0,0.0003070492322204225
0,0,0.053713162061106184
0,0,0.00028918073605039966
0,0,0.11085564941179889
0,0,3.588543076378122e-05
0,0,0.002141724278241834
0,0,1.8444689097202377e-05
0,0,0.00041947771717177116
0,0,0.03562614640339736
0,0,0.0039430467024646615
0,0,3.9088481538119853e-05
0,0,0.022544427627879348
0,0,0.0010228388248458248
0,0,0.00032014428389202964
0,0,0.00021017209386941152
0,0,0.00033477666148652024
0,0,0.00013296424032457554
0,0,0.0003163927101686021
0,0,0.024996095018146425
0,0,0.011058109260558807
0,0,0.002155515816275891
0,0,0.0005259257695359095
0,0,6.261757339128611e-05
0,0,0.0002584798406733746
0,0,0.005375689375566343
0,0,0.00013300359465426246
0,0,0.0003266539568413056
0,0,2.3056389319449465e-05
0,0,0.0009862009860962344
0,0,0.2638897743324002
0,0,0.00042339462299370166
0,0,0.0005579183186389104
0,0,0.00031214672047225056
0,0,3.8209688854525396e-05
0,0,7.285993857991596e-05
0,0,5.705108919033574e-06
1,1,0.9997108422034305
0,0,0.019604860971525792
0,0,0.0004807216191775591
0,0,0.001383277886521911
0,0,9.848182157240801e-05
0,0,0.0010450293586543552
0,0,0.00040517104720406543
0,1,0.8137657524117384
0,0,6.7359838496537186e-06
0,0,0.018324312372353064
0,0,0.033554611462740094
0,0,0.013817989546022666
0,0,0.0001424083579485358
0,0,4.0452908514390636e-05
0,0,9.238401638812769e-05
0,0,3.489631451097873e-05
0,0,8.0937034865765e-06
1,1,0.9999913115448517
0,0,1.3620919020850003e-05
0,0,0.10452070803103414
0,0,2.1409332152586605e-05
0,0,0.053053908862837694
0,0,0.05938294631827032
0,0,2.2985279059255668e-05
0,0,4.9203660566895965e-05
0,0,5.851735683283009e-05
0,0,0.0003332438552143979
0,0,1.531861588192413e-05
0,0,0.0010608874537680012
0,0,7.609868298098289e-05
0,0,0.0006955622445531034
0,0,0.001771943501191826
0,0,3.08061940486525e-05
0,0,0.0002597894506065464
0,0,0.012733137406254216
0,0,0.0005460365172038907
0,0,0.04695736161862488
0,0,0.00592980757674066
0,0,8.813769183316167e-05
0,0,0.01291382186893206
0,0,0.02373630992023435
0,0,0.000215659798287183
0,0,0.000649321609824415
0,0,0.013613206876782042
0,0,0.007782011241768687
0,0,0.00021238929615272024
0,0,0.15952522535091593
0,0,0.02053798284715742
0,0,0.0002819756607063905
0,0,0.02818575131734269
0,0,5.125065751134574e-05
0,0,0.12148464157663358
0,0,0.34119361575826773
0,0,0.0005744438384522916
0,0,0.0003186746779334113
0,0,0.18346645966848651
1,0,0.18590202414279772
0,0,0.07253641164567472
0,0,0.007017421957247771
0,0,1.9472981976688304e-05
0,0,0.00016592950995904753
0,0,0.0002176326138112722
0,0,0.1896510507752793
0,0,3.0046178486433312e-05
0,0,0.09229312243533695
0,0,0.00018785566318055307
0,0,0.01013431457095405
0,0,0.025112033704857983
0,0,2.724073544935555e-05
0,0,0.000741467774922458
0,0,0.0003587968774583289
1,0,0.0009514863678997856
1,0,0.07459636336321841
0,0,9.645070893970071e-05
0,0,0.0004764756266749852
0,0,7.154623047581914e-05
0,0,6.73057255762645e-05
0,0,0.00128934595490604
0,0,0.024272465864016463
0,0,0.0940094587215465
0,0,0.0002020078779368006
0,0,0.0005362686333332565
1,1,0.9981370096351562
1,1,0.9964716476814585
1,1,0.9988254923575568
0,0,0.3414891511023336
0,0,0.008953381113743716
0,0,2.319293135250401e-05
0,0,0.015203394393223614
0,0,0.032304869486951174
0,0,2.2854554880751354e-05
0,0,6.36027509260763e-05
0,0,0.00022798964179500365
0,0,0.00014022091290128474
0,0,0.00039518885965840136
0,0,0.0002482982392733892
0,0,5.305967060564312e-05
0,0,0.08534119291678366
0,0,4.9203660566895965e-05
0,0,0.0054080220040109836
0,0,0.00018236251265954588
0,0,0.0058930538768741615
0,0,0.00023435588843475328
0,0,4.321990361595707e-06
0,0,2.9648670020930365e-05
1,0,0.27815644985926835
0,0,0.027234857746077836
0,0,0.1054695805237728
0,0,0.00018849130579107776
0,0,0.01623970044295607
0,0,8.503239735727296e-05
0,0,0.36935112975493367
0,0,0.17654861986313258
0,0,0.002128206680680953
0,0,0.07371075977258018
0,0,3.067442262106414e-05
0,0,0.0004044616631374939
0,0,0.00036392187956350494
0,0,0.01824561779094017
0,0,0.01728173998288983
0,0,0.15432017048669341
0,0,0.0020679673403296004
0,0,0.004481497838944941
1,1,0.9992145485259275
0,0,0.00012722339327933183
0,0,0.010703541999286123
0,0,0.00037168193022583365
0,0,0.0004397398998515881
0,0,0.0005178229936442806
0,0,0.061990564658622696
0,0,0.003152115843760004
0,0,5.516057070311596e-05
1,0,0.0128999210428658
0,0,0.0008443897936819075
0,0,0.09449121542301331
0,0,0.0002297220832094986
0,0,0.0005492059043991309
0,0,1.0131971531291128e-05
0,0,0.00014126578636631517
0,0,0.00013128725980376304
0,0,0.01783161692388339
0,0,0.0007619299517128569
0,0,0.0004313629625153311
0,0,0.10285562006656133
0,0,0.00014548322290631026
0,0,0.006004293654096579
0,0,5.011713403013044e-05
0,0,3.057518281749544e-05
0,0,0.00030192288018510366
0,0,0.029227299580013136
0,0,0.00010118690006785098
0,0,0.4749327838075957
0,0,0.0029169001379343506
0,0,0.2543650474437483
0,0,0.00040979891481677497
0,0,0.00040625944685806635
0,0,7.115312486714228e-06
0,0,0.00026905553784820584
0,0,0.0005464436948453955
0,0,0.00011577426678439538
0,0,0.007455113653368252
0,0,0.015618580395094245
0,0,0.27096646978649763
0,0,0.0001547683864917501
0,0,7.840666286476176e-05
0,0,0.0009807728337462615
0,1,0.5331509206331739
0,0,0.000736001692163786
0,0,0.006492086228428955
0,0,0.0005934449640899149
0,0,0.0002951077637581823
0,0,0.2027069932001752
0,0,0.00022714671338272383
0,0,0.00028435310185829116
0,0,0.0010332644582930427
0,0,0.0002249553191327914
0,0,0.05077199894346823
0,0,4.5604619902983484e-05
0,0,0.12602146237952913
0,0,0.030256523338101856
0,0,0.0444447468035319
0,0,0.0002630515390991213
0,0,3.1949644533568466e-05
0,0,0.00027806383315982677
0,0,0.00020044817067884252
0,0,6.837704738207727e-06
0,0,0.04821687549506979
0,0,0.00037913218487336896
0,0,0.015781154433994606
0,0,0.00026748589453179296
0,0,0.0001407030805665131
0,0,2.779237460420973e-05
0,0,0.00048552226552137513
0,0,0.19622032138672327
0,0,7.587669146786143e-05
0,0,0.007504800278489778
0,0,0.0006388568134215322
0,0,0.004526581969995106
0,0,0.3537614859420492
0,0,8.570379641186788e-06
0,0,0.00022696904268716718
0,0,0.012159424492447215
0,0,0.0040393521957199415
0,0,0.000472627781243266
0,0,0.0025906569537609216
0,0,0.00037680821033245454
0,0,0.0002112126824195037
0,0,0.00036149476420675806
0,0,0.059059299646356825
0,0,2.9450424919566267e-05
0,0,0.000548360435268849
0,0,0.20907991096468828
0,0,8.917597201409118e-06
0,0,0.06355600169169281
0,0,0.0005498450752486181
0,0,0.05900890784242345
0,0,0.00034891504027417493
0,0,1.6784291988461422e-05
0,0,0.0001947225601710232
1,1,0.9991340914745782
0,0,0.00010078784220994856
0,0,0.00019020997555935416
0,0,0.08786133920263181
0,0,0.10621319697053894
0,0,1.8120807116287924e-05
0,0,0.13895021350920173
0,0,0.10081502765624097
0,0,6.539681654263031e-05
0,0,0.00011384450077256757
0,0,0.01574429697313692
0,0,0.0001916995118038477
0,0,7.777305745172441e-05
0,0,0.005563528522527729
0,0,0.04699144765144708
1,0,0.41847378319046674
0,0,0.00024063487859955806
1,1,0.9993690364654233
0,0,0.0001688728476986444
0,0,0.001860595781174548
0,0,0.3265175782724054
1,1,0.9999353569185941
0,0,1.1996547130399373e-05
0,0,2.404717267676803e-05
0,0,0.00018790635435784485
0,0,0.09981102897246188
0,0,0.0004431873441767994
0,0,0.00046090683271392453
0,0,1.1244194182710223e-05
0,0,0.0007053473882014275
0,0,2.1125050924803e-05
0,0,0.00017673393552669113
0,0,0.00028595500520861957
0,0,0.0012872445740197387
0,0,0.04660183641124455
0,0,9.184441932298775e-05
0,0,0.19502077451503697
0,0,6.979480580579583e-05
0,0,3.605239029264855e-05
0,0,0.0694365490574336
0,0,7.280373172219012e-05
0,0,0.11837023643019781
1,1,0.9999815957485222
0,0,0.0020500792162954956
0,0,0.12170544582635828
0,0,0.00028745706933185224
0,0,0.09067209003812951
0,0,0.00040467913837302286
0,0,0.007730473932350341
0,0,0.00014301856442660018
0,0,0.0008877892136011713
0,0,0.008064952831820033
0,0,0.002161388826987962
1,0,0.25101012053847366
0,0,0.004805853056301105
1,1,0.9988562641540303
0,0,0.0002757708980362843
0,0,5.3415143894606336e-05
1,1,0.9972432755494249
0,0,0.022151506849068255
1,1,0.9988053438178529
0,0,0.06885980501242817
0,0,0.025411085055891694
0,0,4.4744903925110554e-05
0,0,0.01885852605084196
0,0,0.030683383271984836
1,1,0.9980166850829013
1,1,0.9999651705399976
0,0,0.00019460714541525025
0,0,0.002340002624942671
1,1,0.9984213094322002
0,0,0.0042804927317547925
0,0,0.1700887232918614
0,0,0.031025001850155966
0,0,0.000245201409988208
0,0,5.592159864276255e-05
0,0,0.0005812871712660396
0,0,0.026847236575908807
0,0,6.470231158053618e-05
0,0,0.0165259119276247
0,0,3.1752394455760316e-05
0,0,0.0006752996092027909
0,0,0.0005065790416735382
0,0,4.345075383908795e-05
0,0,0.06282913711049086
0,0,0.000549278422810232
0,0,0.003383299153053839
0,0,0.0004011096864572823
0,0,0.00042664263735841987
0,0,0.000193942539524112
0,0,0.006694382123643594
0,0,9.45117695140887e-06
0,0,0.00024871056593516876
0,0,5.106156755811693e-06
0,0,0.0009303182989568444
0,0,0.19299051779693896
0,0,0.02991861272739776
0,0,0.0010044888207491275
0,0,4.150992372666023e-05
0,0,0.00358502863235271
0,0,0.06494509409109452
0,0,0.0074822150109508725
0,0,0.00029171543579900854
0,0,7.285993857991596e-05
0,0,0.01458605458937912
0,0,0.0023911639199795994
1,1,0.9991716211300994
0,0,2.4877917963639258e-05
0,0,0.0003482322631235249
0,0,5.8325689491583695e-06
0,0,4.978123090735347e-06
0,0,9.229557297979815e-05
0,0,0.00037726803379829006
0,0,0.00031657615725578175
0,0,1.6647985733057125e-05
0,0,0.0004739333221966079
0,0,0.0001722955652101942
0,0,4.306387209785954e-05
0,0,0.00024472823132580366
0,0,0.00010538382525158837
1,0,0.0444215319869063
0,0,0.004611583548840489
0,0,0.0011542233591953063
0,0,1.7996328516215708e-05
0,0,1.3223217700938206e-05
0,0,0.0018532458796579913
0,0,0.00023591330074171807
0,0,6.692511814761481e-06
1,1,0.9999234981455575
0,0,0.05887807521730357
1,1,0.9994182182258362
0,0,0.00024287826231277402
0,0,0.00010670991884818375
0,0,0.0018784662799304949
0,0,0.0006959987365611207
0,0,3.71315375219763e-05
0,0,0.042458200436120294
0,0,0.00242429955044534
0,0,6.734376431986945e-05
0,0,4.086990176605147e-05
0,0,3.911114684736105e-05
0,0,0.0005290122968783405
0,0,0.0004326855741656086
0,0,6.650652001348723e-05
0,0,0.0361099199579236
0,0,0.0007275366176102214
0,0,0.07480077508958478
0,0,0.0006152487508850472
0,0,4.212864724651049e-05
0,0,0.0007255073464628422
1,1,0.9994104058517617
0,0,0.011978465201563366
0,0,0.00012961532169626682
0,0,0.0024431524242912016
0,0,0.2027167861002937
0,0,0.00017702218916459988
0,0,0.19856701856570294
0,0,0.00024464192894206816
0,0,4.865146554420456e-06
0,0,0.0023823786301227358
0,0,0.0772743945785645
0,0,0.0012517853917611602
0,0,0.0004760191190799916
1,1,0.9951281152590137
0,0,0.0067957341623256185
0,0,0.000122691139253651
0,0,0.46832222596858547
0,0,0.0002897563170002157
0,0,0.0008342212257840321
1,1,0.9991226535458136
0,0,0.00036058633628272674
0,0,0.1148673190321568
0,0,0.00025370727390960663
0,0,4.3753963858744215e-05
0,0,0.4969235689486333
1,1,0.567874059146222
0,0,0.00014941305480244767
0,0,4.9693878715985465e-06
0,0,0.004128197788366583
0,0,0.1697349442546674
0,0,6.397145346387793e-05
0,0,0.044579319531867334
0,0,0.004956195699033423
0,0,0.020002682320341712
0,0,1.2763943369843424e-05
0,0,0.02678839257401874
0,0,3.100271402526906e-06
0,0,0.11557208480506291
1,0,0.22238506545928935
0,0,0.23943755233124095
1,1,0.9998417082225088
1,0,0.06315605384744781
0,0,6.867724622014519e-05
0,0,4.0020212375827915e-05
0,0,8.813769183316167e-05
0,0,0.0002390729235498324
0,0,1.4669497721049108e-05
0,0,0.18713983418390795
0,0,0.0014558953970115487
0,0,0.006106465958484263
0,0,0.00030311195431815706
0,0,0.09665345320488287
0,0,0.04179592404724312
1,1,0.9988066583970169
0,0,0.00010312831563148597
0,0,0.0064239707650930065
0,0,9.514849732867707e-06
0,0,3.8536794597386795e-05
0,0,4.554872899649097e-06
0,0,0.00011850280586857017
0,0,0.0001742877539277558
0,0,0.001378820572842939
0,0,0.08767179627404885
1,1,0.9987395015934801
1,1,0.9999639289168659
1,0,0.23575182742751227
0,0,0.0004370272573868006
1,1,0.9986632688981626
0,0,0.00010426012375868624
0,0,0.1473259377913657
0,0,0.026863640855504665
0,0,9.040340675687862e-06
0,0,0.16143306218388073
0,0,0.00014919553435449465
0,0,0.0002116630817104916
0,0,0.00027829274953518806
0,0,0.031142801637121565
0,0,0.019979605974640127
0,0,0.00016860020013908695
0,0,1.8956769101851432e-05
0,0,0.0004703518687773838
0,0,0.00011266703690413457
0,0,0.20551533300499297
0,0,0.0002850778456676087
1,1,0.9982979985869355
0,0,0.4191720139052312
0,0,0.0006022108996525463
0,0,0.005181052971679133
0,0,0.13921993349748293
0,0,0.00015988233782117495
0,0,0.0003019830253207825
0,0,0.0005638804711928692
0,0,0.0003686926795150395
1,1,0.9999414829102747
1,1,0.9970232653135501
0,0,0.005169173787020297
0,0,0.0014938062026725084
0,0,0.09788183336496784
0,0,0.011507874520595903
0,0,0.13047194785601426
0,0,7.201645218933422e-05
0,0,0.00037261770873297525
0,0,0.0006006812695224131
0,0,0.0017496787771938919
0,0,2.0826359567505213e-05
0,0,2.3209169777449553e-05
0,0,0.008070151806687877
0,0,0.0001428016336973956
1,1,0.9968903883641681
0,0,0.0029425255083472116
0,0,0.016574501336542126
0,0,0.003246120296466121
0,0,0.0022708801842745542
0,0,0.07715562570229655
0,0,0.00019225588901619452
0,0,0.08070084568795767
0,0,0.0005178993650785987
0,0,1.969925509888369e-05
0,0,0.012494725333988543
0,0,0.00034311163788399785
0,0,3.8556281728121824e-05
0,0,0.00040575960335621975
0,0,0.0001572127453078106
0,0,3.230363808678669e-05
1,1,0.9983116320400913
0,0,3.9105464667018925e-05
1,1,0.9954654664417263
0,0,0.0001482518778436833
0,0,9.773519002205251e-05
0,0,0.001414717275995917
1,0,0.2758482049844272
0,0,0.00021709829025572512
1,1,0.9970135425955675
0,0,3.134265968726892e-05
0,0,2.310462126311004e-05
0,0,2.30325811815798e-05
0,0,0.0003232144009942704
0,0,0.28193447602647914
0,0,0.019221576900440542
0,0,0.0004531648586627012
0,0,0.0002860300281404639
0,0,0.0335617819565007
0,0,0.00027777964435559977
0,0,3.824096433566423e-05
0,0,0.00015138672711525024
0,0,1.0832268871096581e-05
1,0,0.08874263310058911
0,0,0.001066683713008213
0,0,0.03257247191924665
0,0,0.000103775178932457
0,0,0.0003951030344763611
0,0,0.0001785052961511343
0,0,6.1662608421411764e-06
0,0,0.00037820151615296964
0,0,0.000166666743767072
0,0,8.308876903717534e-06
0,0,0.00025701814729668377
0,0,3.970421135879417e-05
0,0,0.011008781274607924
0,0,3.8361406276979535e-05
1,1,0.5361159925274608
0,0,0.0007125208905259091
0,0,0.00022299624661095837
0,0,5.94234595312205e-06
0,0,0.0003056007687868595
0,0,0.00014203751624305866
0,0,0.47354791179306205
0,0,0.08612272856853609
1,1,0.9999494736556107
0,0,0.0006953267711236103
0,0,6.837704738207727e-06
0,0,1.840315736420208e-05
1,1,0.9970725134405868
0,0,0.0004991857815168228
0,0,0.001092339192135204
0,0,1.690179842597822e-05
0,0,7.001204756182038e-06
0,0,0.11464927117173174
0,0,0.003641335552093541
0,0,3.27055622869233e-05
0,0,5.822057557885937e-05
0,0,0.23382940654289522
0,0,9.27253506265222e-05
0,0,0.00013549886814478976
0,0,0.15947600201077602
0,0,0.0002679368365946328
0,0,0.000581405345868801
0,0,6.345938766546127e-05
1,1,0.9983486447652281
0,0,0.00941827901932741
0,0,0.013444202277909956
0,0,0.00020119639688825913
0,0,0.00035529379025177457
0,0,7.713609988236826e-06
0,0,0.00013755947060319174
1,0,0.05963877922450252
0,0,0.000563378547836698
1,1,0.9999900563394419
1,1,0.9963923959534083
0,0,0.0016550879081834188
0,0,0.002265371526625285
0,0,0.00015600468888351984
0,0,0.0025032140647159103
0,0,0.0005728547881494627
0,0,0.00011363023501374994
0,0,0.0001036503953620448
1,1,0.9999303864863054
0,0,0.00018484953869144153
0,0,0.0001324439776110288
0,0,0.00012945602202252393
0,0,0.0014036497208286679
0,0,0.000311750854607879
0,0,0.2595869924020251
0,0,0.04140212360288718
0,0,0.00030727423545936567
0,0,0.010182750231511288
0,0,1.532182835607839e-05
0,0,0.0033347021421141405
0,0,0.0015209956424648602
0,0,0.00828293399684235
0,0,0.00033210690398914557
0,0,0.00018086769223548134
0,0,0.00035296187254224695
0,0,2.7773090625870696e-05
0,0,9.656463496089705e-05
0,0,0.012119656590057978
0,0,0.017538115795048687
0,0,0.12989436109811092
0,0,0.0005406573434655949
0,0,0.0008646103189876784
0,0,0.0001736615908339741
1,1,0.9979852998013456
0,0,0.03438276354898903
0,0,0.0007488918083907918
0,0,0.05928363849352631
0,0,3.920033874309936e-05
0,0,8.913822356128788e-06
0,0,0.006324596727143556
0,0,9.965935126118094e-05
0,0,4.587569031969459e-05
0,0,0.15605804791426658
1,0,0.11988704150552756
0,0,0.017399681554504682
0,0,0.017200368025543526
0,0,7.075557751720295e-06
0,0,5.1364245942612973e-05
0,0,0.020072072196964528
0,0,3.107284137318071e-05
0,0,0.0017273262771831325
0,0,3.121971499509719e-05
1,1,0.9999644620357268
0,0,0.00023898238899432644
0,0,0.00019165108224546276
1,0,0.036532835281400555
0,0,0.06896192844989989
0,0,0.00013035111894699924
0,0,0.21141016184928035
0,0,9.676642892508436e-05
0,0,0.00014797416683310543
0,0,0.0001248208378088439
0,0,0.00011981298559334587
1,1,0.9996558119624143
0,0,0.0002538128622513487
0,0,0.00035756982440578676
0,0,8.292273226032998e-06
0,0,0.0052701573993197874
0,0,0.10260375422864
0,0,0.0182916594816241
0,0,6.78982484100388e-05
0,0,0.09670199267270117
0,0,6.666254007135631e-05
0,0,0.0003720505096488446
0,0,0.0034600762382043606
0,0,9.257930606572967e-05
0,0,3.0378459805464086e-06
0,0,0.00013046286432372598
0,0,0.00016993368382707473
0,0,3.505546974820246e-05
0,0,0.00013016484672358827
0,0,4.3753963858744215e-05
0,0,0.0005612115441579962
0,0,0.016014219502635145
0,0,7.939284863216682e-05
0,0,8.217498344398532e-05
0,0,0.025611485779074558
0,0,0.00016837970169766018
0,0,1.8834778272823703e-05
1,1,0.9994195407231722
0,0,0.012318576347516843
0,0,0.0008996290295439704
0,0,0.00020598299616177298
0,0,0.00018038840106459022
0,0,0.015315631051763676
0,0,5.475002761674532e-05
0,0,0.13874816922615374
1,0,0.4616665218965336
0,0,0.00024233710253792617
0,0,0.48207639081080694
0,0,0.00012027562004488628
0,0,0.0001703186539285394
1,1,0.9959077345831201
0,0,7.252604117211149e-05
0,0,0.0015596625115475117
1,1,0.9989681079643609
0,0,0.00037443379569911605
0,0,0.0001615170297938167
0,0,4.0037486413367446e-05
0,0,0.00014635775174323172
0,0,0.0001779279378339315
0,0,0.04544331977697387
1,1,0.9999784141253535
0,0,0.0501868241170984
0,0,8.333943740312262e-05
0,0,8.15600017044844e-05
0,0,0.021095653754338587
0,0,0.1211910751463468
0,0,1.1130133487191673e-05
0,0,0.03199079433009901
1,1,0.9991714040220442
0,0,0.02594000185668851
0,0,0.011947191724777833
0,0,0.005827629305186035
0,0,0.00015467719462600773
0,0,0.022789609229782848
0,0,7.469756329744e-05
0,0,0.393470162828587
0,0,4.0201468777194576e-05
0,0,0.007071467756987262
0,0,0.16077568229849845
0,0,0.00014815621613178481
1,1,0.9990608545148674
1,1,0.9987575148739608
0,0,0.22661461891656523
0,0,0.0006960636159158161
0,0,0.000264848371269411
0,0,2.8239668259253007e-06
0,0,0.005396916894966138
0,0,0.00033275296774709824
0,0,0.0008845707909998016
0,0,6.885385214219462e-05
0,0,0.00044442884825848165
0,0,0.0007317536163185163
0,0,0.00026374072763170033
0,0,3.99682878808433e-05
0,0,6.685222947842985e-06
0,0,0.00074831997830868
0,0,6.522901269215093e-06
0,0,0.08321175181314679
0,0,0.0021445186050749057
0,0,0.026087309045371918
0,0,0.09845228723203554
0,0,0.11497244776380311
0,0,6.685222947842985e-06
0,0,0.025481683645330426
1,0,0.2597675116270133
0,0,0.00016817204222961514
0,0,0.00013035111894699924
0,0,0.00020822292514442056
0,0,0.39724730538469016
0,0,0.006886982202161114
0,0,0.00044639122141689434
1,1,0.9980986360201728
0,0,5.0096995839894206e-05
0,0,0.04138114175827435
0,0,8.954009364228079e-05
0,0,0.00013206414763233847
1,0,0.3705930605169719
0,0,1.7439081859310695e-05
0,0,9.935899347399787e-05
0,0,0.0002977078603323923
0,0,0.048027284145905964
0,0,0.0006875634700370853
0,0,3.387498961310576e-05
0,0,0.0002295371785776163
0,0,0.00019844028815784367
1,0,0.4479754152641558
0,0,0.013854554786914405
1,1,0.9980747544761076
0,0,4.44230735326815e-05
0,0,3.45484110517601e-05
0,0,0.09513473365995133
0,0,3.313494748695975e-05
0,0,0.014607787411362327
0,0,0.0005544159684754183
0,0,1.532182835607839e-05
0,0,5.6085534069981e-05
1,1,0.9999830217179051
0,0,0.0006977634147205298
0,0,4.2066580910381505e-05
0,0,0.0015788863105564137
0,0,0.25336352869298623
0,0,0.00028268530684789374
0,0,0.003977649154279654
0,0,8.853703029101055e-06
1,1,0.999006506929401
0,0,0.0003882292329706721
0,0,0.0004781617777653232
0,0,5.737352700518659e-05
1,0,0.428157734968864
0,0,0.023565523793117927
0,0,0.04371431257096774
0,0,7.747239186726214e-06
0,0,2.622968781044104e-06
1,0,0.051173371470545126
0,0,0.10285449951188677
0,0,1.3349449109338569e-05
0,0,1.055237683658531e-05
0,0,0.023158059532235424
0,0,0.0005336507103956673
0,0,0.00011063903647311603
0,0,0.159808943591094
0,0,0.0012765441221301865
0,0,0.000802828632476921
0,0,3.643864083618347e-05
0,0,0.01563073378165382
0,0,9.190007765186545e-06
0,0,0.00033782647861885744
0,0,0.0001279253910330917
0,0,0.001249424663629485
0,0,8.399244914170618e-06
0,0,4.846528666525239e-06
1,1,0.9999269578378337
0,0,0.00031845110551506856
0,0,0.000405634429660687
0,0,1.008096635034018e-05
0,0,0.005928733998966989
0,0,0.00016943953717358503
0,1,0.5945835743047347
0,0,0.003546084789702933
0,0,0.08575690282679262
0,0,0.0001878165514364264
0,0,0.01184072524317315
0,0,0.0016230276562229885
0,0,0.0001623866283746878
0,0,0.031646127470003976
0,0,0.0002994899495300348
0,0,0.00036516361845382776
0,0,0.0001904713936554743
0,0,5.3297794802824035e-05
0,0,0.00021532741052931903
0,0,1.3756994982772345e-05
0,0,6.0801520732147584e-05
0,0,0.00025045985906643173
0,0,0.00017293701241855678
1,1,0.9967497390701285
0,0,0.00021231124843201066
0,0,3.684965552912587e-05
0,0,0.00993645877894819
0,0,0.09767391298169857
0,0,0.0244437661123084
0,0,0.017624241869608804
0,0,1.5000779466735638e-05
0,0,6.069077799089206e-05
0,0,0.0003137314568188492
1,1,0.9994976101664875
0,0,1.8976997058904894e-05
0,0,8.523025416105408e-06
0,0,0.023992910570824297
0,0,1.0177370565140977e-05
1,0,0.07129691447819327
0,0,0.00036923747016395336
0,0,0.0006329398673396606
0,0,0.0005495134623427194
0,0,9.000359459319689e-05
0,0,0.3009722912912123
0,0,0.00012694173394927098
0,0,0.0036873608592016636
0,0,6.78624720335328e-05
0,0,6.137768523287488e-05
0,0,0.33365809879643105
0,0,5.201149722428276e-05
0,0,3.0737291566013575e-05
1,0,0.3661603643318074
0,0,1.4022750605559225e-05
0,0,0.0005570473376613395
1,0,0.2254684916768699
0,0,0.00011331170698485537
0,0,9.831048471760771e-05
0,0,0.21943922599580123
0,0,0.057034140495138844
0,0,6.388010982724062e-05
0,0,0.2794378205186811
0,0,0.0002596224334842161
0,0,0.00011468713069753776
0,0,0.001098081092432749
0,0,0.007307930127286667
0,0,0.0006179088237890585
1,1,0.9999872504600087
0,0,5.64273634139148e-05
0,0,0.00014016393917376792
0,0,0.0039430467024646615
0,0,0.0004831999940715377
0,0,0.0004388651940583896
0,0,0.00044759979400430184
0,0,0.00032596701315238205
0,0,0.1450253118643479
0,0,0.0009464729428045621
0,0,0.060178254310723184
0,0,0.0002580940370818352
0,0,0.000660994638036832
0,0,0.08982404401201256
0,0,0.03324644715549398
0,0,1.4064953266792693e-05
0,0,3.942865445419621e-05
0,0,9.045340825332929e-05
0,0,0.0010322300003368318
0,0,0.07664036781085601
0,0,0.01431897084217731
0,0,0.0002740098955613047
0,0,0.0016036636909877037
0,0,0.0003964140430185163
0,0,0.00025227644827294406
0,0,0.0006185246727488003
0,0,3.441268265896598e-05
0,0,0.0002775540067013393
0,0,0.0036249393137904725
0,0,4.9540493153463056e-05
0,0,0.0021516149738537538
1,1,0.9983703036019763
0,0,0.008042273532493337
0,0,0.00020876650901770457
0,0,0.1802990218635932
0,0,0.00038955620269255935
0,0,0.00014317782867101237
0,0,0.0002774873485514112
0,0,0.0011338096152114514
0,0,0.00021951884907586822
1,1,0.9999831628599082
0,0,0.00045809672908084004
0,0,4.611710927506614e-05
0,0,0.00012840141157744516
0,0,7.897157550758072e-06
0,0,0.007021985214276846
0,0,0.0006591822169817527
0,0,0.015708838002137872
0,0,0.0001340102194302357
0,0,0.0002851705397291147
0,0,0.002594271698240151
0,0,5.255944934699698e-05
0,0,0.005936918642871798
0,0,1.9393582499375116e-05
1,1,0.9993213172267845
0,0,0.0021253021621798155
0,0,5.6085534069981e-05
0,0,0.08707630142236523
0,0,0.001590345370098748
0,0,0.0036275546617794818
1,0,0.24572599933058667
1,1,0.9984069592525856
0,0,0.0004689467246336823
0,0,0.06915975513590819
0,0,0.00034562784388979793
1,1,0.5661307284073877
0,0,0.0012137461681134745
0,0,0.002365467124995483
0,0,0.003561831258865521
0,0,0.01224576797119364
0,0,0.09965298666815742
0,0,0.06470016473042285
0,0,0.00028313416880912503
0,0,0.000201157591067594
0,0,0.09681594894225815
0,0,3.0737291566013575e-05
1,0,0.3468303765766438
0,0,0.00014160056567472714
0,0,0.0002227324421781497
0,0,0.2102030559667594
0,0,0.00048468826243429396
0,0,0.00058878170671164
0,0,0.0006359326841655715
0,0,0.0006098813521836934
0,0,4.0452908514390636e-05
0,0,6.837704738207727e-06
0,0,0.01503838085366195
0,0,0.023039798875106942
0,0,3.5366786374998565e-05
0,0,0.003414541214851026
0,0,0.00021367798002591874
0,0,3.684369387290065e-05
0,0,3.4152024092969398e-06
0,0,0.05213905011838077
0,0,0.0967201767339103
0,0,0.017925742138294128
0,0,0.00033802213205515966
0,0,0.05230545207371653
1,0,0.35390273252687476
0,0,7.487964107076169e-05
1,1,0.9988891943167995
0,0,1.9468672231676978e-05
0,0,8.106687558885278e-05
0,0,1.9787198528393393e-05
0,0,0.005263419538756637
0,0,0.006867437478430669
0,0,0.21567063743515336
0,0,0.0003717434677799021
0,0,0.000475811515815984
0,0,4.9203660566895965e-05
0,0,0.0005897048001387106
0,0,7.03014721067046e-05
0,0,1.925688834654922e-05
0,0,0.028246810564741286
0,0,0.00011250603907696371
0,0,0.011875936459309962
0,0,0.20989762202504414
0,0,0.0017747791536081644
0,0,0.28169217294340976
0,0,0.08496876030900749
0,0,0.01208725123067734
0,0,1.9269181975465337e-05
0,0,0.004882148600458761
0,0,0.02824883608596577
0,0,0.00014163960135376628
0,0,3.690231057982473e-05
0,0,0.03264403489790077
0,0,0.027962720657032706
0,0,0.3593451209704614
0,0,0.000168534141660918
0,1,0.7319300684832741
0,0,0.00024233420965296274
1,0,0.10218097950508816
0,0,0.004977930909960952
0,0,0.09676398063076147
0,0,0.0001872185543435072
0,0,0.045691708019644006
0,0,3.441268265896598e-05
0,0,0.0009835859181197945
0,0,3.672549869797599e-06
0,0,1.4615188601386986e-05
0,0,0.00020314258021540742
0,0,0.00125875404845308
0,0,2.3391338591221582e-05
0,0,0.0005545993334163478
0,0,0.00048730808272877055
1,1,0.9981826206171335
0,0,4.687281909151048e-05
0,0,0.017291801914799003
0,0,2.8340035863292367e-05
0,0,0.008912974923976273
0,0,1.4709668323358781e-05
0,0,0.008035516145185826
0,0,9.21317725718633e-06
0,0,0.24452261815947013
0,0,0.00025033107087999926
0,0,0.0005348689037710553
0,0,0.00022962745435811053
0,0,0.00019798708704041207
0,0,7.378669433368622e-05
0,0,0.01843247989389911
0,0,0.0006326480681824667
1,1,0.9994325572093712
0,0,0.02530137872687498
0,0,0.22365620639232803
0,0,0.03423975849089568
0,0,0.013570313311236525
0,0,0.003148295795700912
0,0,5.159654162717268e-05
0,0,9.732661168327071e-05
0,0,0.0005056934118761772
0,0,0.00010131628802925858
0,0,0.00026577484298515394
0,0,0.037839175044827054
1,1,0.9964367978895433
0,0,0.00019781147267697573
0,0,0.0009563164528315754
0,0,2.9436385158027712e-05
0,0,2.928380758933324e-05
0,0,0.00022709861799857117
0,0,0.0005446611260499695
0,0,0.00011683184433209067
0,0,0.025055434130726424
0,0,0.00013340982772234167
0,0,0.0005911521042468388
0,0,2.6474385522408313e-05
0,0,0.09450626182674304
0,0,3.321488120618625e-05
0,0,0.00037297443188917604
0,0,0.01837966567565674
0,0,0.00686779276060722
0,0,5.4638421219517024e-05
0,0,0.00022097779344147853
0,0,0.01445544476048148
1,1,0.9999090304985083
1,1,0.9989951270827697
0,0,2.9805630757325013e-05
0,0,0.000947684685465612
1,1,0.9999836650880931
0,0,0.010273989994585838
1,1,0.9997264630762515
0,0,0.00047973968660688416
0,0,2.319207974857867e-05
0,0,0.0363379175370416
0,0,0.0002691644080060119
0,0,0.01285533011458588
0,0,9.466177092621236e-06
0,0,0.00041284513638451236
0,0,1.8993813671733146e-05
0,0,2.1834700388133793e-05
0,0,0.00016011792901375206
0,0,0.0004759367856034533
0,0,0.00019171504377112365
0,0,0.19921992211355857
0,0,0.00022807457596227685
0,0,4.302673365108148e-06
0,0,0.00031535343970787486
0,0,0.16431346814942793
0,0,0.0002504472645756376
0,0,6.837704738207727e-06
0,0,0.011511283185479226
0,0,6.328842612966014e-05
0,0,0.06274190943306508
0,0,0.0016328068007223644
0,0,0.00032785120879076787
0,0,0.200951135759352
0,0,0.0005566244369980359
0,0,0.0001579224001996854
0,0,0.000312361860185597
0,0,0.00028307406179157985
0,0,0.03650109134897405
0,0,0.0007340916617516574
0,0,0.0021552511424983542
0,0,2.1196748346124047e-05
0,0,0.00021114390547999733
0,0,0.13629591170061547
0,0,9.19000223746892e-05
1,0,0.09166119459908033
0,0,0.00017219887733588984
0,0,0.017878727761298993
0,0,0.11392370707451416
0,0,2.919367933171935e-05
0,0,0.005242404275741348
0,0,0.00024207328319246504
0,0,0.000406695954254902
0,0,3.9977808767488257e-05
0,0,0.013430085740537018
0,0,0.023835715076249937
0,0,4.162886637521579e-05
0,0,3.614332852267075e-05
0,0,0.0002266140617623128
0,0,6.837704738207727e-06
0,0,0.0003919445600340085
0,0,0.0014962468315816004
0,0,0.005993142694884003
0,0,2.9211575743316512e-05
0,0,0.0003463883276143571
0,0,3.387266702778727e-05
0,0,0.14124375595966793
0,0,0.19776596901783738
0,0,0.21018602359174912
0,0,1.6985346887254494e-05
0,0,0.09548892260348493
0,0,0.0012901248658006407
0,0,0.004443395702492419
0,0,5.637245073928598e-06
0,0,0.00094064961451903
0,0,0.0008487623661002365
0,0,0.00011834512384440177
0,0,0.004642530124241607
0,0,3.466404030271844e-06
0,0,0.001617872140063894
0,0,0.11114739682380695
0,0,3.776715592936823e-05
0,0,0.030899361848608895
0,0,0.014781995572372655
0,0,0.019780568143041098
0,0,0.00016066457326960229
0,0,0.0003109642844806202
0,0,0.0001600702207318947
0,0,3.5696691762174566e-05
0,0,0.0002802219152351279
0,0,0.00012037220735159268
0,0,0.05203507969833567
0,0,0.00022123717981709654
0,0,0.00022714671338272383
0,0,0.038231073502406565
0,0,0.0001117817763619153
0,0,0.0006431914731300687
0,0,8.605765861399618e-06
0,0,0.08863894829599288
0,0,0.009968588613705719
0,0,0.00024082866104860857
1,0,0.3005608261998585
0,0,0.02088003920926344
0,0,0.15020585556442378
0,0,0.00019801126319381705
0,0,0.00041912177513818037
0,0,0.00046533145010901406
0,0,7.465540493230322e-05
0,0,9.42709057653615e-05
0,0,0.00014568894392164033
0,0,0.00015515627758191204
0,0,0.0005383306479361246
0,0,0.0006724208068591285
0,0,0.000197918273144595
0,0,0.00012706839685010344
0,0,0.07513653519854795
0,0,0.19081208406333225
0,0,0.015281789747646825
0,0,0.004542004194711092
0,0,0.017265148045183958
0,0,0.00037167990041356595
0,0,0.0003192005217885496
0,0,0.002578507795046147
0,0,0.13984702721593298
0,0,0.006835164723876786
0,0,0.25594632999867994
0,0,0.0613772774964219
0,0,0.035073310908702825
0,0,0.008070151806687877
0,0,0.002433958058600108
0,0,2.717113401355196e-05
0,0,8.585522586096656e-05
0,0,0.00020811041988051665
0,0,0.00011905768422357905
0,0,0.000246455744100306
0,0,7.545431857606791e-05
0,0,0.012120851649254683
0,0,0.0007536169554698483
0,0,0.0004891034778389028
0,0,0.03647071302190528
0,0,0.0002507145264451331
0,0,0.00016499263688503167
0,0,0.00023516706818092704
0,0,0.062445861282683895
0,0,0.058053172734576865
0,0,0.00851221659658901
1,0,0.0023583098318666817
0,0,3.911774552550474e-05
0,0,0.0003554916596206313
0,0,0.45574485170670115
0,0,0.016169556725083044
0,0,0.0002719559175451719
0,0,2.950038550647901e-05
0,0,0.09480034121477478
0,0,3.440487752430343e-05
0,0,0.0009269235046433094
1,1,0.9994258803064663
0,0,0.00021301677085276455
0,0,0.001081562715816692
0,0,0.0004831999940715377
0,0,9.278472857252734e-05
0,0,0.0002417296439523519
0,0,2.870174817703012e-05
0,0,6.110072822555625e-05
0,0,0.01895424185094365
0,0,6.397145346387793e-05
0,0,7.285993857991596e-05
0,0,0.019111786318727942
0,0,4.2746276850614306e-05
0,0,0.16717015309715816
0,0,0.06469761918710511
0,0,0.0001675418110999487
0,0,1.9100614246607124e-05
0,0,7.877266761441478e-06
0,0,0.16335671231584548
0,0,0.13830754790870306
0,0,0.006768102505503516
0,0,0.00010968544922290187
0,0,0.00027927119127888167
0,0,0.00022945879538955935
0,0,0.0003043482255358148
0,0,0.00029302653135307677
0,0,0.012831464429690017
0,0,0.1526624667071967
0,0,0.0060803988177278055
0,0,0.002503436824141286
0,0,1.9959387796543365e-05
0,0,0.00044523052646116353
0,0,0.10210825840368835
0,0,0.19662300774934457
0,0,0.00013574098523073274
0,0,0.0001321269797815695
1,1,0.9976659297588372
1,1,0.9972801102084533
0,0,7.729817137691027e-05
0,0,0.011729087007552569
0,0,8.791463448852518e-05
0,0,9.44680096899314e-05
0,0,0.0006530070323015956
0,0,2.8266293478385206e-05
0,0,0.0003387933003647556
0,0,0.00016195815210363006
0,0,0.0003533216048893197
1,0,0.3091211351683911
0,0,0.00017998616815474816
0,0,0.00532159792124235
0,0,0.22694757247156938
0,0,0.09195060642771423
0,1,0.6022248346516126
0,0,3.811008189195468e-06
0,0,0.07995022944155229
0,0,8.813769183316167e-05
0,0,0.009110550931525947
1,1,0.9990276759233959
0,0,0.030928317397183963
1,1,0.9993641060424587
0,0,2.9078079797232883e-05
0,0,3.908408538107448e-05
0,0,5.6305897389758895e-05
1,1,0.9999720797007163
0,0,0.13015847603566902
0,0,0.000524495880410798
0,0,0.00012049623074687219
0,0,0.00018655063159767334
0,0,5.17099268912882e-05
0,0,0.01386674531016418
0,0,0.0002123576006207107
0,0,0.18981402769258937
0,0,0.0005935146827002152
0,0,0.00020430403634761238
0,0,0.0011295740854605522
0,0,3.506094022689524e-05
0,0,3.461108484609775e-06
0,0,0.00020547470087140055
0,0,0.006109618683980063
0,0,0.00011360805490985809
0,0,0.00032192846143828913
0,0,1.2706718501564585e-05
0,0,3.74888007217132e-05
0,0,1.670538312674871e-05
0,0,0.0013927533480726148
0,0,0.0009339172722296271
0,0,0.00035795978919563124
0,0,0.0004996504534150065
0,0,0.0020061268426333967
0,0,0.00021532741052931903
1,1,0.9987040687387421
0,0,4.728068479151637e-05
0,0,0.35681761481642493
0,0,0.04702525411566264
0,0,0.02190009955117728
0,0,0.0015656494781687283
0,0,2.777955493989578e-05
0,0,0.08031525994812294
0,0,0.00047603421770626704
0,0,0.00015762311679914652
0,0,0.00037481316109473005
0,0,0.0490459276656636
0,0,0.09411164907010254
0,0,0.0002869484268413496
0,0,0.00021957243044291148
0,0,6.945039335477177e-06
0,0,0.15507215792323947
0,0,2.495362497568252e-06
0,0,1.9369354947066206e-05
0,0,0.0014166411285815694
0,0,0.18015023010610254
1,0,0.43467606164144684
0,0,0.0014481607152658658
0,0,0.0006912210946892912
0,0,0.00013004041114462558
1,0,0.1406804442602729
1,1,0.9990721781168399
0,0,0.00027522526102716406
0,0,5.06720117636194e-05
0,0,0.0003045606466838261
0,0,4.289473829976614e-05
0,0,0.00012795791111939496
0,0,0.16310594703003636
0,0,8.352321026780259e-05
0,0,0.0001324897828261416
1,1,0.9999708874178377
0,0,0.0003532195201930367
0,0,2.341296350958475e-05
0,0,0.2205206319248007
0,0,0.006850965689106369
0,0,6.837704738207727e-06
0,0,0.0010965095761107941
0,0,0.004489574520165278
0,0,0.004939529914386578
0,0,0.00021887691842671148
0,0,0.0013014172205562085
0,0,0.00032741173107965574
0,0,0.0005619785016371498
0,0,0.0006090109125913405
0,0,9.174151564804388e-06
0,0,0.010293050654932714
0,0,0.0004426351623035675
1,1,0.9981645957018068
0,0,1.9118090199552067e-05
0,0,0.10980661707920479
0,0,0.00036245714539181523
1,1,0.9987181153941396
0,0,0.00027252879317774914
0,0,0.0007222818277815538
1,1,0.9965796098751845
0,0,0.11160719888803151
0,0,4.045653530508494e-05
0,0,2.1295403617390163e-05
0,0,0.008139541198889306
0,0,0.00017478527377485844
0,0,0.00022342315086262336
0,0,8.692801859426184e-05
0,0,0.025665428382928096
0,0,0.00037012856817555836
0,0,1.8706576502227304e-05
0,0,0.00025525764998113803
0,0,0.3199470416521616
0,0,6.956775123450696e-06
0,0,0.03592749397083365
0,0,0.011764293089021612
0,0,0.06871480729133277
0,0,0.002382248397162999
0,0,7.485541996491273e-05
0,0,0.08508764963841131
0,0,0.00019106956396339756
0,0,0.0002785185892978956
0,0,3.5973831223670904e-05
0,0,0.14842852208352214
0,0,5.883872589187816e-05
1,1,0.9985778152682246
0,0,0.00040475604324867925
0,0,0.0010257528903091654
0,0,9.699859393190647e-05
0,0,2.381955747029568e-05
0,0,5.014066190983302e-05
0,0,4.8535501151894054e-05
0,0,5.393458431036203e-05
0,0,0.006717804448040797
0,0,0.00015765207086362501
0,0,1.3798643039086845e-05
0,0,0.1488963295949962
0,0,0.00015385140615189986
1,0,0.32148356024184704
0,0,5.76582010847313e-06
0,0,0.013600739629154302
0,0,0.0004587074407223044
1,1,0.9959113217563051
0,0,1.7007837509534815e-05
1,1,0.9975443434548958
0,0,0.013839906536157767
0,0,0.003872865474599196
0,0,6.724715651313634e-05
0,0,0.0004111286204773346
0,0,0.000229676458776062
0,0,0.0005432404276678439
0,0,0.00897778741254626
0,0,9.064431954517954e-05
0,0,0.0069078387849077685
0,0,0.004274589254556674
0,0,2.3492189477240573e-05
0,0,0.001487601713531894
0,0,0.00043610256834958105
0,0,0.13428967545673862
0,0,0.4401367973437155
0,0,0.05419467497014564
0,0,0.09908892176520404
0,0,0.06818958331291006
0,0,0.022117503009741475
0,0,0.0002907928380915522
0,0,0.00044478406726642376
0,0,1.0753655121143369e-05
0,0,0.01754180345928287
0,0,0.05585564645473528
0,0,0.059395356785764894
0,0,0.04999281471436343
0,0,2.8620608221805156e-05
1,0,0.07359138599665237
0,0,0.012588355871124876
0,0,0.0003787192504830405
0,0,3.230536198656323e-05
0,0,0.00018881330613817782
0,0,0.010204929564489843
0,0,0.0007173691321347735
0,0,0.0003870832204594174
0,0,0.0009780215332596896
0,0,0.04742597845941223
0,0,0.0005512489494752002
0,0,0.000188772939506195
0,0,2.6708358271284855e-05
0,0,7.458639072356259e-05
0,0,0.000161131888326969
0,0,0.00024846916154132916
0,0,0.00018076648203294932
0,0,0.00036497108576727085
0,0,0.0686036660969465
0,0,0.1391008217164612
1,1,0.9982845458281232
0,0,0.000802828632476921
0,0,0.07282866496751844
0,0,0.0007159523297766254
0,0,1.7217689637478388e-05
0,0,1.4200175603733977e-05
0,0,6.11152827847166e-05
0,0,0.0028277967948671357
0,0,8.878795333322112e-05
0,0,2.7139530130734808e-05
0,0,0.03978104342214491
0,0,0.00010314301054286634
0,0,0.13996752210641947
0,0,4.029289042813511e-05
0,0,0.0002022515605603485
0,0,8.0937034865765e-06
1,1,0.9967324798177044
0,0,0.00040503828629679474
0,0,0.005308049166581297
0,0,0.032973645709891954
0,0,0.01178929846883107
0,0,7.166003023651625e-05
0,0,3.0777049195161325e-05
1,0,0.0521956916717994
0,0,0.13379414351676022
0,0,0.021492473621785673
0,0,0.16265079762374685
0,0,0.0002464393328761732
0,0,0.04323335308481227
0,0,0.030928317397183963
0,0,0.019101255614778975
0,0,0.00019022495644464404
0,0,0.007362673530515659
0,1,0.6321639871200927
0,0,0.00016794799724062712
0,0,0.23307220446519325
0,0,8.954009364228079e-05
0,0,0.008775369012641955
0,0,0.01199951247733312
0,0,0.0001777007334941843
0,0,0.00870644484841867
0,0,0.225649951662866
0,0,0.0965418382408408
0,0,4.14086674396816e-05
0,0,0.0024055882437457356
0,0,0.0009674498734673448
0,0,0.043589755776414316
0,0,0.18820781329155714
1,1,0.9985126985991016
0,0,0.03553500488063097
0,0,0.00027831372466597006
1,1,0.9993988472624571
1,1,0.9995262766516603
0,0,0.0149476566158638
0,0,0.014442184460788383
0,0,1.1104995887791911e-05
0,0,4.991206482017921e-06
0,0,9.238401638812769e-05
0,0,0.007679689142680189
0,0,0.0008415483863340779
0,0,0.0003443358769241581
0,0,2.4020259933791492e-05
0,0,0.00028175432243973615
0,0,0.00021061145567518889
0,0,6.29842756656107e-05
0,0,0.1842871865896026
1,0,0.1494475515922312
0,0,0.03164507718335623
0,0,4.153473922290071e-05
0,0,1.8929411086146834e-05
0,0,0.1534302003748789
1,0,0.039989289127219885
0,0,0.0003744228995148529
0,0,0.08036380695022236
1,1,0.8188185609527427
0,0,0.14829448434799955
0,0,5.679431643064242e-05
0,0,3.745570234079643e-06
0,0,0.0002562898645990842
0,0,0.019850456622240175
0,0,6.186240172057288e-06
0,0,0.03817262420677862
0,0,0.0003715122727515992
0,0,0.0001255379739776581
0,0,0.00040624303428554893
0,0,0.0004372869997820509
0,0,2.103823869205301e-05
0,0,0.00027467969554542015
0,0,4.9096769624454944e-05
0,0,3.524444643578846e-05
1,0,0.022324181033090355
0,0,0.0002603868570800195
0,0,5.9420679160011836e-05
0,0,0.0004837024807570525
0,0,0.0029172752354968564
0,0,0.0429915352870133
0,0,0.0004153895485410342
0,0,0.00042200683503875483
0,0,0.014133142376982242
0,0,0.00029613645452914133
0,0,0.0004576125443839619
0,0,0.0005762059309404157
0,0,0.00013737989131008043
0,0,0.08699713708691537
0,1,0.733486350283545
0,0,0.11973760225289234
0,0,0.12645353385650623
0,0,0.0018472034770524895
0,0,0.0003640669122303562
0,0,0.003801591879759586
0,0,3.503968544051326e-05
0,0,0.00010392864128846818
0,0,0.010988568889522743
0,0,0.13690391120487358
0,0,0.1880802894249652
0,0,0.2807029470619614
0,0,1.8594291599054834e-05
0,0,0.0006454443470417445
0,0,0.37679466260783673
0,0,0.0002653385585024307
0,0,0.00018190615323514543
0,0,6.2456748629853744e-06
0,0,0.007305027769824005
0,0,0.011354441332142773
0,0,0.0005259800725466191
0,0,0.04267118095012435
0,0,0.005185704727019746
0,0,1.0252568726728812e-05
0,0,0.0006503462341018671
0,0,9.438217653482943e-05
0,0,0.20442466321242478
1,1,0.9968204389829588
0,0,0.035910540945622155
0,0,0.011894469979129536
0,0,0.1667548410244153
0,0,0.00024654583004040845
0,0,1.528004025501732e-05
0,0,7.987272354798228e-05
0,0,0.08323746844250035
0,0,0.002027329451848324
0,0,0.19280210015934465
0,0,0.0001940326602221434
0,0,0.0031293696679493845
0,0,0.12714130261620504
0,0,0.006573883921810538
0,0,7.075557751720295e-06
0,0,0.04830211193320911
0,0,5.937767278422159e-06
1,0,0.05047496940435023
0,0,2.4901986107865215e-06
0,0,0.0007348008366242663
0,0,0.00022187353185689512
0,0,2.7254096054568515e-05
0,0,0.03670077598442361
0,0,0.00010092624198577278
0,0,0.0075633729786688175
0,0,0.001196660328161097
0,0,0.02010981314800629
0,0,0.0002765109111719621
0,0,0.0001688152634718395
0,0,0.00024308231016754647
0,0,0.00015331970135586847
0,0,0.193673480824082
0,0,0.0005934838557374715
0,0,0.007416852423213689
0,0,2.0120822057342845e-05
0,0,0.0007543731913413013
1,1,0.999960227188061
0,0,0.21870518795637867
0,0,0.0004070385883325756
0,0,0.006536318489418967
0,0,0.00023846595770631693
0,0,0.015079882614921374
0,0,0.18530222907241237
0,0,3.8471535480050205e-05
0,0,0.0031293696679493845
1,0,0.1144363624890873
0,0,0.00020575527554144143
0,0,0.03164140899752131
0,0,0.0004391545661344833
0,0,0.004315848121761421
0,0,0.00016497194571511996
0,0,0.01590072666956461
0,0,0.0007235750351068663
0,0,0.0003091525061687838
0,0,0.0007492107452949127
0,0,1.5255914303265375e-05
0,0,0.0002893639365557997
0,0,0.0003398365808429177
0,0,0.2252800976929108
0,0,0.013960843033597832
0,0,0.0997381190908187
0,0,0.00016403453884699615
0,0,0.10761673948847393
0,0,0.00033520270649929005
0,0,4.3470128665076324e-05
0,0,0.00029199485072746727
0,0,0.0003289518375684973
0,0,0.05702481566629283
0,0,0.003647839762235734
0,0,0.0001637607233901317
0,0,0.08164859355204758
0,0,0.0008587054878326986
0,0,0.10449745828309694
1,1,0.9993603855753476
0,0,0.0005937264486595762
0,0,1.318827730515956e-05
0,0,0.00041962991442620303
0,0,9.88780604945276e-07
0,0,0.27735186208503626
0,0,0.0004437151750830358
0,0,2.9576480776610312e-05
0,0,0.00016002022075982804
1,1,0.9999279580172333
1,0,0.3292239538176572
0,0,0.00028510585295735396
0,0,0.0006683464088201026
0,0,0.00991028332477929
0,0,4.782044252295507e-05
0,0,0.0011585594220805862
1,1,0.9999523659816338
0,0,8.956925301593613e-05
0,0,0.0007828952944956437
0,0,0.0001657886178802581
0,0,0.030544967783195025
0,0,0.12778592109776202
0,0,0.0004120226960623572
0,0,0.00030170905305359146
0,0,3.2630463003845656e-05
0,0,0.0048104893496017705
0,0,0.00018964363976605234
0,0,4.868303202142839e-05
0,0,0.006633347787609987
0,0,0.003302454150593132
1,0,0.3700314248967508
0,0,4.79162914435106e-05
1,0,0.06977294677493553
0,0,0.0030648879425182233
0,0,3.9897880993096605e-05
0,0,0.0005928655170873834
0,0,0.03986572619855043
0,0,0.00027978709357948014
0,0,2.6577133047659847e-05
0,0,0.039367267491102746
0,0,0.00388922497091326
0,0,1.161594103686275e-05
0,0,0.00016301380458065117
0,0,0.0005292284498524874
0,0,0.0006808983425560815
0,0,0.08979078694057845
0,0,0.00898185835783624
0,0,0.00028257478876602397
0,0,0.0006222292729059154
0,0,9.473954806022782e-05
0,0,0.00041874346069219686
0,0,0.00015113111394367363
0,0,9.345994461343358e-05
0,0,0.0014356556149862495
0,0,0.009378680217244454
0,0,0.001605951895824595
0,0,0.3642543387917465
0,0,0.02035531144189693
0,0,4.6264585270316663e-05
0,0,0.06953042647487338
0,0,0.00017333370212304066
0,0,0.34842680348120264
1,0,0.20634009770023085
0,0,0.001287798722353356
0,0,0.0010006029847429
1,0,0.2272020959207128
0,0,0.0005505908103986474
0,0,0.02783031371043481
0,0,0.0011980877941233441
0,0,0.0006321562432962332
0,0,0.4283760486954716
0,0,0.0015734108772539434
0,0,0.00016637902670601327
1,1,0.9984380237465459
0,0,0.029881892242571716
0,0,0.022891380120839428
0,0,0.00030032053570399996
0,0,0.00011018649791353696
0,0,7.768306359269858e-05
0,0,0.20567371341450752
0,0,0.00013874805142926946
0,0,0.00011685871272335818
0,0,4.8535501151894054e-05
0,0,0.08563627670441477
0,0,0.02245563550174914
0,0,0.00047486795037824894
0,0,0.19133858490567646
0,0,0.010504380243832294
0,0,0.0004778370871453836
0,0,7.445957572062646e-05
0,0,6.251242167993694e-05
0,0,0.274605044557102
0,0,2.6304021395792802e-05
0,0,0.0189785049065121
0,0,0.1258191911964643
0,0,0.019849043342422937
0,0,0.0006693876333853155
0,0,0.003122752779619408
0,0,0.00033824912316276503
0,0,0.009355073242990883
0,0,0.017933580003173688
0,0,0.0007979371029730968
0,0,0.09066175868679673
0,0,2.0464682059856767e-05
0,0,5.669457000675081e-06
0,0,0.03810870697378156
0,0,0.0003265131461943054
0,0,2.7429061654668974e-05
1,0,0.045765391098022266
0,0,0.05860603826387779
0,0,9.466910691208918e-05
0,0,0.07480705702569769
1,1,0.9989245974298405
0,0,0.0001304787351204827
0,0,0.0006438745008430375
0,0,0.00014752967498116425
0,0,0.0331589953488797
0,0,0.0010898010028876515
0,0,0.0002485802080516441
0,0,0.00043600388020705337
0,0,0.10943239894929853
0,0,0.0004920779103363231
0,0,0.0013019876849875006
0,0,0.00018993619992934872
0,0,0.2814092216635341
0,0,0.002107285914056344
0,0,0.0003440397494154857
0,0,0.0020688478218777867
0,0,8.95896512415086e-05
0,0,0.00024527149166527547
0,0,0.1597280254580143
0,0,0.007819845888059944
0,0,0.0024496738214599494
0,0,0.00860502623165097
0,0,0.00017880501105139372
0,0,0.0004586120227866606
0,0,5.535182415643884e-05
0,0,3.7001288799160734e-05
0,0,0.0005783591449980655
0,0,0.00944740582345329
1,1,0.9996721471452361
0,0,0.08304765955149342
0,0,0.10404124475765059
1,0,0.07921576202113782
0,0,0.000129949295523118
0,0,0.0002742988693110477
0,0,0.00039254522920103207
0,0,0.00020011478546678782
0,0,0.28834176534086786
0,0,0.00019160766105963455
0,0,7.987272354798228e-05
0,0,0.09256262645508948
0,0,4.730564973892391e-06
0,0,5.041490691428119e-05
0,0,0.0002223576900249626
0,0,0.0002330822070244411
0,0,0.06470691139972745
0,0,0.0002647928506013718
0,0,4.268426756611679e-05
0,0,2.01398054609072e-05
1,1,0.9981540198696246
1,1,0.9970383376571218
0,0,0.00037930307245021873
0,0,0.09515176735040506
0,0,0.15675096043502906
0,0,0.0002648405778034664
0,0,0.10711540725770866
0,0,0.0003031539445172293
1,1,0.9982215587886548
0,1,0.5389297398566854
0,0,0.00010359507523797157
0,0,9.157363191048915e-06
0,0,0.0003877031825412558
0,0,0.0025931476706693986
0,0,5.679431643064242e-05
0,0,0.23766386517578142
